CustomerID,Gender,Senior Citizen,Partner,Dependents,Tenure Months,Contract,Monthly Charges,Churn_Probability,Churn_Risk_Band
2254-DLXRI,Female,No,No,No,1,Month-to-month,79.15,0.9407,Very High
2545-EBUPK,Female,Yes,No,No,2,Month-to-month,84.05,0.9086,Very High
1452-VOQCH,Male,No,No,No,1,Month-to-month,75.1,0.8926,Very High
4912-PIGUY,Female,No,No,No,1,Month-to-month,84.6,0.8844,Very High
4927-WWOOZ,Male,No,Yes,No,2,Month-to-month,91.45,0.8791,Very High
4445-ZJNMU,Male,No,No,No,9,Month-to-month,99.3,0.8789,Very High
1628-BIZYP,Male,No,No,No,1,Month-to-month,85.0,0.8729,Very High
5043-TRZWM,Female,No,No,No,1,Month-to-month,75.55,0.8712,Very High
8622-ZLFKO,Female,No,Yes,No,6,Month-to-month,90.75,0.8652,Very High
8161-QYMTT,Male,No,No,No,7,Month-to-month,94.1,0.862,Very High
0021-IKXGC,Female,Yes,No,No,1,Month-to-month,72.1,0.8588,Very High
3489-HHPFY,Female,No,Yes,No,2,Month-to-month,84.05,0.8576,Very High
7577-SWIFR,Male,No,No,No,1,Month-to-month,89.25,0.8553,Very High
6630-UJZMY,Female,Yes,Yes,No,4,Month-to-month,83.25,0.855,Very High
2754-SDJRD,Female,Yes,No,No,8,Month-to-month,100.15,0.8464,Very High
5150-ITWWB,Male,Yes,No,No,3,Month-to-month,94.85,0.8388,Very High
8775-ERLNB,Male,Yes,Yes,No,1,Month-to-month,74.3,0.8343,Very High
7439-DKZTW,Male,No,No,No,1,Month-to-month,80.55,0.8297,Very High
1393-IMKZG,Female,No,No,No,1,Month-to-month,95.85,0.8294,Very High
9957-YODKZ,Male,Yes,Yes,No,6,Month-to-month,80.8,0.8256,Very High
4132-KALRO,Female,No,No,No,4,Month-to-month,100.85,0.8218,Very High
6969-MVBAI,Female,Yes,No,No,9,Month-to-month,90.1,0.8209,Very High
3422-GALYP,Male,No,No,No,2,Month-to-month,79.45,0.8145,Very High
9603-OAIHC,Male,Yes,No,No,1,Month-to-month,70.05,0.8122,Very High
5542-TBBWB,Male,No,No,No,1,Month-to-month,69.9,0.81,Very High
4813-HQMGZ,Female,No,Yes,No,8,Month-to-month,90.25,0.8079,Very High
2215-ZAFGX,Male,No,No,No,9,Month-to-month,85.5,0.8079,Very High
7465-ZZRVX,Male,No,No,No,1,Month-to-month,70.35,0.8076,Very High
3878-AVSOQ,Female,Yes,No,No,1,Month-to-month,71.25,0.8069,Very High
3462-BJQQA,Female,No,No,No,6,Month-to-month,89.75,0.8066,Very High
8739-XNIKG,Female,No,No,No,5,Month-to-month,84.0,0.8004,Very High
9605-WGJVW,Female,Yes,No,No,1,Month-to-month,70.2,0.7994,Very High
1640-PLFMP,Female,No,No,No,1,Month-to-month,70.25,0.7946,Very High
7398-SKNQZ,Female,No,Yes,No,3,Month-to-month,94.9,0.791,Very High
8309-IEYJD,Female,Yes,No,No,1,Month-to-month,70.6,0.7902,Very High
9334-GWGOW,Male,Yes,Yes,No,7,Month-to-month,74.85,0.7773,Very High
4298-OYIFC,Male,No,Yes,No,15,Month-to-month,103.45,0.7763,Very High
7363-QTBIW,Female,No,Yes,No,9,Month-to-month,79.75,0.7759,Very High
2077-MPJQO,Male,Yes,Yes,No,7,Month-to-month,75.4,0.7744,Very High
9617-INGJY,Male,No,No,No,1,Month-to-month,70.6,0.7702,Very High
7858-GTZSP,Female,No,No,No,12,Month-to-month,86.55,0.7666,Very High
3320-VEOYC,Male,Yes,No,No,14,Month-to-month,95.6,0.7597,Very High
1173-XZPYF,Female,No,No,No,11,Month-to-month,89.2,0.7589,Very High
3295-YVUSR,Male,Yes,No,No,2,Month-to-month,72.6,0.7574,Very High
7994-UYIVZ,Male,No,Yes,No,8,Month-to-month,85.65,0.7563,Very High
8356-WUAOJ,Female,No,Yes,No,1,Month-to-month,45.0,0.7561,Very High
5032-MIYKT,Female,No,No,No,1,Month-to-month,70.7,0.7554,Very High
0722-SVSFK,Female,No,No,No,7,Month-to-month,100.4,0.7502,Very High
6229-LSCKB,Male,Yes,No,No,6,Month-to-month,79.7,0.7451,High
1197-BVMVG,Female,Yes,No,No,4,Month-to-month,74.45,0.7431,High
0365-BZUWY,Male,No,Yes,No,17,Month-to-month,102.55,0.7419,High
4559-UWIHT,Male,No,Yes,No,14,Month-to-month,82.65,0.7411,High
1200-TUZHR,Female,Yes,No,No,8,Month-to-month,85.2,0.74,High
2262-SLNVK,Female,No,No,No,1,Month-to-month,70.1,0.7374,High
6215-NQCPY,Male,No,No,No,15,Month-to-month,99.7,0.7359,High
4234-XTNEA,Male,No,No,No,2,Month-to-month,79.95,0.7346,High
6127-IYJOZ,Male,Yes,No,No,1,Month-to-month,45.85,0.7332,High
0187-QSXOE,Male,Yes,Yes,No,7,Month-to-month,89.0,0.7329,High
4090-KPJIP,Female,No,No,No,3,Month-to-month,74.95,0.7322,High
3338-CVVEH,Male,No,No,No,12,Month-to-month,94.55,0.7307,High
9741-YLNTD,Male,No,No,No,6,Month-to-month,87.95,0.7269,High
1746-TGTWV,Male,No,Yes,No,1,Month-to-month,75.35,0.7249,High
5429-LWCMV,Female,No,No,No,12,Month-to-month,89.15,0.7202,High
9919-KNPOO,Female,No,Yes,No,21,Month-to-month,94.3,0.719,High
9094-AZPHK,Female,No,No,No,15,Month-to-month,100.15,0.7179,High
3384-CTMSF,Male,No,Yes,No,47,Month-to-month,104.1,0.714,High
4847-TAJYI,Female,Yes,No,No,6,Month-to-month,89.35,0.7136,High
0840-DFEZH,Female,No,No,No,7,Month-to-month,75.35,0.7129,High
4929-XIHVW,Male,Yes,Yes,No,2,Month-to-month,95.5,0.7117,High
2674-MIAHT,Female,No,No,No,4,Month-to-month,80.3,0.7114,High
4060-LDNLU,Male,No,No,No,7,Month-to-month,96.2,0.7103,High
2876-GZYZC,Female,No,No,No,13,Month-to-month,85.95,0.7094,High
6860-YRJZP,Male,Yes,No,No,9,Month-to-month,74.05,0.7093,High
4395-PZMSN,Male,Yes,No,No,5,Month-to-month,85.55,0.7087,High
3096-GKWEB,Male,No,Yes,No,18,Month-to-month,94.75,0.7083,High
4115-NZRKS,Female,Yes,No,No,7,Month-to-month,89.15,0.7069,High
6116-RFVHN,Female,No,Yes,No,34,Month-to-month,100.45,0.7064,High
1751-NCDLI,Male,Yes,Yes,No,46,Month-to-month,98.85,0.7062,High
7365-BVCJH,Male,No,No,No,1,Month-to-month,24.4,0.7061,High
4706-DGAHW,Male,Yes,No,No,1,Month-to-month,45.2,0.7051,High
6185-TASNN,Male,Yes,No,No,1,Month-to-month,46.3,0.7051,High
6856-RAURS,Female,No,No,No,2,Month-to-month,74.9,0.7032,High
8040-MNRTF,Female,No,No,No,1,Month-to-month,71.1,0.7016,High
5348-CAGXB,Male,No,No,No,12,Month-to-month,89.55,0.7012,High
3317-VLGQT,Female,No,Yes,No,14,Month-to-month,78.1,0.701,High
9840-EFJQB,Female,No,No,No,1,Month-to-month,74.35,0.7003,High
5937-EORGB,Male,Yes,Yes,No,15,Month-to-month,96.5,0.7001,High
3199-XGZCY,Female,No,No,No,8,Month-to-month,75.25,0.7,High
8541-QVFKM,Female,No,No,No,8,Month-to-month,73.5,0.7,High
3030-YDNRM,Male,No,No,No,8,Month-to-month,74.85,0.6993,High
7590-VHVEG,Female,No,Yes,No,1,Month-to-month,29.85,0.698,High
0168-XZKBB,Female,No,Yes,No,19,Month-to-month,86.85,0.6975,High
5129-JLPIS,Male,No,No,No,25,Month-to-month,105.5,0.6971,High
5995-SNNEW,Male,Yes,Yes,No,23,Month-to-month,104.45,0.6968,High
9290-SHCMB,Female,Yes,No,No,13,Month-to-month,96.85,0.6967,High
4633-MKHYU,Female,No,No,No,9,Month-to-month,88.4,0.6954,High
4884-ZTHVF,Female,Yes,No,No,8,Month-to-month,87.1,0.6954,High
3841-CONLJ,Female,No,Yes,No,1,Month-to-month,35.0,0.6939,High
6407-UTSLV,Female,Yes,No,No,2,Month-to-month,83.8,0.6933,High
7952-OBOYL,Male,No,No,No,3,Month-to-month,89.85,0.6931,High
6362-QHAFM,Male,No,Yes,No,42,One year,108.3,0.6917,High
3312-UUMZW,Male,No,Yes,No,32,Month-to-month,98.85,0.6906,High
2371-JQHZZ,Male,No,Yes,No,24,Month-to-month,93.0,0.6901,High
6350-XFYGW,Male,Yes,No,No,4,Month-to-month,94.75,0.69,High
2123-AGEEN,Female,Yes,No,No,7,Month-to-month,84.35,0.6898,High
6435-SRWBJ,Female,No,No,No,5,Month-to-month,82.75,0.6868,High
0420-HLGXF,Female,Yes,No,No,39,Month-to-month,99.75,0.6861,High
6357-JJPQT,Female,No,No,No,3,Month-to-month,80.5,0.6846,High
3197-ARFOY,Female,Yes,No,No,19,Month-to-month,105.0,0.6845,High
3318-NMQXL,Male,No,No,No,3,Month-to-month,92.0,0.6843,High
3452-GWUIN,Female,Yes,Yes,No,19,Month-to-month,94.95,0.6837,High
4536-PLEQY,Male,No,Yes,No,12,Month-to-month,85.05,0.6812,High
2135-DQWAQ,Female,No,No,No,5,Month-to-month,85.3,0.6805,High
8313-NDOIA,Female,No,No,No,24,Month-to-month,104.15,0.6804,High
5628-FCGYG,Male,No,No,No,21,Month-to-month,84.1,0.6797,High
0434-CSFON,Female,No,Yes,No,47,Month-to-month,100.5,0.6793,High
5216-WASFJ,Female,Yes,Yes,No,31,Month-to-month,84.85,0.6784,High
5117-IFGPS,Male,Yes,Yes,No,29,Month-to-month,84.3,0.6773,High
7321-VGNKU,Female,No,Yes,No,2,Month-to-month,70.35,0.6771,High
5382-SOYZL,Male,No,No,No,22,Month-to-month,95.1,0.6753,High
2675-DHUTR,Male,Yes,Yes,No,58,Month-to-month,98.9,0.6752,High
8132-YPVBX,Female,No,No,No,6,Month-to-month,85.95,0.6741,High
7668-XCFYV,Female,Yes,Yes,No,17,Month-to-month,92.55,0.6737,High
5956-YHHRX,Male,Yes,No,No,21,Month-to-month,104.35,0.6722,High
7315-WYOAW,Male,No,No,No,13,Month-to-month,100.75,0.672,High
7392-YYPYJ,Male,No,No,No,22,Month-to-month,100.65,0.6719,High
8087-LGYHQ,Male,No,No,No,9,Month-to-month,94.05,0.6717,High
9822-OAOVB,Female,No,No,No,1,Month-to-month,55.45,0.6702,High
7044-YAACC,Male,Yes,Yes,No,4,Month-to-month,70.2,0.6698,High
8903-WMRNW,Female,No,Yes,No,15,Month-to-month,101.75,0.6685,High
4749-OJKQU,Female,No,No,No,4,Month-to-month,75.65,0.667,High
7225-CBZPL,Male,Yes,Yes,No,17,Month-to-month,94.8,0.6669,High
4686-UXDML,Female,No,No,No,21,Month-to-month,99.85,0.6659,High
1960-UYCNN,Male,No,No,No,10,Month-to-month,95.25,0.6654,High
8242-SOQUO,Female,Yes,No,No,5,Month-to-month,84.7,0.6643,High
7394-LWLYN,Female,No,No,No,2,Month-to-month,70.15,0.6632,High
3427-GGZZI,Female,No,Yes,No,19,Month-to-month,89.1,0.6625,High
9927-DSWDF,Male,No,Yes,No,22,Month-to-month,104.6,0.6622,High
2799-ARNLO,Female,Yes,Yes,No,5,Month-to-month,69.35,0.6619,High
5599-HVLTW,Female,Yes,No,No,14,Month-to-month,80.35,0.6611,High
6048-QBXKL,Female,Yes,No,No,2,Month-to-month,56.55,0.6589,High
6734-GMPVK,Male,No,No,No,5,Month-to-month,105.3,0.6588,High
3420-YJLQT,Female,No,No,No,2,Month-to-month,79.55,0.6587,High
7181-OQCUT,Male,No,No,No,21,Month-to-month,103.85,0.6569,High
5935-FCCNB,Female,Yes,No,No,17,Month-to-month,94.2,0.6563,High
3411-WLRSQ,Female,Yes,Yes,No,3,Month-to-month,74.6,0.6553,High
2880-FPNAE,Male,Yes,Yes,No,2,Month-to-month,74.2,0.6549,High
4301-VVZKA,Male,No,Yes,No,16,Month-to-month,75.4,0.6535,High
8873-GLDMH,Female,No,No,No,6,Month-to-month,73.85,0.6533,High
9717-QEBGU,Male,No,No,No,2,Month-to-month,70.3,0.6528,High
5606-AMZBO,Female,No,Yes,No,10,Month-to-month,78.15,0.6522,High
6851-WEFYX,Male,Yes,Yes,No,35,Month-to-month,100.8,0.6509,High
4482-EWFMI,Female,No,No,No,2,Month-to-month,69.7,0.6506,High
5501-TVMGM,Male,No,No,No,1,Month-to-month,55.25,0.6499,High
3292-PBZEJ,Male,Yes,No,No,11,Month-to-month,111.4,0.6493,High
8875-AKBYH,Male,Yes,No,No,20,Month-to-month,84.35,0.6486,High
5701-YVSVF,Female,Yes,Yes,No,11,Month-to-month,82.9,0.6483,High
4853-OITSN,Male,No,Yes,No,5,Month-to-month,89.15,0.6477,High
5331-RGMTT,Male,Yes,Yes,No,54,Month-to-month,99.05,0.6472,High
4123-DVHPH,Male,No,Yes,No,9,Month-to-month,88.05,0.6472,High
4059-IIEBK,Female,No,No,No,7,Month-to-month,78.55,0.6462,High
7354-OIJLX,Male,No,No,No,9,Month-to-month,75.85,0.6461,High
5928-QLDHB,Male,No,No,No,9,Month-to-month,76.25,0.6461,High
8720-RQSBJ,Male,Yes,No,No,1,Month-to-month,44.0,0.6461,High
2235-DWLJU,Female,Yes,No,No,6,Month-to-month,44.4,0.6452,High
1104-TNLZA,Male,Yes,Yes,No,28,Month-to-month,105.8,0.6448,High
2985-FMWYF,Female,No,No,No,23,Month-to-month,93.5,0.6445,High
9360-OMDZZ,Male,No,No,No,24,Month-to-month,94.1,0.6437,High
0817-HSUSE,Male,No,No,No,1,Month-to-month,75.5,0.6423,High
9752-ZNQUT,Female,No,No,No,1,Month-to-month,48.6,0.6413,High
2897-DOVND,Male,No,No,No,2,Month-to-month,69.8,0.64,High
9799-CAYJJ,Female,Yes,Yes,No,2,Month-to-month,69.3,0.6397,High
9050-IKDZA,Female,Yes,No,No,2,Month-to-month,81.5,0.6394,High
1666-JXLKU,Female,No,No,No,37,Month-to-month,100.05,0.639,High
4770-UEZOX,Male,No,No,No,2,Month-to-month,74.75,0.6384,High
1078-TDCRN,Female,Yes,Yes,No,3,Month-to-month,30.75,0.6381,High
3496-LFSZU,Male,No,Yes,No,4,Month-to-month,70.5,0.6372,High
9133-AYJZG,Female,No,No,No,23,Month-to-month,98.7,0.635,High
8107-KNCIM,Male,Yes,Yes,No,14,Month-to-month,75.1,0.6334,High
3566-HJGPK,Male,No,No,No,1,Month-to-month,45.55,0.6322,High
5133-POWUA,Male,No,No,No,1,Month-to-month,45.8,0.6322,High
0674-EYYZV,Female,No,No,No,1,Month-to-month,54.65,0.6322,High
2740-TVLFN,Male,No,No,No,1,Month-to-month,50.15,0.6303,High
4521-YEEHE,Female,No,Yes,No,18,Month-to-month,88.85,0.6302,High
1219-NNDDO,Female,No,No,No,9,Month-to-month,76.85,0.6301,High
2275-RBYQS,Female,No,No,No,1,Month-to-month,45.4,0.6295,High
6242-MBHPK,Female,Yes,Yes,No,23,Month-to-month,95.1,0.6282,High
9696-RMYBA,Male,No,No,No,5,Month-to-month,80.1,0.6277,High
7402-EYFXX,Male,Yes,No,No,26,Month-to-month,93.6,0.6275,High
0018-NYROU,Female,No,Yes,No,5,Month-to-month,68.95,0.6274,High
2800-QQUSO,Male,No,No,No,42,Month-to-month,100.3,0.6273,High
2789-HQBOU,Male,No,No,No,3,Month-to-month,80.35,0.627,High
2905-KFQUV,Female,No,Yes,No,2,Month-to-month,70.4,0.6269,High
3050-GBUSH,Female,No,No,No,3,Month-to-month,34.8,0.6265,High
6267-DCFFZ,Female,Yes,Yes,No,30,Month-to-month,90.05,0.626,High
0928-JMXNP,Male,Yes,Yes,No,4,Month-to-month,29.9,0.6252,High
6077-BDPXA,Female,No,No,No,3,Month-to-month,70.15,0.625,High
8648-PFRMP,Female,Yes,No,No,14,Month-to-month,46.35,0.6241,High
6158-HDPXZ,Male,No,No,No,1,Month-to-month,25.35,0.6238,High
2080-CAZNM,Female,Yes,No,No,41,Month-to-month,104.4,0.6237,High
6542-LWGXJ,Male,No,Yes,No,3,Month-to-month,25.0,0.6229,High
2959-FENLU,Female,No,No,No,9,Month-to-month,85.3,0.6219,High
0848-ZGQIJ,Female,No,Yes,No,16,Month-to-month,94.65,0.6218,High
2107-FBPTK,Female,Yes,No,No,30,Month-to-month,104.1,0.6218,High
6705-LXORM,Female,Yes,Yes,No,5,Month-to-month,70.05,0.6212,High
2665-NPTGL,Female,Yes,Yes,No,26,Month-to-month,98.1,0.6204,High
7901-TBKJX,Male,Yes,No,No,56,Month-to-month,101.05,0.6203,High
7823-JSOAG,Male,No,No,No,3,Month-to-month,74.5,0.6192,High
3370-HXOPH,Female,No,No,No,3,Month-to-month,76.1,0.6188,High
1028-FFNJK,Male,Yes,Yes,No,30,Month-to-month,101.5,0.6186,High
0411-EZJZE,Female,No,No,No,3,Month-to-month,60.25,0.6169,High
2809-ZMYOQ,Female,No,No,No,32,Month-to-month,101.35,0.6145,High
0224-RLWWD,Female,Yes,No,No,2,Month-to-month,44.3,0.614,High
5760-IFJOZ,Male,No,No,No,3,Month-to-month,107.95,0.6138,High
1833-TCXKK,Male,No,Yes,No,45,Month-to-month,107.75,0.6129,High
8035-PWSEV,Female,No,No,No,6,Month-to-month,89.25,0.6125,High
0248-IPDFW,Female,No,No,No,1,Month-to-month,50.1,0.6122,High
2688-BHGOG,Male,Yes,No,No,9,Month-to-month,79.55,0.6112,High
1766-GKNMI,Male,No,No,No,29,Month-to-month,84.9,0.6096,High
2424-WVHPL,Male,Yes,No,No,1,Month-to-month,74.7,0.6081,High
0644-OQMDK,Male,Yes,No,No,4,Month-to-month,70.65,0.6078,High
5692-ICXLW,Male,Yes,No,No,31,Month-to-month,90.7,0.6058,High
5405-ZMYXQ,Female,No,No,No,8,Month-to-month,74.6,0.6057,High
0196-JTUQI,Female,No,No,No,9,Month-to-month,75.2,0.6057,High
5440-VHLUL,Male,No,No,No,69,One year,105.2,0.6055,High
2369-FEVNO,Male,No,No,No,1,Month-to-month,19.9,0.6053,High
7206-PQBBZ,Male,Yes,Yes,No,11,Month-to-month,70.2,0.6041,High
9633-XQABV,Female,No,No,No,3,Month-to-month,70.25,0.6038,High
2694-CIUMO,Female,No,No,No,12,Month-to-month,79.55,0.6023,High
7426-RHZGU,Male,No,No,No,9,Month-to-month,95.9,0.6014,High
0396-YCHWO,Male,No,Yes,No,36,Month-to-month,95.4,0.6005,High
0447-RXSGD,Male,No,No,No,24,Month-to-month,99.65,0.6,High
4062-HBMOS,Male,No,No,No,52,Month-to-month,103.05,0.5995,High
0480-BIXDE,Female,No,Yes,No,19,Month-to-month,96.8,0.5986,High
3518-PZXZQ,Female,No,Yes,No,1,Month-to-month,55.3,0.598,High
2969-QWUBZ,Female,No,No,No,2,Month-to-month,51.4,0.5979,High
5044-LRQAQ,Female,No,Yes,No,7,Month-to-month,69.2,0.597,High
0432-CAJZV,Male,No,No,No,3,Month-to-month,90.7,0.5964,High
2439-LYPMQ,Male,Yes,Yes,No,38,Month-to-month,102.6,0.596,High
6128-AQBMT,Male,Yes,Yes,No,41,Month-to-month,53.95,0.5953,High
1319-YLZJG,Male,No,Yes,No,12,Month-to-month,84.6,0.595,High
6519-CFDBX,Female,No,No,No,2,Month-to-month,45.4,0.5945,High
7245-NIIWQ,Female,No,No,No,3,Month-to-month,69.85,0.5944,High
5119-NZPTV,Male,Yes,Yes,No,2,Month-to-month,70.1,0.5941,High
9279-CJEOJ,Female,Yes,No,No,21,Month-to-month,95.4,0.5933,High
4661-NJEUX,Male,No,No,No,1,Month-to-month,20.05,0.5931,High
9121-PHQSR,Male,Yes,Yes,No,16,Month-to-month,85.05,0.5929,High
3005-TYFRD,Female,No,Yes,No,55,Month-to-month,103.65,0.5926,High
4815-GBTCD,Female,No,Yes,No,4,Month-to-month,25.15,0.5919,High
6496-JDSSB,Female,No,No,No,8,Month-to-month,80.0,0.5918,High
1469-LBJQJ,Female,No,Yes,No,66,Month-to-month,105.2,0.5914,High
9743-DQKQW,Male,No,No,No,3,Month-to-month,25.1,0.5912,High
3211-AAPKX,Male,No,No,No,20,Month-to-month,98.55,0.5905,High
1508-DFXCU,Male,No,No,No,12,Month-to-month,81.45,0.5887,High
0899-LIIBW,Male,No,Yes,No,34,Month-to-month,100.85,0.5885,High
8224-DWCKX,Male,Yes,No,No,12,Month-to-month,73.3,0.5874,High
1251-STYSZ,Female,Yes,No,No,4,Month-to-month,80.25,0.5868,High
8714-CTZJW,Female,No,No,No,4,Month-to-month,82.85,0.5866,High
6918-UMQCG,Female,No,No,No,5,Month-to-month,80.2,0.586,High
6986-IXNDM,Male,No,No,No,14,Month-to-month,92.9,0.5859,High
2187-PKZAY,Male,No,No,No,12,Month-to-month,79.95,0.5857,High
8705-WZCYL,Male,No,No,No,1,Month-to-month,44.8,0.5854,High
4373-VVHQL,Male,No,No,No,1,Month-to-month,44.75,0.5854,High
4450-DLLMH,Male,No,No,No,2,Month-to-month,71.3,0.5848,High
0410-IPFTY,Female,No,Yes,No,31,Month-to-month,83.85,0.5845,High
0585-EGDDA,Male,No,Yes,No,40,Month-to-month,80.0,0.5841,High
1932-UEDCX,Male,Yes,Yes,No,33,Month-to-month,100.6,0.584,High
6198-RTPMF,Female,No,Yes,No,17,Month-to-month,92.6,0.5829,High
5399-ZIMKF,Male,No,No,No,5,Month-to-month,74.65,0.5829,High
6583-KQJLK,Female,Yes,Yes,No,15,Month-to-month,94.65,0.5828,High
7442-YGZFK,Male,No,No,No,1,Month-to-month,49.8,0.5802,High
6260-ONULR,Male,No,No,No,1,Month-to-month,62.8,0.58,High
0749-IRGQE,Female,Yes,Yes,No,13,Month-to-month,45.3,0.58,High
9058-MJLZC,Female,No,No,No,24,Month-to-month,94.6,0.5792,High
8325-QRPZR,Female,No,No,No,7,Month-to-month,75.15,0.5791,High
3420-ZDBMA,Male,Yes,No,No,5,Month-to-month,71.45,0.5786,High
5442-BHQNG,Female,No,No,No,2,Month-to-month,70.35,0.5783,High
4854-CIDCF,Female,Yes,No,No,3,Month-to-month,73.85,0.5781,High
3995-WFCSM,Female,No,No,No,2,Month-to-month,60.85,0.5778,High
5183-SNMJQ,Male,No,No,No,10,Month-to-month,95.1,0.5768,High
4273-MBHYA,Female,No,No,Yes,1,Month-to-month,89.35,0.5765,High
2468-SJFLM,Male,No,No,No,1,Month-to-month,74.3,0.5754,High
2081-VEYEH,Male,No,No,No,3,Month-to-month,107.95,0.5743,High
0988-JRWWP,Female,No,No,No,3,Month-to-month,54.2,0.5715,High
8709-KRDVL,Female,No,No,No,33,Month-to-month,100.0,0.5709,High
1475-VWVDO,Male,No,No,No,7,Month-to-month,74.9,0.5705,High
3914-FDRHP,Male,No,No,No,9,Month-to-month,86.25,0.57,High
9588-OZDMQ,Female,No,Yes,No,2,Month-to-month,45.0,0.5697,High
9992-UJOEL,Male,No,No,No,2,Month-to-month,50.3,0.5696,High
0793-TWELN,Female,No,No,No,4,Month-to-month,80.15,0.5689,High
3904-UKFRE,Male,No,No,No,4,Month-to-month,80.1,0.568,High
4291-SHSBH,Male,No,No,No,7,Month-to-month,69.55,0.567,High
9402-ORRAH,Female,Yes,No,No,15,Month-to-month,91.5,0.5663,High
5365-LLFYV,Female,No,No,No,2,Month-to-month,45.85,0.5648,High
7422-WNBTY,Male,No,Yes,No,33,Month-to-month,93.35,0.5643,High
6212-ATMLK,Female,No,No,No,50,Month-to-month,95.7,0.5627,High
2203-GHNWN,Female,No,Yes,No,24,Month-to-month,79.65,0.5604,High
0225-ZORZP,Male,No,No,No,3,Month-to-month,84.3,0.5603,High
9244-ZVAPM,Male,No,No,No,1,Month-to-month,45.6,0.5603,High
7537-RBWEA,Female,No,No,No,1,Month-to-month,25.15,0.5594,High
4367-NHWMM,Female,No,No,No,1,Month-to-month,24.9,0.5594,High
1016-DJTSV,Male,Yes,No,No,8,Month-to-month,69.7,0.5585,High
0147-ESWWR,Female,Yes,Yes,No,39,Month-to-month,101.25,0.5581,High
6582-OIVSP,Female,No,No,No,1,Month-to-month,45.3,0.5574,High
7754-IXRMC,Female,No,No,No,1,Month-to-month,45.35,0.5574,High
7252-NTGSS,Female,No,No,No,1,Month-to-month,45.15,0.5574,High
8270-RKSAP,Male,No,No,No,9,Month-to-month,70.5,0.5574,High
2761-XECQW,Male,Yes,Yes,No,8,Month-to-month,43.35,0.5562,High
8564-LDKFL,Male,No,Yes,No,40,One year,106.0,0.5556,High
7517-LDMPS,Female,No,No,No,12,Month-to-month,84.6,0.5555,High
4546-FOKWR,Female,No,No,No,16,Month-to-month,74.75,0.5547,High
4128-ETESU,Female,Yes,Yes,No,47,Month-to-month,99.7,0.5528,High
7379-FNIUJ,Male,No,No,No,2,Month-to-month,100.2,0.5527,High
3413-BMNZE,Male,Yes,No,No,1,Month-to-month,45.25,0.5525,High
4299-SIMNS,Male,No,No,No,9,Month-to-month,81.15,0.5524,High
3481-JHUZH,Male,No,Yes,No,41,Month-to-month,80.25,0.5493,High
6339-YPSAH,Male,No,No,No,9,Month-to-month,73.8,0.5492,High
2800-VEQXM,Female,No,No,No,3,Month-to-month,74.75,0.5486,High
2862-PFNIK,Male,No,No,Yes,1,Month-to-month,24.7,0.5479,High
6923-JHPMP,Female,No,No,No,2,Month-to-month,80.45,0.5478,High
5857-TYBCJ,Male,Yes,Yes,No,44,Month-to-month,89.2,0.547,High
3587-PMCOY,Male,No,No,No,10,One year,98.9,0.547,High
6507-ZJSUR,Male,Yes,Yes,No,23,Month-to-month,90.45,0.5465,High
4223-WOZCM,Male,Yes,No,No,2,Month-to-month,49.95,0.5462,High
9903-LYSAB,Male,No,Yes,No,18,Month-to-month,73.15,0.5456,High
8818-DOPVL,Female,Yes,No,No,46,Month-to-month,104.45,0.5454,High
2103-ZRXFN,Male,No,No,No,1,Month-to-month,50.75,0.5448,High
3966-HRMZA,Female,Yes,No,No,3,Month-to-month,75.05,0.5444,High
9129-UXERG,Female,Yes,No,No,18,Month-to-month,103.6,0.5441,High
3748-FVMZZ,Male,No,No,No,4,Month-to-month,40.05,0.5434,High
1013-QCWAM,Female,Yes,Yes,No,66,Month-to-month,100.8,0.5432,High
5091-HFAZW,Female,No,No,No,2,Month-to-month,91.15,0.5423,High
9208-OLGAQ,Female,Yes,No,No,18,Month-to-month,84.95,0.5422,High
2378-VTKDH,Male,Yes,Yes,No,65,Month-to-month,104.35,0.5412,High
8687-BAFGU,Male,No,No,No,1,Month-to-month,74.0,0.541,High
9773-PEQBZ,Male,No,No,No,10,Month-to-month,79.85,0.5404,High
2984-AFWNC,Female,No,No,No,3,Month-to-month,95.4,0.5387,High
4553-DVPZG,Female,No,Yes,No,62,Month-to-month,101.35,0.5383,High
9494-MRNYX,Male,No,No,No,10,Month-to-month,75.05,0.5373,High
2041-JIJCI,Female,No,No,No,5,Month-to-month,64.0,0.5371,High
5630-IXDXV,Female,No,No,No,47,Month-to-month,106.35,0.5369,High
0082-LDZUE,Male,No,No,No,1,Month-to-month,44.3,0.5365,High
5233-AOZUF,Female,No,Yes,No,29,Month-to-month,74.95,0.5361,High
2478-EEWWM,Male,No,Yes,No,59,Month-to-month,44.3,0.5358,High
4029-HPFVY,Male,No,No,No,3,Month-to-month,70.3,0.5357,High
9214-EKVXR,Female,No,No,No,1,Month-to-month,44.0,0.5348,High
1101-SSWAG,Female,No,Yes,No,15,Month-to-month,51.1,0.5341,High
9506-UXUSK,Male,No,No,No,13,Month-to-month,70.15,0.5339,High
4781-ZXYGU,Male,No,Yes,Yes,1,Month-to-month,20.15,0.5338,High
8266-VBFQL,Male,No,No,No,4,Month-to-month,90.4,0.5336,High
2043-WVTQJ,Male,No,Yes,No,1,Month-to-month,55.7,0.532,High
5016-IBERQ,Male,No,Yes,No,23,Month-to-month,84.25,0.5313,High
9168-INPSZ,Female,Yes,Yes,No,44,Month-to-month,104.15,0.531,High
3196-NVXLZ,Female,No,No,No,25,Month-to-month,84.6,0.5309,High
3798-EPWRR,Female,Yes,No,No,2,Month-to-month,43.95,0.5293,High
4727-MCYZG,Male,No,No,No,1,Month-to-month,55.55,0.5285,High
3365-SAIGS,Female,No,No,No,17,Month-to-month,83.55,0.5283,High
3807-XHCJH,Female,No,Yes,Yes,1,Month-to-month,20.0,0.5281,High
8710-YGLWG,Male,No,No,No,1,Month-to-month,44.9,0.5277,High
8950-MTZNV,Male,No,No,No,1,Month-to-month,44.95,0.5277,High
1928-BXYIV,Male,No,No,No,1,Month-to-month,61.15,0.5276,High
6907-FLBER,Male,No,No,No,1,Month-to-month,54.3,0.5273,High
4983-CCWMC,Male,No,No,No,3,Month-to-month,69.6,0.527,High
5647-FXOTP,Female,Yes,Yes,No,60,Month-to-month,105.9,0.527,High
5288-AHOUP,Male,Yes,No,No,11,Month-to-month,78.5,0.527,High
3466-RITXD,Male,No,No,No,26,Month-to-month,92.4,0.5267,High
1845-ZLLIG,Male,No,No,No,1,Month-to-month,50.15,0.5264,High
7233-DRTRF,Male,No,Yes,No,63,Month-to-month,102.4,0.5261,High
4741-WWJQZ,Female,No,Yes,No,2,Month-to-month,80.15,0.5258,High
2603-HVKCG,Male,No,No,No,31,Month-to-month,101.4,0.5247,High
9885-AIBVB,Male,No,Yes,No,29,Month-to-month,85.8,0.5246,High
0430-IHCDJ,Male,No,No,No,15,Month-to-month,49.0,0.5238,High
4647-MUZON,Female,No,Yes,No,18,Month-to-month,95.95,0.5237,High
1100-DDVRV,Male,No,Yes,No,17,Month-to-month,49.8,0.5221,High
5652-MSDEY,Female,No,No,No,10,Month-to-month,75.75,0.5218,High
2582-FFFZR,Female,No,No,No,22,Month-to-month,50.6,0.5196,High
2637-FKFSY,Female,No,Yes,No,3,Month-to-month,46.1,0.5196,High
8849-AYPTR,Male,No,Yes,No,33,Month-to-month,91.25,0.519,High
1478-VPOAD,Female,No,No,No,1,Month-to-month,43.8,0.5185,High
2038-OEQZH,Male,No,No,No,4,Month-to-month,86.05,0.518,High
7278-CKDNC,Male,Yes,No,No,24,Month-to-month,80.5,0.5178,High
4195-NZGTA,Female,No,No,No,1,Month-to-month,25.25,0.5176,High
3714-NTNFO,Female,No,No,No,49,Month-to-month,84.5,0.5175,High
1357-BIJKI,Male,No,Yes,No,50,One year,98.25,0.5169,High
6778-YSNIH,Female,No,No,No,2,Month-to-month,59.0,0.5158,High
1942-OQFRW,Male,No,No,No,1,Month-to-month,44.0,0.5142,High
0315-LVCRK,Male,No,No,No,11,Month-to-month,84.8,0.5138,High
3453-RTHJQ,Male,No,No,No,6,Month-to-month,69.1,0.5136,High
8617-ENBDS,Male,No,No,No,3,Month-to-month,73.6,0.5134,High
2971-SGAFL,Female,No,No,No,13,Month-to-month,78.75,0.5128,High
5989-PGKJB,Female,No,No,No,16,Month-to-month,86.25,0.5126,High
8785-CJSHH,Female,No,Yes,No,60,Month-to-month,99.8,0.5117,High
0491-KAPQG,Male,No,No,No,21,Month-to-month,73.7,0.5114,High
9450-TRJUU,Male,No,No,No,35,Month-to-month,83.15,0.5113,High
2105-PHWON,Female,No,Yes,No,33,Month-to-month,95.0,0.5111,High
3223-DWFIO,Male,Yes,No,No,4,Month-to-month,69.35,0.5107,High
1910-FMXJM,Female,No,Yes,No,36,Month-to-month,80.4,0.5107,High
7714-YXSMB,Female,No,No,No,26,Month-to-month,100.5,0.5104,High
3439-GVUSX,Male,No,No,No,1,Month-to-month,24.4,0.5102,High
3278-FSIXX,Female,No,No,No,2,Month-to-month,45.25,0.5098,High
2604-IJPDU,Female,No,Yes,No,20,Month-to-month,96.55,0.5097,High
6198-ZFIOJ,Female,No,No,No,5,Month-to-month,75.6,0.5091,High
3003-CMDUU,Female,No,Yes,No,25,Month-to-month,95.15,0.5079,High
7852-LECYP,Male,Yes,Yes,No,13,Month-to-month,93.8,0.5076,High
6557-BZXLQ,Male,Yes,No,No,16,Month-to-month,69.65,0.5076,High
5019-GQVCR,Male,Yes,No,No,43,Month-to-month,84.85,0.5074,High
5879-SESNB,Female,No,No,No,11,Month-to-month,75.25,0.5067,High
3951-NJCVI,Female,Yes,Yes,No,42,Month-to-month,95.05,0.5065,High
4537-DKTAL,Female,No,No,No,2,Month-to-month,45.55,0.5062,High
4176-FXYBO,Male,No,Yes,No,54,Month-to-month,109.55,0.506,High
0958-YHXGP,Female,No,No,No,7,Month-to-month,69.9,0.5055,High
8180-AKMJV,Female,No,No,No,1,Month-to-month,44.55,0.505,High
7298-IZWLY,Female,No,No,No,1,Month-to-month,19.4,0.5045,High
5650-YLIBA,Male,No,No,No,31,Month-to-month,81.15,0.503,High
8695-ARGXZ,Male,Yes,Yes,No,34,Month-to-month,75.55,0.5029,High
9093-FPDLG,Female,No,No,No,11,Month-to-month,94.2,0.5028,High
3717-OEAUQ,Male,No,No,No,2,Month-to-month,70.7,0.5028,High
8468-EHYJA,Female,No,Yes,No,57,Month-to-month,99.65,0.5027,High
3629-ZNKXA,Male,Yes,No,No,17,Month-to-month,101.8,0.5027,High
9572-WUKSB,Male,No,Yes,No,3,Month-to-month,29.9,0.502,High
3771-PZOBW,Male,No,No,No,20,Month-to-month,90.7,0.5019,High
1754-GKYPY,Male,Yes,Yes,No,22,Month-to-month,89.75,0.5016,High
2832-KJCRD,Female,No,No,No,38,Month-to-month,103.65,0.501,High
1636-NTNCO,Male,Yes,No,No,4,Month-to-month,50.95,0.5009,High
8404-GFGCZ,Male,No,Yes,No,4,Month-to-month,65.6,0.5006,High
1194-HVAIF,Female,No,Yes,No,27,Month-to-month,95.0,0.5004,High
5153-RTHKF,Female,No,No,No,34,Month-to-month,85.35,0.499,Medium
6173-GOLSU,Male,Yes,Yes,No,67,Month-to-month,94.65,0.4986,Medium
9167-APMXZ,Female,No,No,No,22,Month-to-month,84.15,0.4986,Medium
3597-MVHJT,Female,No,No,No,27,Month-to-month,95.6,0.4984,Medium
7586-ZATGZ,Male,No,No,No,40,Month-to-month,84.9,0.4974,Medium
7145-FEJWU,Female,No,No,Yes,12,Month-to-month,105.3,0.497,Medium
5605-IYGFG,Female,No,No,No,7,Month-to-month,69.85,0.497,Medium
9638-JIQYA,Male,No,No,No,2,Month-to-month,24.9,0.497,Medium
4690-PKDQG,Female,Yes,Yes,No,42,Month-to-month,95.55,0.4963,Medium
8033-VCZGH,Male,No,Yes,No,50,One year,103.95,0.4963,Medium
5968-VXZLG,Male,No,No,No,2,Month-to-month,46.6,0.4947,Medium
9508-ILZDG,Female,Yes,No,No,34,Month-to-month,96.35,0.4944,Medium
6833-JMZYP,Female,No,No,No,15,Month-to-month,94.0,0.4934,Medium
7529-ZDFXI,Male,Yes,Yes,No,57,Month-to-month,89.85,0.4932,Medium
4998-IKFSE,Female,No,No,No,30,Month-to-month,100.45,0.493,Medium
2080-GKCWQ,Male,No,No,No,2,Month-to-month,74.95,0.4927,Medium
9629-NHXFW,Female,No,Yes,Yes,1,Month-to-month,19.4,0.492,Medium
1622-HSHSF,Female,No,No,No,1,Month-to-month,19.55,0.4919,Medium
8566-YPRGL,Female,No,No,No,1,Month-to-month,19.5,0.4919,Medium
9714-EDSUC,Male,No,No,No,4,Month-to-month,94.9,0.4915,Medium
8490-BXHEO,Male,Yes,No,No,18,Month-to-month,80.55,0.4914,Medium
5339-PXDVH,Male,No,No,No,4,Month-to-month,90.65,0.4913,Medium
3312-ZWLGF,Male,Yes,Yes,No,29,Month-to-month,79.3,0.4909,Medium
4480-QQRHC,Female,Yes,No,No,8,Month-to-month,74.05,0.4897,Medium
0096-BXERS,Female,No,Yes,No,6,Month-to-month,50.35,0.4896,Medium
2739-CACDQ,Female,Yes,No,No,17,Month-to-month,82.65,0.489,Medium
9962-BFPDU,Female,No,Yes,Yes,1,Month-to-month,20.05,0.4885,Medium
3088-LHEFH,Female,No,No,No,11,Month-to-month,79.0,0.4882,Medium
2227-JRSJX,Female,No,No,No,21,Month-to-month,99.15,0.4875,Medium
5022-KVDQT,Male,No,No,No,27,Month-to-month,81.3,0.4875,Medium
4137-BTIKL,Male,No,No,No,2,Month-to-month,90.75,0.4868,Medium
1226-IENZN,Male,Yes,No,No,16,Month-to-month,78.75,0.4866,Medium
2792-LSHWX,Female,No,No,No,1,Month-to-month,83.4,0.4862,Medium
8286-AFUYI,Male,No,No,No,1,Month-to-month,47.95,0.4856,Medium
1728-BQDMA,Female,No,No,No,2,Month-to-month,44.45,0.4851,Medium
0139-IVFJG,Female,No,Yes,No,2,Month-to-month,90.35,0.4847,Medium
8974-OVACP,Female,No,No,No,1,Month-to-month,20.15,0.4841,Medium
3082-VQXNH,Male,No,Yes,No,3,Month-to-month,29.8,0.4835,Medium
0428-IKYCP,Male,No,Yes,No,22,Month-to-month,87.0,0.4829,Medium
1730-ZMAME,Female,Yes,No,No,32,Month-to-month,79.5,0.4827,Medium
7318-EIVKO,Male,No,No,No,8,Month-to-month,59.25,0.4821,Medium
1335-NTIUC,Male,No,No,No,9,Month-to-month,24.95,0.4817,Medium
4566-NECEV,Male,No,No,No,5,Month-to-month,96.55,0.4811,Medium
1304-BCCFO,Male,No,Yes,No,9,Month-to-month,70.05,0.4807,Medium
5533-NHFRF,Male,Yes,No,No,7,Month-to-month,44.4,0.4806,Medium
5482-VXSXJ,Male,No,No,No,22,Month-to-month,93.2,0.4802,Medium
0212-ISBBF,Female,No,No,No,22,Month-to-month,50.35,0.4795,Medium
5419-JKZNQ,Male,Yes,Yes,No,30,Month-to-month,77.9,0.4795,Medium
8212-CRQXP,Female,No,Yes,No,22,Month-to-month,80.0,0.4793,Medium
6559-PDZLR,Male,No,No,No,26,Month-to-month,98.65,0.4791,Medium
5271-DBYSJ,Male,Yes,No,No,11,Month-to-month,79.15,0.4782,Medium
8544-GOQSH,Female,No,No,No,14,Month-to-month,80.05,0.4781,Medium
6243-OZGFH,Female,No,No,No,23,Month-to-month,44.95,0.477,Medium
7789-HKSBS,Female,Yes,Yes,No,42,One year,105.2,0.477,Medium
7404-JLKQG,Female,No,No,No,3,Month-to-month,57.55,0.4767,Medium
4983-CLMLV,Female,No,Yes,No,52,Month-to-month,102.7,0.4762,Medium
0928-XUTSN,Female,No,No,No,13,Month-to-month,80.5,0.4761,Medium
9108-EJFJP,Female,No,Yes,No,1,Month-to-month,53.55,0.4761,Medium
4718-DHSMV,Female,No,No,No,11,Month-to-month,35.8,0.476,Medium
2831-EBWRN,Male,No,No,No,4,Month-to-month,45.9,0.4759,Medium
6888-SBYAI,Male,No,No,No,1,Month-to-month,50.7,0.4753,Medium
7794-JASDG,Male,No,No,No,1,Month-to-month,50.75,0.4753,Medium
9777-WJJPR,Male,No,Yes,No,31,Month-to-month,88.65,0.4751,Medium
7801-KICAO,Female,No,No,No,18,Month-to-month,74.15,0.4749,Medium
2786-GCDPI,Female,Yes,No,No,50,Month-to-month,104.95,0.4727,Medium
5906-BFOZT,Male,No,No,No,1,Month-to-month,19.5,0.4723,Medium
2070-XYMFH,Female,Yes,No,No,23,Month-to-month,79.35,0.4717,Medium
6234-PFPXL,Male,No,Yes,No,22,Month-to-month,95.9,0.4708,Medium
9667-TKTVZ,Female,No,No,No,2,Month-to-month,54.35,0.4692,Medium
5226-NOZFC,Male,No,No,No,26,Month-to-month,85.75,0.4681,Medium
0921-OHLVP,Male,No,No,No,22,Month-to-month,83.05,0.4673,Medium
9053-EJUNL,Male,No,No,No,41,Month-to-month,89.2,0.467,Medium
2038-LLMLM,Female,No,No,No,48,Month-to-month,103.85,0.4665,Medium
7130-YXBRO,Male,No,Yes,No,48,Month-to-month,111.45,0.4654,Medium
0682-USIXD,Female,No,Yes,No,21,Month-to-month,86.05,0.4652,Medium
9796-BPKIW,Male,Yes,No,No,8,Month-to-month,69.95,0.4641,Medium
3961-SXAXY,Male,No,No,No,1,Month-to-month,44.05,0.4639,Medium
6650-VJONK,Male,No,No,No,1,Month-to-month,43.85,0.4639,Medium
9274-UARKJ,Female,No,No,No,15,Month-to-month,83.2,0.4632,Medium
3916-NRPAP,Male,No,No,No,3,Month-to-month,85.7,0.463,Medium
9552-TGUZV,Male,No,Yes,No,8,Month-to-month,75.0,0.4629,Medium
8819-IMISP,Male,No,No,No,31,Month-to-month,80.45,0.4623,Medium
9631-XEYKE,Male,No,No,No,3,Month-to-month,50.4,0.4622,Medium
5858-EAFCZ,Male,No,No,No,1,Month-to-month,44.45,0.4618,Medium
6377-WHAOX,Female,No,Yes,No,60,Month-to-month,106.15,0.4616,Medium
5453-AXEPF,Male,No,Yes,No,17,Month-to-month,80.5,0.4611,Medium
1608-GMEWB,Male,Yes,No,No,45,Month-to-month,93.9,0.4611,Medium
7718-RXDGG,Male,No,Yes,No,15,Month-to-month,68.6,0.4604,Medium
3737-XBQDD,Male,No,No,No,24,Month-to-month,84.85,0.4603,Medium
0374-IOEGQ,Female,No,No,No,3,Month-to-month,44.6,0.4598,Medium
8189-XRIKE,Female,Yes,No,No,32,Month-to-month,90.95,0.4596,Medium
6339-DKLMK,Female,No,No,No,13,Month-to-month,31.65,0.459,Medium
2874-YXVVA,Female,No,No,No,34,Month-to-month,105.1,0.459,Medium
5960-MVTUK,Male,No,No,No,3,Month-to-month,29.75,0.4588,Medium
7978-DKUQH,Female,No,Yes,No,25,Month-to-month,74.6,0.4581,Medium
0674-DGMAQ,Male,Yes,Yes,No,32,Month-to-month,93.5,0.458,Medium
9112-WSNPU,Female,Yes,No,No,35,Month-to-month,70.55,0.458,Medium
2480-JZOSN,Female,No,Yes,No,1,Month-to-month,20.65,0.4577,Medium
0531-ZZJWQ,Male,Yes,Yes,No,55,Month-to-month,74.0,0.4574,Medium
9620-ENEJV,Female,No,No,No,6,Month-to-month,70.55,0.4574,Medium
2697-NQBPF,Male,No,No,No,34,Month-to-month,105.35,0.4573,Medium
2523-EWWZL,Female,No,Yes,No,27,Month-to-month,76.1,0.4572,Medium
2672-OJQZP,Female,No,No,No,1,Month-to-month,44.75,0.4572,Medium
2675-OTVVJ,Male,Yes,Yes,No,31,Month-to-month,89.45,0.4571,Medium
0581-BXBUB,Female,Yes,No,No,4,Month-to-month,72.75,0.456,Medium
5074-FBGHB,Male,No,No,No,64,One year,104.65,0.4558,Medium
2465-BLLEU,Male,No,No,No,1,Month-to-month,19.75,0.4556,Medium
6719-OXYBR,Male,No,No,No,15,Month-to-month,85.3,0.4548,Medium
3503-TYDAY,Female,No,Yes,No,43,Month-to-month,80.45,0.4543,Medium
4760-THGOT,Female,No,Yes,No,43,Month-to-month,94.1,0.4539,Medium
7284-BUYEC,Female,No,No,No,5,Month-to-month,50.95,0.4536,Medium
6908-VVYHM,Male,No,Yes,No,65,Month-to-month,90.65,0.4535,Medium
2277-VWCNI,Female,Yes,No,No,4,Month-to-month,48.75,0.4531,Medium
4146-SVFUD,Male,No,No,No,1,Month-to-month,44.6,0.453,Medium
3588-WSTTJ,Female,Yes,No,No,35,Month-to-month,99.05,0.453,Medium
0422-UXFAP,Female,No,Yes,No,51,One year,98.85,0.4526,Medium
6537-QLGEX,Female,No,No,No,16,Month-to-month,38.9,0.4521,Medium
6175-IRFIT,Male,No,No,No,5,Month-to-month,78.75,0.4512,Medium
9732-EQMWY,Female,No,Yes,No,49,Month-to-month,99.4,0.4506,Medium
4583-PARNH,Male,Yes,Yes,No,16,Month-to-month,91.55,0.4505,Medium
9708-HPXWZ,Male,Yes,No,No,5,Month-to-month,45.4,0.4503,Medium
0620-DLSLK,Female,No,No,No,13,Month-to-month,81.9,0.45,Medium
7733-UDMTP,Female,Yes,No,No,57,Month-to-month,55.0,0.4497,Medium
5899-OUVKV,Male,No,No,No,31,Month-to-month,94.5,0.4497,Medium
4238-JSSWH,Female,Yes,Yes,No,35,Month-to-month,102.05,0.4485,Medium
0136-IFMYD,Male,Yes,Yes,No,69,Two year,109.95,0.4483,Medium
0468-YRPXN,Male,No,No,No,29,Month-to-month,98.8,0.4477,Medium
0365-GXEZS,Male,No,Yes,No,18,Month-to-month,78.2,0.4468,Medium
0623-GDISB,Female,No,No,No,1,Month-to-month,48.45,0.4462,Medium
2916-BQZLN,Male,No,No,No,19,Month-to-month,84.75,0.4461,Medium
9921-QFQUL,Female,No,Yes,No,23,Month-to-month,90.15,0.4461,Medium
9699-UBQFS,Female,Yes,Yes,No,43,Month-to-month,94.5,0.4459,Medium
9518-XXBXE,Male,Yes,Yes,No,10,Month-to-month,75.3,0.4459,Medium
2625-TRCZQ,Female,No,Yes,No,51,Month-to-month,49.65,0.4458,Medium
5666-CYCYZ,Female,No,No,No,24,Month-to-month,89.55,0.4454,Medium
5118-MUEYH,Female,No,Yes,No,48,Month-to-month,105.1,0.445,Medium
0581-MDMPW,Female,No,No,No,24,Month-to-month,88.95,0.4442,Medium
6286-SUUWT,Male,No,No,No,1,Month-to-month,19.95,0.4431,Medium
6704-UTUKK,Male,No,Yes,No,29,Month-to-month,45.9,0.4428,Medium
8058-DMYRU,Male,Yes,No,No,54,Month-to-month,90.05,0.4427,Medium
3247-MHJKM,Male,No,No,No,1,Month-to-month,20.2,0.4421,Medium
8048-DSDFQ,Male,No,No,No,1,Month-to-month,20.2,0.4421,Medium
6380-ARCEH,Male,No,No,No,1,Month-to-month,20.2,0.4421,Medium
5175-WLYXL,Male,No,No,No,22,Month-to-month,78.85,0.442,Medium
1471-GIQKQ,Female,No,No,No,1,Month-to-month,49.95,0.4416,Medium
7047-FWEYA,Female,No,Yes,No,46,One year,103.15,0.4412,Medium
3665-JATSN,Female,No,No,No,19,Month-to-month,39.7,0.4409,Medium
2504-DSHIH,Male,Yes,Yes,No,23,Month-to-month,86.8,0.4408,Medium
4236-UJPWO,Female,No,No,No,2,Month-to-month,24.5,0.4405,Medium
6137-NICCO,Female,No,Yes,Yes,6,Month-to-month,94.05,0.4403,Medium
7698-YFGEZ,Male,No,No,No,1,Month-to-month,20.0,0.4403,Medium
0691-NIKRI,Female,No,No,No,40,One year,105.95,0.4401,Medium
5760-FXFVO,Male,No,No,No,6,Month-to-month,78.95,0.4398,Medium
6599-SFQVE,Female,No,No,No,6,Month-to-month,55.0,0.4397,Medium
4183-MYFRB,Female,No,No,No,21,Month-to-month,90.05,0.4393,Medium
6103-BOCOU,Female,No,No,No,26,Month-to-month,80.7,0.4392,Medium
6988-CJEYV,Male,No,No,No,49,Month-to-month,98.7,0.4387,Medium
9822-WMWVG,Female,No,No,No,41,Month-to-month,106.5,0.4384,Medium
1658-TJVOA,Female,Yes,No,No,6,Month-to-month,74.1,0.4382,Medium
1777-JYQPJ,Male,No,No,No,2,Month-to-month,24.3,0.4381,Medium
8012-SOUDQ,Female,Yes,No,No,43,Month-to-month,90.25,0.4381,Medium
5916-QEWPT,Female,No,Yes,No,2,Month-to-month,69.0,0.4381,Medium
2812-SFXMJ,Male,No,No,Yes,1,Month-to-month,20.05,0.4377,Medium
4627-MIHJH,Female,Yes,No,No,69,Two year,110.25,0.4371,Medium
9547-ITEFG,Male,No,Yes,Yes,9,Month-to-month,102.6,0.4371,Medium
9432-VOFYX,Male,No,No,No,17,Month-to-month,70.8,0.437,Medium
5119-KEPFY,Male,No,Yes,No,36,Month-to-month,95.0,0.4363,Medium
3932-IJWDZ,Male,No,No,No,45,Month-to-month,103.65,0.4362,Medium
4065-JJAVA,Female,No,No,No,1,Month-to-month,49.5,0.4361,Medium
6078-VESFR,Male,Yes,Yes,No,13,Month-to-month,70.45,0.4356,Medium
8160-HOWOX,Female,No,No,No,7,Month-to-month,66.85,0.4355,Medium
9643-YBLUR,Male,No,Yes,No,9,Month-to-month,69.05,0.4354,Medium
1384-RCUXW,Male,No,No,No,16,Month-to-month,80.55,0.4353,Medium
2307-FYNNL,Male,Yes,No,No,65,Two year,109.05,0.4353,Medium
8887-IPQNC,Female,No,Yes,No,7,Month-to-month,44.25,0.4344,Medium
2921-XWDJH,Female,Yes,Yes,No,38,Month-to-month,83.45,0.434,Medium
6815-ABQFQ,Male,No,Yes,No,56,One year,107.25,0.4338,Medium
1302-UHBDD,Male,Yes,No,No,20,Month-to-month,89.95,0.4336,Medium
9029-FEGVJ,Female,Yes,Yes,No,32,Month-to-month,79.3,0.4335,Medium
0730-KOAVE,Male,No,No,No,30,Month-to-month,94.3,0.4316,Medium
5649-RXQTV,Male,No,No,No,51,Month-to-month,99.0,0.4313,Medium
8645-KWHJO,Male,No,No,No,14,Month-to-month,55.0,0.4313,Medium
2823-LKABH,Female,No,No,No,18,Month-to-month,95.05,0.4309,Medium
6654-QGBZZ,Female,No,No,No,1,Month-to-month,19.9,0.4308,Medium
7878-RTCZG,Female,No,No,No,1,Month-to-month,19.9,0.4308,Medium
4067-HLYQI,Female,No,No,No,33,Month-to-month,70.4,0.4306,Medium
8749-CLJXC,Male,No,No,No,1,Month-to-month,20.05,0.4305,Medium
7096-UCLNH,Male,No,No,No,1,Month-to-month,20.05,0.4305,Medium
3030-ZKIWL,Male,No,No,No,1,Month-to-month,20.05,0.4305,Medium
8104-OSKWT,Female,No,No,No,12,Month-to-month,79.8,0.4303,Medium
2903-YYTBW,Male,No,Yes,Yes,1,Month-to-month,44.55,0.4303,Medium
1310-QRITU,Female,No,No,No,18,Month-to-month,50.3,0.4302,Medium
7562-UXTPG,Female,No,No,No,13,Month-to-month,70.15,0.4299,Medium
2360-RDGRO,Male,No,Yes,No,65,Month-to-month,104.25,0.4296,Medium
3234-VKACU,Male,No,No,No,2,Month-to-month,70.3,0.4292,Medium
7011-CVEUC,Male,No,Yes,No,25,Month-to-month,95.7,0.4291,Medium
9365-SRSZE,Male,Yes,Yes,No,27,Month-to-month,70.55,0.4291,Medium
2208-UGTGR,Male,No,No,No,56,Month-to-month,98.6,0.429,Medium
2501-XWWTZ,Male,No,No,No,11,Month-to-month,70.2,0.4276,Medium
2277-DJJDL,Male,Yes,Yes,No,60,Month-to-month,99.0,0.4275,Medium
0570-BFQHT,Female,No,No,No,9,Month-to-month,80.55,0.4273,Medium
9895-VFOXH,Female,No,No,No,1,Month-to-month,24.4,0.4273,Medium
1895-QTKDO,Female,No,No,No,1,Month-to-month,43.95,0.427,Medium
9281-PKKZE,Female,No,Yes,No,46,Month-to-month,43.95,0.4268,Medium
8751-EDEKA,Female,No,Yes,No,28,Month-to-month,89.9,0.4266,Medium
6030-REHUX,Female,Yes,Yes,No,28,Month-to-month,110.85,0.4255,Medium
2325-NBPZG,Female,No,No,No,3,Month-to-month,74.55,0.4254,Medium
6847-KJLTS,Female,Yes,Yes,No,58,Month-to-month,100.4,0.425,Medium
2139-FQHLM,Male,No,No,No,19,Month-to-month,89.95,0.4238,Medium
8654-DHAOW,Female,No,No,No,2,Month-to-month,54.15,0.4238,Medium
5404-GGUKR,Male,No,No,No,5,Month-to-month,51.35,0.4226,Medium
7460-ITWWP,Female,Yes,Yes,No,45,Month-to-month,86.1,0.4224,Medium
2770-NSVDG,Male,No,Yes,No,24,Month-to-month,29.1,0.4219,Medium
2209-XADXF,Female,No,No,No,1,Month-to-month,25.25,0.4216,Medium
6745-JEFZB,Male,No,Yes,No,35,Month-to-month,91.5,0.4209,Medium
0258-NOKBL,Male,No,No,No,3,Month-to-month,90.4,0.4203,Medium
3014-WJKSM,Male,No,Yes,No,29,Month-to-month,75.3,0.4202,Medium
7176-WRTNX,Male,No,No,No,70,Two year,114.95,0.4199,Medium
2692-BUCFV,Male,Yes,No,No,29,Month-to-month,101.45,0.4199,Medium
4581-LNWUM,Female,No,No,No,13,Month-to-month,49.15,0.4197,Medium
5522-JBWMO,Male,No,No,Yes,1,Month-to-month,44.0,0.4193,Medium
2798-NYLMZ,Male,No,Yes,No,71,Two year,108.55,0.4193,Medium
0082-OQIQY,Male,No,No,No,29,Month-to-month,94.2,0.4187,Medium
9693-XMUOB,Male,Yes,Yes,No,59,Month-to-month,50.25,0.4187,Medium
1170-SASML,Female,No,Yes,No,69,Month-to-month,85.4,0.4178,Medium
3688-FTHLT,Female,No,No,No,16,Month-to-month,63.05,0.4175,Medium
0666-UXTJO,Male,Yes,Yes,No,34,Month-to-month,85.2,0.4171,Medium
3956-MGXOG,Female,No,No,No,28,Month-to-month,80.6,0.417,Medium
5439-WIKXB,Male,Yes,Yes,No,41,Month-to-month,94.55,0.417,Medium
7271-AJDTL,Female,No,Yes,No,55,Month-to-month,94.45,0.4166,Medium
1427-VERSM,Female,No,Yes,No,56,Month-to-month,98.7,0.4164,Medium
8535-SFUTN,Male,No,No,No,61,Month-to-month,106.45,0.4163,Medium
5701-SVCWR,Female,No,No,Yes,1,Month-to-month,24.0,0.4152,Medium
8695-WDYEA,Male,No,No,No,1,Month-to-month,51.25,0.4152,Medium
7176-WIONM,Female,No,Yes,No,12,Month-to-month,49.85,0.4151,Medium
9278-VZKCD,Female,Yes,Yes,No,52,Month-to-month,109.1,0.415,Medium
1391-UBDAR,Male,No,No,No,11,Month-to-month,72.9,0.4149,Medium
7339-POGZN,Female,No,No,No,4,Month-to-month,50.7,0.4143,Medium
7975-TZMLR,Male,No,No,No,47,One year,103.1,0.414,Medium
9919-YLNNG,Female,No,No,No,42,Month-to-month,103.8,0.414,Medium
9261-WDCAF,Male,No,No,No,3,Month-to-month,54.65,0.4125,Medium
2018-QKYGT,Male,No,Yes,Yes,1,Month-to-month,81.05,0.4116,Medium
2669-OIDSD,Female,No,Yes,No,48,Month-to-month,100.05,0.4115,Medium
7924-GJZFI,Female,Yes,Yes,No,25,Month-to-month,69.3,0.4115,Medium
8778-LMWTJ,Female,No,No,No,9,Month-to-month,74.85,0.411,Medium
5018-GWURO,Female,No,Yes,No,56,Month-to-month,85.6,0.4108,Medium
4993-JCRGJ,Male,No,No,No,26,Month-to-month,84.3,0.4104,Medium
3679-XASPY,Female,No,Yes,Yes,1,Month-to-month,19.45,0.4099,Medium
5144-TVGLP,Male,Yes,No,No,38,Month-to-month,94.75,0.4095,Medium
3055-MJDSB,Male,No,No,No,9,Month-to-month,24.6,0.4085,Medium
6635-CPNUN,Male,No,Yes,No,28,Month-to-month,96.6,0.4071,Medium
3002-WQZWT,Female,No,No,No,29,Month-to-month,74.2,0.4067,Medium
5999-LCXAO,Female,No,No,No,1,Month-to-month,29.9,0.4063,Medium
4080-IIARD,Female,No,Yes,No,13,Month-to-month,76.2,0.4057,Medium
8008-ESFLK,Female,No,Yes,No,53,One year,110.5,0.4054,Medium
6817-WTYHE,Male,No,No,No,2,Month-to-month,44.9,0.4049,Medium
2806-MLNTI,Male,Yes,Yes,No,52,One year,105.1,0.4046,Medium
0419-YAAPX,Male,No,Yes,No,49,Month-to-month,85.3,0.4046,Medium
0374-AACSZ,Female,No,No,No,1,Month-to-month,50.15,0.4044,Medium
1261-FWTTE,Male,Yes,No,No,23,Month-to-month,34.65,0.4044,Medium
8543-MSDMF,Male,No,No,No,3,Month-to-month,77.4,0.4043,Medium
8800-JOOCF,Female,No,No,Yes,12,Month-to-month,84.05,0.403,Medium
7853-OETYL,Female,No,Yes,No,4,Month-to-month,29.05,0.4027,Medium
4280-DLSHD,Male,No,Yes,No,8,Month-to-month,54.75,0.4027,Medium
0093-EXYQL,Female,Yes,No,No,40,Month-to-month,91.55,0.4026,Medium
7312-XSBAT,Male,No,No,No,1,Month-to-month,49.75,0.4019,Medium
3858-XHYJO,Female,No,Yes,No,40,One year,105.75,0.4018,Medium
9819-FBNSV,Male,Yes,Yes,No,37,Month-to-month,72.25,0.4018,Medium
2573-GYRUU,Male,Yes,Yes,No,48,Month-to-month,91.05,0.4016,Medium
8486-AYEQH,Female,No,No,No,31,Month-to-month,76.05,0.4015,Medium
9812-GHVRI,Female,No,No,No,40,Month-to-month,83.85,0.4011,Medium
0541-FITGH,Female,No,Yes,No,2,Month-to-month,62.15,0.4008,Medium
4716-HHKQH,Male,Yes,Yes,No,20,Month-to-month,107.05,0.3996,Medium
0599-XNYDO,Female,No,Yes,No,20,Month-to-month,69.8,0.3996,Medium
6145-NNPNO,Female,No,No,No,1,Month-to-month,44.15,0.3992,Medium
1635-FJFCC,Female,No,No,No,5,Month-to-month,44.05,0.3991,Medium
8903-XEBGX,Male,No,No,Yes,2,Month-to-month,55.3,0.399,Medium
7064-FRRSW,Male,Yes,No,No,48,One year,99.0,0.3977,Medium
7855-DIWPO,Female,No,No,No,21,Month-to-month,68.65,0.3975,Medium
7421-ZLUPA,Female,No,No,No,8,Month-to-month,29.25,0.3974,Medium
5222-IMUKT,Male,No,No,No,32,Month-to-month,91.05,0.3973,Medium
8910-LEDAG,Male,Yes,Yes,No,34,Month-to-month,71.55,0.3971,Medium
2207-QPJED,Female,Yes,Yes,No,37,Month-to-month,90.0,0.3967,Medium
8990-ZXLSU,Female,No,No,No,9,Month-to-month,69.05,0.3964,Medium
6625-UTXEW,Female,No,Yes,No,12,Month-to-month,51.25,0.3964,Medium
9348-YVOMK,Male,No,No,No,4,Month-to-month,44.8,0.3963,Medium
6994-KERXL,Male,No,No,No,4,Month-to-month,55.9,0.3962,Medium
5351-QESIO,Male,No,No,Yes,1,Month-to-month,24.2,0.3958,Medium
7103-IPXPJ,Male,No,Yes,No,50,One year,99.4,0.3958,Medium
1216-BGTSP,Male,No,No,No,45,Month-to-month,108.45,0.3958,Medium
8445-DNBAE,Male,No,No,Yes,1,Month-to-month,50.05,0.3955,Medium
9323-HGFWY,Female,No,Yes,No,27,One year,101.9,0.395,Medium
5816-QVHRX,Female,No,No,No,37,Month-to-month,100.3,0.395,Medium
5285-MVEHD,Female,No,Yes,No,56,One year,105.6,0.3948,Medium
3733-LSYCE,Female,No,Yes,No,15,Month-to-month,75.35,0.3946,Medium
5543-QDCRY,Male,No,No,No,4,Month-to-month,56.4,0.3946,Medium
4680-KUTAJ,Female,Yes,No,No,11,Month-to-month,55.6,0.3943,Medium
2782-LFZVW,Female,No,No,No,11,Month-to-month,58.95,0.3942,Medium
4570-QHXHL,Female,No,No,No,9,Month-to-month,43.75,0.3942,Medium
7554-AKDQF,Female,No,Yes,No,6,Month-to-month,45.65,0.394,Medium
1816-FLZDK,Male,No,No,No,1,Month-to-month,29.15,0.3928,Medium
1784-EZDKJ,Male,No,Yes,No,51,One year,106.8,0.3926,Medium
4393-RYCRE,Male,No,No,No,44,One year,106.05,0.3921,Medium
4061-UKJWL,Male,No,No,No,3,Month-to-month,45.45,0.3917,Medium
6896-SRVYQ,Male,Yes,No,No,44,Month-to-month,73.85,0.3917,Medium
6862-CQUMB,Male,No,No,No,37,Month-to-month,96.1,0.3917,Medium
7621-VPNET,Female,No,Yes,No,42,Month-to-month,85.9,0.3916,Medium
7129-ACFOG,Female,No,No,No,5,Month-to-month,53.8,0.3915,Medium
2826-DXLQO,Male,Yes,Yes,No,7,Month-to-month,29.8,0.3914,Medium
3522-CDKHF,Female,No,Yes,No,32,Month-to-month,75.5,0.3908,Medium
3703-KBKZP,Male,Yes,No,No,16,Month-to-month,74.45,0.3905,Medium
5609-IMCGG,Female,No,No,No,15,Month-to-month,84.35,0.3903,Medium
2924-KHUVI,Male,No,Yes,No,56,One year,100.55,0.3902,Medium
3351-NGXYI,Female,Yes,No,No,16,Month-to-month,54.1,0.3902,Medium
5948-UJZLF,Male,No,No,No,2,Month-to-month,49.25,0.39,Medium
1941-HOSAM,Male,No,Yes,Yes,1,Month-to-month,90.1,0.3899,Medium
1049-FYSYG,Female,No,Yes,No,17,Month-to-month,35.65,0.3893,Medium
5055-MGMGF,Female,No,Yes,No,65,Month-to-month,105.05,0.3892,Medium
5207-PLSTK,Male,No,Yes,Yes,1,Month-to-month,48.75,0.3892,Medium
8660-BUETV,Female,No,No,No,3,Month-to-month,44.75,0.389,Medium
7351-KYHQH,Female,Yes,No,No,7,Month-to-month,64.95,0.3889,Medium
3323-CPBWR,Male,No,No,No,23,Month-to-month,96.9,0.3887,Medium
0141-YEAYS,Female,Yes,No,No,27,Month-to-month,86.45,0.3886,Medium
3345-PBBFH,Male,No,Yes,No,8,Month-to-month,49.55,0.3882,Medium
7636-OWBPG,Male,Yes,No,No,12,Month-to-month,29.35,0.3881,Medium
2842-BCQGE,Male,No,No,No,43,Month-to-month,75.35,0.3877,Medium
8705-DWKTI,Male,No,No,No,52,Month-to-month,83.8,0.3875,Medium
3873-NFTGI,Male,No,No,No,14,Month-to-month,55.5,0.3874,Medium
2883-ILGWO,Male,Yes,No,No,57,Month-to-month,104.9,0.3874,Medium
8805-JNRAZ,Female,No,No,No,2,Month-to-month,49.2,0.3872,Medium
4976-LNFVV,Male,Yes,Yes,No,19,Month-to-month,34.3,0.3864,Medium
8630-FJLIB,Female,No,No,No,18,Month-to-month,69.8,0.3862,Medium
8952-WCVCD,Female,No,Yes,No,41,One year,104.45,0.3858,Medium
8158-WPEZG,Male,No,No,No,11,Month-to-month,35.65,0.3851,Medium
4238-HFHSN,Male,Yes,Yes,No,61,Month-to-month,82.15,0.3845,Medium
4188-FRABG,Male,No,Yes,No,57,Month-to-month,103.05,0.3844,Medium
0708-LGSMF,Male,No,Yes,No,13,Month-to-month,65.85,0.3844,Medium
6135-OZQVA,Female,No,No,No,7,Month-to-month,53.65,0.3837,Medium
4257-GAESD,Female,No,No,No,6,Month-to-month,45.0,0.3835,Medium
0869-PAPRP,Female,Yes,Yes,No,26,Month-to-month,85.7,0.3834,Medium
1035-IPQPU,Female,Yes,Yes,No,63,Month-to-month,103.5,0.3832,Medium
9398-MMQTO,Male,No,No,No,3,Month-to-month,74.45,0.3823,Medium
6464-KEXXH,Male,No,No,No,8,Month-to-month,25.25,0.3821,Medium
1173-NOEYG,Female,No,Yes,No,27,Month-to-month,90.15,0.382,Medium
9003-CPATH,Male,No,No,No,42,Month-to-month,79.9,0.3818,Medium
5895-QSXOD,Male,No,No,No,9,Month-to-month,70.05,0.3816,Medium
3537-HPKQT,Female,No,Yes,No,55,Month-to-month,77.75,0.3816,Medium
1346-UFHAX,Female,No,No,No,13,Month-to-month,80.0,0.3815,Medium
2049-BAFNW,Female,No,No,No,1,Month-to-month,35.9,0.381,Medium
5816-SCGFC,Female,Yes,No,No,7,Month-to-month,51.3,0.3809,Medium
5002-GCQFH,Male,No,Yes,No,49,Month-to-month,93.85,0.3808,Medium
5122-CYFXA,Female,No,No,No,3,Month-to-month,75.3,0.3807,Medium
8757-TFHHJ,Male,No,No,No,1,Month-to-month,49.8,0.3805,Medium
4931-TRZWN,Female,No,No,No,13,Month-to-month,71.95,0.3803,Medium
7508-SMHXL,Female,Yes,No,No,15,Month-to-month,89.0,0.3802,Medium
2181-UAESM,Male,No,No,No,2,Month-to-month,53.45,0.3802,Medium
1212-GLHMD,Male,No,No,No,3,Month-to-month,86.05,0.3799,Medium
8456-QDAVC,Male,No,No,No,19,Month-to-month,78.7,0.3794,Medium
9529-OFXHY,Male,No,No,No,15,Month-to-month,87.75,0.3787,Medium
4526-ZJJTM,Female,Yes,Yes,No,25,Month-to-month,88.4,0.3773,Medium
2178-PMGCJ,Male,No,No,No,22,Month-to-month,69.7,0.3771,Medium
7401-RUBNK,Female,No,Yes,No,18,Month-to-month,74.8,0.3769,Medium
4840-ORQXB,Female,Yes,No,No,56,Month-to-month,104.75,0.3767,Medium
3955-JBZZM,Male,No,No,No,20,Month-to-month,78.8,0.3767,Medium
7346-MEDWM,Female,No,No,No,59,Month-to-month,83.25,0.3764,Medium
6259-WJQLC,Male,Yes,No,No,32,Month-to-month,81.1,0.3763,Medium
6481-ESCNL,Female,No,No,No,29,Month-to-month,100.55,0.3763,Medium
6844-DZKRF,Male,No,No,No,2,Month-to-month,50.2,0.376,Medium
4612-SSVHJ,Female,Yes,No,No,20,Month-to-month,81.45,0.3758,Medium
7876-BEUTG,Female,No,No,No,15,Month-to-month,48.8,0.3757,Medium
7410-OIEDU,Male,No,No,No,10,Month-to-month,79.85,0.3749,Medium
2720-FVBQP,Female,No,Yes,Yes,6,Month-to-month,48.95,0.3747,Medium
1077-HUUJM,Female,No,No,Yes,7,Month-to-month,71.05,0.3743,Medium
6576-FBXOJ,Male,No,Yes,No,17,One year,54.6,0.3743,Medium
5141-ZUVBH,Female,No,No,Yes,9,Month-to-month,93.0,0.3739,Medium
9103-CXVOK,Male,No,Yes,Yes,1,Month-to-month,19.75,0.3734,Medium
0975-VOOVL,Female,No,No,No,3,Month-to-month,29.2,0.3733,Medium
7055-HNEOJ,Male,No,Yes,No,3,Month-to-month,55.8,0.3733,Medium
5671-UUNXD,Female,Yes,Yes,No,50,One year,100.65,0.3729,Medium
4329-YPDDQ,Male,No,No,No,20,Month-to-month,108.2,0.3727,Medium
3692-JHONH,Female,Yes,Yes,No,52,One year,106.5,0.3715,Medium
6985-HAYWX,Female,No,Yes,No,26,Month-to-month,79.3,0.371,Medium
2101-RANCD,Female,No,No,No,55,Month-to-month,73.1,0.3709,Medium
9355-NPPFS,Female,Yes,No,No,26,Month-to-month,78.8,0.3707,Medium
5067-XJQFU,Male,Yes,Yes,No,66,One year,108.45,0.3706,Medium
2190-BCXEC,Female,No,Yes,No,40,Month-to-month,78.85,0.3706,Medium
1409-PHXTF,Male,Yes,Yes,No,54,Two year,110.45,0.3702,Medium
7967-HYCDE,Male,No,No,No,8,Month-to-month,70.7,0.3698,Medium
3729-OWRVL,Male,Yes,No,No,65,Two year,110.35,0.3695,Medium
8728-SKJLR,Male,No,No,No,41,Month-to-month,74.25,0.3694,Medium
7048-GXDAY,Male,No,No,No,39,Month-to-month,106.4,0.3691,Medium
7126-RBHSD,Female,No,Yes,No,17,Month-to-month,78.9,0.369,Medium
8671-KKKOS,Female,No,Yes,No,46,Month-to-month,45.55,0.368,Medium
6692-YQHXC,Male,No,No,No,16,Month-to-month,69.95,0.368,Medium
7077-XJMET,Male,No,Yes,No,12,Month-to-month,74.15,0.368,Medium
0060-FUALY,Female,No,Yes,No,59,Month-to-month,94.75,0.3676,Medium
1818-ESQMW,Female,No,No,No,27,Month-to-month,89.2,0.3676,Medium
7398-LXGYX,Male,No,Yes,No,44,Month-to-month,84.8,0.3675,Medium
8981-FJGLA,Male,No,No,Yes,11,Month-to-month,78.0,0.3675,Medium
8064-RAVOH,Male,No,No,Yes,1,Month-to-month,49.85,0.3672,Medium
8149-AIQCG,Male,No,No,No,39,Month-to-month,73.15,0.3671,Medium
6034-YMTOB,Female,No,No,No,5,Month-to-month,75.65,0.3669,Medium
1379-FRVEB,Male,No,No,Yes,15,Month-to-month,91.0,0.3668,Medium
7658-UYUQS,Male,Yes,Yes,No,21,Month-to-month,86.55,0.3666,Medium
1855-AGAWH,Male,No,Yes,No,31,One year,93.8,0.3664,Medium
5461-QKNTN,Male,Yes,Yes,No,43,Month-to-month,94.3,0.3658,Medium
5035-BVCXS,Male,No,No,No,11,Month-to-month,75.9,0.3657,Medium
6217-TOWGS,Female,No,Yes,No,17,Month-to-month,75.4,0.3652,Medium
7901-HXJVA,Male,No,No,No,14,Month-to-month,76.45,0.3642,Medium
0100-DUVFC,Male,Yes,Yes,No,70,One year,104.8,0.3642,Medium
9469-WEJBT,Male,No,Yes,No,37,Month-to-month,90.35,0.3639,Medium
5626-MGTUK,Female,No,No,No,20,Month-to-month,89.1,0.3637,Medium
5939-XAIXZ,Female,No,No,No,19,Month-to-month,56.1,0.3636,Medium
2974-GGUXS,Female,Yes,Yes,No,36,Month-to-month,91.95,0.3632,Medium
7251-LJBQN,Female,Yes,No,No,40,One year,103.75,0.3632,Medium
8152-UOBNY,Female,Yes,No,No,50,One year,106.8,0.3631,Medium
9272-LSVYH,Male,No,No,No,10,Month-to-month,70.15,0.3619,Medium
3577-AMVUX,Male,No,No,No,1,Month-to-month,55.05,0.3612,Medium
8069-YQQAJ,Male,No,No,No,14,Month-to-month,31.1,0.3607,Medium
2001-MCUUW,Male,No,No,No,46,Two year,108.65,0.3606,Medium
5149-TGWDZ,Female,No,No,No,21,One year,104.55,0.3605,Medium
8272-ONJLV,Male,No,No,No,12,One year,95.7,0.3599,Medium
4282-MSACW,Male,No,No,No,68,One year,117.2,0.3595,Medium
5027-YOCXN,Male,No,Yes,No,51,One year,110.05,0.3591,Medium
0376-OIWME,Male,No,Yes,No,36,Month-to-month,93.6,0.3587,Medium
1230-QAJDW,Male,No,No,No,3,Month-to-month,65.25,0.3584,Medium
5201-USSQZ,Female,No,Yes,No,26,Month-to-month,85.9,0.3583,Medium
1399-UBQIU,Male,No,No,No,11,Month-to-month,69.35,0.3577,Medium
0650-BWOZN,Female,Yes,No,No,18,Month-to-month,73.55,0.3576,Medium
9979-RGMZT,Female,No,No,No,7,One year,94.05,0.3574,Medium
6952-OMNWB,Male,Yes,Yes,No,68,Month-to-month,80.35,0.3571,Medium
2773-OVBPK,Male,No,Yes,No,67,Two year,111.3,0.3564,Medium
6859-RKMZJ,Male,No,Yes,No,11,Month-to-month,55.05,0.3563,Medium
4646-QZXTF,Female,No,Yes,No,7,Month-to-month,81.25,0.3563,Medium
6652-YFFJO,Female,No,No,No,11,Month-to-month,64.9,0.3561,Medium
2014-MKGMH,Female,No,No,No,46,One year,101.1,0.3557,Medium
2507-QZPQS,Male,No,No,No,15,Month-to-month,95.7,0.3552,Medium
8904-OPDCK,Male,Yes,Yes,No,54,Month-to-month,24.95,0.355,Medium
1703-MGIAB,Female,No,No,No,17,Month-to-month,69.0,0.3547,Medium
2712-SYWAY,Female,No,No,No,1,Month-to-month,25.7,0.3544,Medium
9356-AXGMP,Male,No,Yes,No,38,One year,110.7,0.3542,Medium
4070-OKWVH,Female,No,Yes,No,52,Month-to-month,94.6,0.3536,Medium
2293-IJWPS,Female,No,Yes,No,57,One year,100.75,0.3532,Medium
1400-WIVLL,Male,No,Yes,No,57,Two year,107.95,0.3531,Medium
1307-ATKGB,Male,No,No,No,24,Month-to-month,89.55,0.3531,Medium
1169-SAOCL,Male,No,No,No,49,One year,106.65,0.3526,Medium
3853-LYGAM,Male,No,No,No,17,Month-to-month,95.65,0.3523,Medium
6300-BWMJX,Female,No,Yes,No,59,Month-to-month,93.35,0.352,Medium
8676-OOQEJ,Male,No,No,No,4,Month-to-month,30.5,0.3509,Medium
3137-LUPIX,Female,No,No,No,4,Month-to-month,64.4,0.3508,Medium
6591-QGOYB,Male,No,No,No,17,Month-to-month,106.65,0.3499,Medium
6143-JQKEA,Male,No,No,No,10,Month-to-month,45.8,0.3497,Medium
0577-WHMEV,Female,No,Yes,No,16,Month-to-month,90.7,0.3496,Medium
1436-ZMJAN,Female,No,Yes,No,10,Month-to-month,67.8,0.3493,Medium
6789-HJBWG,Female,No,No,No,12,Month-to-month,49.4,0.3492,Medium
8091-TTVAX,Male,No,Yes,No,58,One year,100.35,0.3491,Medium
5392-AKEMH,Female,No,No,No,12,Month-to-month,45.05,0.3487,Medium
7929-DMBCV,Female,No,Yes,No,20,Month-to-month,81.0,0.3487,Medium
3352-ALMCK,Male,No,No,No,40,Month-to-month,102.65,0.3487,Medium
1724-IQWNM,Male,No,No,Yes,1,Month-to-month,19.3,0.3482,Medium
6416-YJTTB,Male,No,No,No,11,Month-to-month,79.5,0.3481,Medium
1685-BQULA,Female,No,No,No,40,Month-to-month,93.4,0.348,Medium
3446-QDSZF,Female,No,No,No,4,Month-to-month,55.5,0.348,Medium
5076-YVXCM,Male,No,No,No,51,Month-to-month,83.4,0.3474,Medium
3308-MHOOC,Male,No,No,Yes,1,Month-to-month,19.2,0.3473,Medium
8868-GAGIO,Male,No,Yes,No,45,Month-to-month,84.55,0.3473,Medium
0106-GHRQR,Male,No,No,No,16,Month-to-month,71.4,0.3471,Medium
2931-FSOHN,Male,Yes,No,No,13,Month-to-month,59.9,0.347,Medium
1091-SOZGA,Female,No,Yes,No,56,One year,99.8,0.3469,Medium
0015-UOCOJ,Female,Yes,No,No,7,Month-to-month,48.2,0.3467,Medium
0247-SLUJI,Male,No,Yes,Yes,1,Month-to-month,19.7,0.346,Medium
2267-FPIMA,Male,No,Yes,No,50,Month-to-month,94.4,0.3456,Medium
8167-GJLRN,Male,No,No,No,3,Month-to-month,30.4,0.3455,Medium
6402-EJMWF,Male,No,No,No,4,Month-to-month,55.3,0.3454,Medium
7036-TYDEC,Female,No,No,No,69,Two year,104.0,0.3453,Medium
5243-SAOTC,Male,No,No,No,54,Month-to-month,79.85,0.3452,Medium
3162-KKZXO,Female,Yes,No,No,55,One year,100.15,0.3452,Medium
2346-DJQTB,Female,No,No,No,35,Month-to-month,24.15,0.3451,Medium
9753-OYLBX,Female,No,No,No,1,Month-to-month,20.5,0.3449,Medium
7018-WBJNK,Male,No,No,Yes,13,Month-to-month,78.3,0.3448,Medium
5356-CSVSQ,Female,No,No,No,3,Month-to-month,64.6,0.3445,Medium
2538-OIMXF,Female,No,No,Yes,1,Month-to-month,24.7,0.3443,Medium
5950-AAAGJ,Male,No,No,No,18,Month-to-month,84.3,0.344,Medium
7243-LCGGZ,Female,No,No,No,1,Month-to-month,20.9,0.3438,Medium
2452-KDRRH,Male,Yes,No,No,67,Month-to-month,101.4,0.3435,Medium
6645-MXQJT,Male,No,Yes,Yes,2,Month-to-month,97.1,0.3429,Medium
0221-WMXNQ,Male,Yes,No,No,4,Month-to-month,75.35,0.3427,Medium
6538-POCHL,Male,No,No,No,33,Month-to-month,79.0,0.3425,Medium
6199-IWKGC,Female,Yes,Yes,No,46,One year,100.25,0.3423,Medium
1769-GRUIK,Female,No,No,No,18,Month-to-month,71.1,0.3423,Medium
2279-AXJJK,Male,No,Yes,No,52,Month-to-month,95.65,0.342,Medium
0439-IFYUN,Female,Yes,No,No,18,Month-to-month,74.7,0.342,Medium
2347-WKKAE,Male,No,Yes,No,42,Month-to-month,94.4,0.342,Medium
2495-KZNFB,Female,No,No,No,33,Month-to-month,90.65,0.3418,Medium
6233-HXJMX,Female,No,No,No,45,Month-to-month,89.3,0.3406,Medium
0668-OGMHD,Female,No,Yes,No,21,Month-to-month,28.5,0.3406,Medium
1307-TVUFB,Male,Yes,No,No,42,Month-to-month,79.35,0.3401,Medium
3016-KSVCP,Male,No,Yes,No,29,Month-to-month,33.75,0.3388,Medium
7798-JVXYM,Female,No,No,No,14,Month-to-month,69.65,0.3384,Medium
5712-AHQNN,Female,No,No,No,43,Month-to-month,91.65,0.3383,Medium
1866-OBPNR,Male,No,Yes,Yes,1,Month-to-month,74.6,0.3381,Medium
5312-UXESG,Female,No,No,No,41,Month-to-month,98.05,0.3379,Medium
4636-JGAAI,Male,No,Yes,No,34,Month-to-month,88.85,0.3378,Medium
8450-UYIBU,Female,Yes,No,No,35,Month-to-month,39.85,0.3375,Medium
1217-VASWC,Male,Yes,Yes,No,43,One year,100.55,0.3373,Medium
6075-SLNIL,Male,No,No,No,38,Month-to-month,95.1,0.3372,Medium
9776-OJUZI,Female,Yes,No,No,65,Month-to-month,95.45,0.3368,Medium
9522-BNTHX,Female,Yes,No,No,34,Month-to-month,56.25,0.3363,Medium
3058-WQDRE,Male,No,No,No,13,Month-to-month,25.15,0.3362,Medium
4860-IJUDE,Male,No,No,No,13,Month-to-month,73.75,0.3361,Medium
0356-ERHVT,Male,No,Yes,No,11,Month-to-month,45.9,0.3352,Medium
3258-SANFR,Male,Yes,No,No,6,Month-to-month,44.7,0.3351,Medium
7310-EGVHZ,Male,No,No,No,1,Month-to-month,20.2,0.3351,Medium
5732-IKGQH,Male,Yes,Yes,No,52,One year,104.45,0.335,Medium
0114-PEGZZ,Female,No,No,No,33,Month-to-month,107.55,0.3347,Medium
7895-VONWT,Female,No,No,No,25,Month-to-month,48.25,0.3347,Medium
3855-ONCAR,Female,No,Yes,Yes,4,Month-to-month,78.9,0.3346,Medium
7147-AYBAA,Male,No,No,No,37,Month-to-month,70.35,0.3338,Medium
2740-JFBOK,Male,No,No,No,10,Month-to-month,24.0,0.3336,Medium
8584-KMVXD,Female,No,No,No,8,Month-to-month,75.6,0.3335,Medium
2654-VBVPB,Female,No,No,No,1,Month-to-month,19.9,0.3331,Medium
3452-ABWRL,Male,Yes,No,No,47,Month-to-month,86.05,0.3326,Medium
1482-OXZSY,Male,No,No,No,30,Month-to-month,100.4,0.3322,Medium
6656-JWRQX,Female,No,No,No,1,Month-to-month,30.55,0.3319,Medium
7268-IGMFD,Male,Yes,No,No,18,Month-to-month,93.9,0.3317,Medium
4522-AKYLR,Female,Yes,No,No,13,Month-to-month,54.8,0.3316,Medium
8242-JSVBO,Male,No,No,No,7,Month-to-month,44.65,0.3316,Medium
3349-ANQNH,Female,Yes,No,No,59,One year,99.5,0.3315,Medium
1536-HBSWP,Female,No,No,No,1,Month-to-month,49.9,0.3314,Medium
4833-QTJNO,Male,Yes,Yes,No,67,Month-to-month,83.85,0.3311,Medium
9643-AVVWI,Female,No,Yes,Yes,3,Month-to-month,80.0,0.3308,Medium
6029-CSMJE,Male,No,No,No,17,Month-to-month,25.65,0.3308,Medium
7966-YOTQW,Male,No,No,No,10,Month-to-month,54.5,0.3307,Medium
2826-UWHIS,Male,No,Yes,No,45,Month-to-month,81.4,0.3306,Medium
3946-JEWRQ,Male,No,Yes,No,47,One year,95.2,0.3305,Medium
3191-CSNMG,Female,No,Yes,Yes,3,Month-to-month,80.7,0.3304,Medium
2927-QRRQV,Male,No,Yes,No,46,One year,94.65,0.3298,Medium
6180-YBIQI,Male,No,No,No,5,Month-to-month,24.3,0.3296,Medium
7020-OZKXZ,Female,Yes,No,No,9,Month-to-month,75.5,0.3295,Medium
4948-WBBKL,Female,Yes,No,No,36,Month-to-month,74.9,0.3287,Medium
1169-WCVAK,Male,No,Yes,No,19,Month-to-month,88.8,0.3286,Medium
2455-USLMV,Female,No,No,No,31,Month-to-month,84.75,0.3277,Medium
7853-WNZSY,Male,No,No,No,1,Month-to-month,19.75,0.3277,Medium
6133-OZILE,Female,No,No,No,18,Month-to-month,35.2,0.3276,Medium
6897-UUBNU,Male,No,No,No,29,Month-to-month,89.65,0.3274,Medium
0345-XMMUG,Female,No,Yes,No,46,Two year,108.9,0.3274,Medium
2920-RNCEZ,Male,No,Yes,Yes,1,Month-to-month,69.95,0.3273,Medium
4282-ACRXS,Male,Yes,Yes,No,38,Month-to-month,24.85,0.327,Medium
5839-SUYVZ,Male,No,No,No,16,Month-to-month,74.55,0.3269,Medium
9944-AEXBM,Male,No,No,No,32,Month-to-month,85.65,0.3267,Medium
4488-KQFDT,Female,No,No,No,61,One year,103.95,0.3266,Medium
7389-KBFIT,Female,No,Yes,Yes,2,Month-to-month,30.25,0.3265,Medium
0929-HYQEW,Male,No,No,No,3,Month-to-month,50.15,0.3257,Medium
7617-EYGLW,Male,No,No,No,1,Month-to-month,19.45,0.3254,Medium
9767-FFLEM,Male,No,No,No,38,Month-to-month,69.5,0.3251,Medium
1848-LBZHY,Female,No,Yes,No,7,Month-to-month,50.3,0.325,Medium
8755-IWJHN,Male,Yes,Yes,No,69,Month-to-month,95.35,0.325,Medium
2519-LBNQL,Male,Yes,Yes,No,60,One year,104.35,0.3248,Medium
3589-PPVKW,Male,No,No,No,9,Month-to-month,44.4,0.3243,Medium
9896-UYMIE,Male,No,No,No,66,One year,114.3,0.3237,Medium
0822-QGCXA,Female,Yes,Yes,No,27,Month-to-month,83.85,0.3236,Medium
1320-REHCS,Male,Yes,No,No,52,Month-to-month,110.75,0.3234,Medium
4026-SKKHW,Male,No,No,No,3,Month-to-month,50.25,0.3232,Medium
1763-WQFUK,Male,No,No,No,3,Month-to-month,50.5,0.3232,Medium
1548-FEHVL,Male,No,Yes,No,61,Month-to-month,106.2,0.323,Medium
1530-ZTDOZ,Female,No,Yes,No,49,Month-to-month,40.65,0.3228,Medium
0237-YFUTL,Female,No,Yes,No,50,Month-to-month,109.65,0.3226,Medium
3716-UVSPD,Male,No,No,No,1,Month-to-month,49.3,0.3222,Medium
9626-WEQRM,Female,No,No,No,4,Month-to-month,29.15,0.3216,Medium
2542-HYGIQ,Female,No,No,No,1,Month-to-month,19.95,0.3215,Medium
4811-JBUVU,Male,No,No,No,30,Month-to-month,89.9,0.3211,Medium
9681-KYGYB,Male,Yes,Yes,No,49,Month-to-month,88.2,0.3211,Medium
1728-CXQBE,Male,Yes,Yes,No,64,Month-to-month,94.25,0.3209,Medium
3976-NLDEZ,Male,No,No,No,1,Month-to-month,20.6,0.3208,Medium
5973-EJGDP,Male,No,No,No,51,Month-to-month,87.35,0.3205,Medium
0311-QYWSS,Female,No,No,No,6,Month-to-month,49.45,0.3194,Medium
9537-VHDTA,Female,No,No,Yes,1,Month-to-month,51.2,0.3193,Medium
6549-NNDYT,Female,No,No,No,13,Month-to-month,30.85,0.3192,Medium
0265-PSUAE,Female,No,Yes,Yes,16,Month-to-month,100.7,0.3188,Medium
6954-OOYZZ,Male,No,Yes,No,18,Month-to-month,44.35,0.3187,Medium
9169-BSVIN,Male,No,No,No,12,Month-to-month,74.75,0.3183,Medium
0455-XFASS,Female,No,Yes,Yes,3,Month-to-month,69.55,0.3171,Medium
7821-DPRQE,Male,No,Yes,No,68,Month-to-month,107.7,0.3171,Medium
1329-VHWNP,Female,No,No,No,7,Month-to-month,25.05,0.3168,Medium
1849-RJYIG,Female,No,No,No,8,Month-to-month,60.0,0.3167,Medium
8096-LOIST,Female,No,No,No,19,Month-to-month,56.2,0.3164,Medium
0508-OOLTO,Female,No,Yes,Yes,2,Month-to-month,71.65,0.3163,Medium
0052-DCKON,Male,No,Yes,No,66,One year,115.8,0.316,Medium
2692-PFYTJ,Female,No,No,No,1,Month-to-month,25.75,0.3158,Medium
8878-RYUKI,Female,No,No,No,52,Month-to-month,59.45,0.3158,Medium
4013-GUXND,Male,No,No,No,1,Month-to-month,20.8,0.3153,Medium
2027-WKXMW,Female,No,Yes,No,63,Month-to-month,108.75,0.3153,Medium
5515-RUGKN,Male,No,No,No,8,Month-to-month,54.75,0.3147,Medium
6284-KMNUF,Female,No,Yes,No,56,One year,98.0,0.3145,Medium
7134-MJPDY,Female,Yes,No,No,66,One year,102.85,0.3143,Medium
8393-JMVMB,Male,No,No,No,1,Month-to-month,19.45,0.3143,Medium
3865-ZYKAD,Male,Yes,Yes,No,69,Month-to-month,84.9,0.3139,Medium
2087-QAREY,Female,No,Yes,No,22,Month-to-month,54.7,0.3138,Medium
6198-PNNSZ,Female,No,Yes,No,56,One year,109.8,0.3138,Medium
9026-LHEVG,Female,No,No,No,9,Month-to-month,40.75,0.3135,Medium
7519-JTWQH,Female,No,No,No,69,Two year,110.5,0.3133,Medium
8885-QSQBX,Female,No,No,No,1,Month-to-month,49.55,0.3129,Medium
8993-IZEUX,Male,No,No,No,7,Month-to-month,69.15,0.3128,Medium
3645-DEYGF,Male,No,No,Yes,1,Month-to-month,20.75,0.3128,Medium
1559-DTODC,Male,No,No,No,19,Month-to-month,25.15,0.3127,Medium
4109-CYRBD,Male,Yes,Yes,No,29,Month-to-month,51.6,0.3123,Medium
8620-RJPZN,Female,No,No,No,1,Month-to-month,20.7,0.312,Medium
6693-FRIRW,Male,No,No,No,18,Month-to-month,101.3,0.3119,Medium
2623-DRYAM,Female,No,Yes,No,70,One year,101.75,0.3117,Medium
0177-PXBAT,Male,Yes,Yes,No,33,Month-to-month,109.9,0.3116,Medium
8677-HDZEE,Female,No,No,No,56,Month-to-month,105.45,0.3116,Medium
2111-DWYHN,Male,No,No,No,1,Month-to-month,21.1,0.3112,Medium
9576-SYUHJ,Male,No,No,No,37,Month-to-month,91.15,0.311,Medium
1428-IEDPR,Male,No,No,No,52,Two year,109.3,0.3101,Medium
2586-CWXVV,Male,No,Yes,No,54,Month-to-month,30.4,0.3098,Medium
7502-BNYGS,Female,No,Yes,No,46,Month-to-month,69.1,0.3098,Medium
0927-CNGRH,Male,No,No,Yes,1,Month-to-month,19.55,0.3097,Medium
0058-EVZWM,Female,No,Yes,No,55,Month-to-month,89.8,0.3096,Medium
2853-CWQFQ,Male,No,No,Yes,1,Month-to-month,59.55,0.3095,Medium
4634-JLRJT,Female,No,No,No,1,Month-to-month,20.35,0.3095,Medium
0670-KDOMA,Female,No,No,No,1,Month-to-month,20.25,0.3095,Medium
4291-HPAXL,Male,No,No,Yes,1,Month-to-month,19.85,0.3089,Medium
5136-GFPMB,Male,No,No,No,54,Month-to-month,89.4,0.3086,Medium
7878-JGDKK,Male,No,No,No,4,Month-to-month,44.55,0.3085,Medium
7567-ECMCM,Male,No,No,No,24,Month-to-month,79.85,0.3074,Medium
3808-HFKDE,Female,No,No,No,20,Month-to-month,44.35,0.3072,Medium
4220-TINQT,Female,No,Yes,No,61,Month-to-month,106.35,0.307,Medium
2267-WTPYD,Female,Yes,Yes,No,57,Month-to-month,94.0,0.3069,Medium
1406-PUQVY,Male,No,No,Yes,1,Month-to-month,49.9,0.3068,Medium
5897-ZYEKH,Female,Yes,Yes,No,67,One year,105.6,0.3066,Medium
6458-CYIDZ,Female,Yes,No,No,5,Month-to-month,80.7,0.3065,Medium
6968-GMKPR,Female,No,No,No,55,Month-to-month,81.55,0.3065,Medium
2866-IKBTM,Female,No,No,No,1,Month-to-month,19.55,0.3063,Medium
8605-ITULD,Female,No,No,No,1,Month-to-month,19.55,0.3063,Medium
1905-OEILC,Female,No,No,No,1,Month-to-month,19.5,0.3063,Medium
7982-VCELR,Female,No,No,No,36,Month-to-month,94.8,0.3063,Medium
3569-EDBPQ,Female,No,No,No,24,Month-to-month,84.35,0.3055,Medium
2252-JHJGE,Male,No,No,No,61,One year,104.0,0.3052,Medium
0103-CSITQ,Female,No,Yes,No,57,One year,109.4,0.3044,Medium
4320-QMLLA,Male,No,No,No,7,Month-to-month,54.85,0.3044,Medium
4360-PNRQB,Male,No,No,No,18,Month-to-month,75.6,0.3042,Medium
2475-MROZF,Male,No,No,No,30,Month-to-month,95.0,0.3041,Medium
9793-WECQC,Male,No,No,No,23,Month-to-month,95.3,0.3037,Medium
6818-DJXAA,Female,No,No,Yes,10,Month-to-month,91.1,0.3035,Medium
7601-WFVZV,Male,No,No,No,1,Month-to-month,19.55,0.3034,Medium
9584-EXCDZ,Female,No,No,No,17,Month-to-month,70.5,0.3031,Medium
6480-YAGIY,Male,No,No,No,45,One year,112.2,0.303,Medium
1156-ZFYDO,Female,No,No,No,1,Month-to-month,19.75,0.303,Medium
5302-BDJNT,Male,No,No,No,35,Month-to-month,95.5,0.3023,Medium
2480-EJWYP,Female,Yes,Yes,No,58,One year,97.8,0.3022,Medium
5628-RKIFK,Female,Yes,No,No,49,Month-to-month,101.55,0.3019,Medium
4338-EYCER,Male,No,Yes,No,21,Month-to-month,54.6,0.3014,Medium
8495-PRWFH,Female,Yes,No,No,42,Month-to-month,55.65,0.3007,Medium
6646-JPPHA,Female,Yes,No,No,14,Month-to-month,78.85,0.3004,Medium
5360-LJCNJ,Female,No,Yes,No,71,Two year,105.15,0.3003,Medium
2669-QVCRG,Female,No,No,No,41,Month-to-month,81.3,0.2996,Medium
4350-ZTLPI,Female,No,Yes,No,53,One year,108.95,0.2994,Medium
8735-IJJEG,Male,No,Yes,No,14,Month-to-month,50.2,0.2993,Medium
6917-IAYHD,Male,No,No,Yes,1,Month-to-month,33.6,0.2988,Medium
5371-VYLSX,Female,Yes,No,No,50,Month-to-month,83.4,0.2986,Medium
6743-HHQPF,Male,No,Yes,No,42,Month-to-month,25.1,0.2979,Medium
0999-QXNSA,Male,Yes,No,Yes,7,Month-to-month,45.75,0.297,Medium
7343-EOBEU,Male,No,Yes,No,3,Month-to-month,23.6,0.2966,Medium
3584-WKTTW,Male,No,Yes,No,51,One year,111.55,0.2965,Medium
3307-TLCUD,Male,No,Yes,No,17,Month-to-month,34.4,0.2963,Medium
7291-CDTMJ,Male,No,No,No,1,Month-to-month,19.65,0.2962,Medium
2373-NTKOD,Male,No,No,No,8,Month-to-month,66.25,0.2955,Medium
0326-VDYXE,Female,No,Yes,No,70,One year,97.65,0.2951,Medium
5140-FOMCQ,Female,No,Yes,No,59,One year,109.15,0.295,Medium
6629-LADHQ,Female,No,No,No,2,Month-to-month,50.95,0.2949,Medium
8017-UVSZU,Female,No,Yes,No,40,Month-to-month,56.6,0.2943,Medium
1689-YQBYY,Female,No,No,Yes,12,Month-to-month,76.6,0.2941,Medium
9659-ZTWSM,Male,Yes,Yes,No,66,One year,107.35,0.2939,Medium
0003-MKNFE,Male,No,No,No,9,Month-to-month,59.9,0.2937,Medium
1600-DILPE,Female,No,No,No,12,Month-to-month,45.0,0.2937,Medium
0641-EVBOJ,Male,No,No,No,3,Month-to-month,82.3,0.2935,Medium
2386-OWURY,Female,No,No,No,58,Month-to-month,95.3,0.2931,Medium
2322-VCZHZ,Male,Yes,Yes,No,23,Month-to-month,90.0,0.2927,Medium
2325-WINES,Female,No,No,No,32,One year,104.05,0.2924,Medium
6124-ACRHJ,Female,No,No,No,1,Month-to-month,19.75,0.2923,Medium
0970-QXPXW,Female,No,No,No,1,Month-to-month,19.65,0.2923,Medium
7721-DVEKZ,Female,No,No,No,1,Month-to-month,19.65,0.2923,Medium
1135-LMECX,Female,No,No,No,1,Month-to-month,19.85,0.2923,Medium
2587-EKXTS,Male,No,No,No,44,Month-to-month,111.5,0.2921,Medium
8563-OYMQY,Male,No,No,No,17,Month-to-month,90.95,0.2917,Medium
4753-PADAS,Female,No,Yes,No,67,One year,105.7,0.2915,Medium
7326-RIGQZ,Male,No,Yes,Yes,6,Month-to-month,69.8,0.2912,Medium
7729-JTEEC,Male,No,Yes,Yes,2,Month-to-month,44.5,0.291,Medium
0924-BJCRC,Female,Yes,Yes,No,60,Month-to-month,89.45,0.2909,Medium
2085-BOJKI,Male,No,Yes,No,17,One year,96.65,0.2899,Medium
7272-QDCKA,Male,No,No,No,28,One year,100.2,0.2898,Medium
3930-ZGWVE,Male,No,No,No,1,Month-to-month,19.75,0.2895,Medium
3785-NRHYR,Male,No,No,No,1,Month-to-month,19.65,0.2895,Medium
5088-QZLRL,Male,No,No,No,1,Month-to-month,20.65,0.2892,Medium
5173-WXOQV,Male,No,Yes,No,2,Month-to-month,64.2,0.2881,Medium
2257-BOVXD,Male,No,Yes,No,14,Month-to-month,66.6,0.2877,Medium
7159-FVYPK,Female,No,Yes,Yes,3,Month-to-month,69.15,0.2877,Medium
8896-BQTTI,Male,No,No,No,1,Month-to-month,25.0,0.2877,Medium
7054-ENNGU,Female,No,Yes,No,9,Month-to-month,50.85,0.2877,Medium
5424-RLQLC,Male,No,No,No,10,Month-to-month,59.65,0.2873,Medium
9233-PSYHO,Female,Yes,No,No,45,One year,100.15,0.2872,Medium
2273-QCKXA,Male,No,No,No,1,Month-to-month,49.05,0.287,Medium
2081-KJSQF,Male,No,No,No,1,Month-to-month,20.25,0.2867,Medium
5035-PGZXH,Female,No,No,No,56,One year,106.8,0.2865,Medium
0829-XXPLX,Female,No,No,No,20,Month-to-month,89.4,0.2863,Medium
4452-QIIEB,Male,No,No,No,7,Month-to-month,43.9,0.286,Medium
8807-ARQET,Female,No,No,No,41,Month-to-month,40.35,0.2852,Medium
6786-OBWQR,Female,No,Yes,Yes,5,Month-to-month,80.85,0.2848,Medium
9500-LTVBP,Female,No,No,No,35,Month-to-month,80.05,0.2848,Medium
5443-SCMKX,Female,No,Yes,No,58,One year,94.3,0.2845,Medium
5778-BVOFB,Female,No,No,No,9,Month-to-month,59.5,0.2844,Medium
9842-EFSYY,Female,No,No,Yes,4,Month-to-month,57.2,0.2843,Medium
7813-ZGGAW,Male,Yes,No,No,31,Month-to-month,96.6,0.2842,Medium
8267-KFGYD,Male,No,No,Yes,1,Month-to-month,21.05,0.284,Medium
3164-YAXFY,Male,No,No,No,57,Month-to-month,53.75,0.2837,Medium
8644-XYTSV,Male,No,Yes,No,42,Month-to-month,40.15,0.2833,Medium
3717-LNXKW,Male,No,Yes,No,38,Month-to-month,91.7,0.2831,Medium
5402-HTOTQ,Male,No,No,No,16,Month-to-month,55.3,0.283,Medium
6281-FKEWS,Female,No,No,No,44,One year,49.05,0.2828,Medium
0118-JPNOY,Female,Yes,No,No,26,Month-to-month,85.8,0.2824,Medium
1370-GGAWX,Female,No,No,No,46,One year,94.15,0.281,Medium
6655-LHBYW,Male,No,No,No,50,One year,114.35,0.2805,Medium
6821-JPCDC,Female,No,Yes,No,48,One year,97.05,0.2801,Medium
5575-TPIZQ,Male,No,No,No,46,Month-to-month,89.15,0.28,Medium
5445-GLVOT,Female,No,No,No,22,Month-to-month,49.8,0.2799,Medium
6022-KOUQO,Female,No,Yes,Yes,2,Month-to-month,29.05,0.2795,Medium
1020-JPQOW,Female,No,Yes,No,56,Month-to-month,90.55,0.2792,Medium
7075-BNDVQ,Female,No,No,No,4,Month-to-month,35.0,0.2789,Medium
5600-PDUJF,Male,No,No,No,6,Month-to-month,49.5,0.2788,Medium
2607-FBDFF,Male,No,No,No,1,Month-to-month,49.0,0.2786,Medium
5527-ACHSO,Female,No,No,No,11,Month-to-month,70.5,0.2784,Medium
3199-NPKCN,Female,No,Yes,No,67,One year,111.25,0.278,Medium
2480-SQIOB,Male,No,Yes,Yes,4,Month-to-month,44.8,0.2777,Medium
1360-JYXKQ,Female,Yes,Yes,No,54,One year,99.1,0.2777,Medium
7504-UWHNB,Male,No,No,No,25,Month-to-month,69.75,0.2775,Medium
4132-POCZS,Male,No,Yes,No,52,Month-to-month,39.9,0.277,Medium
6227-FBDXH,Male,No,Yes,No,69,One year,99.5,0.2768,Medium
1986-PHGZF,Male,Yes,No,No,18,Month-to-month,58.4,0.2765,Medium
6486-LHTMA,Female,Yes,Yes,No,31,One year,90.7,0.2763,Medium
2592-YKDIF,Female,No,No,No,1,Month-to-month,20.35,0.2761,Medium
1550-EENBN,Female,No,No,No,31,Month-to-month,104.35,0.276,Medium
7246-ZGQDF,Female,No,No,Yes,1,Month-to-month,54.5,0.2759,Medium
1047-NNCBF,Male,No,No,No,20,Month-to-month,70.55,0.2758,Medium
0481-SUMCB,Female,Yes,No,No,45,One year,102.15,0.2757,Medium
9938-EKRGF,Female,No,No,No,15,Month-to-month,84.45,0.2756,Medium
6297-NOOPG,Female,No,Yes,No,70,Two year,110.5,0.2753,Medium
6854-EXGSF,Female,No,No,No,8,Month-to-month,65.5,0.2752,Medium
6741-EGCBI,Male,Yes,No,No,30,Month-to-month,90.5,0.2749,Medium
4468-KAZHE,Female,Yes,Yes,No,20,Month-to-month,60.0,0.2746,Medium
3374-TTZTK,Male,No,Yes,No,52,Two year,106.3,0.2745,Medium
5370-IIVVL,Male,No,No,No,37,One year,104.5,0.2743,Medium
2284-VFLKH,Male,No,Yes,No,49,One year,99.25,0.2743,Medium
6257-RJOHI,Male,No,No,No,4,Month-to-month,50.8,0.2743,Medium
3566-VVORZ,Female,No,Yes,No,12,Month-to-month,45.9,0.2742,Medium
4007-NHVHI,Female,Yes,No,No,56,Month-to-month,96.85,0.274,Medium
1442-BQPVU,Female,No,No,No,13,Month-to-month,29.15,0.2739,Medium
0887-WBJVH,Female,No,Yes,No,53,One year,93.45,0.2726,Medium
9591-YVTEB,Male,Yes,No,No,55,Month-to-month,44.85,0.2723,Medium
3987-KQDDU,Male,No,No,No,9,Month-to-month,75.6,0.2722,Medium
9281-OFDMF,Male,Yes,No,No,39,Month-to-month,90.7,0.2714,Medium
3126-WQMGH,Female,No,Yes,No,49,Month-to-month,52.15,0.2714,Medium
2144-BFDSO,Female,Yes,Yes,No,50,Month-to-month,108.75,0.2712,Medium
2828-SLQPF,Male,No,No,No,19,Month-to-month,45.0,0.2711,Medium
8982-NHAVY,Male,No,No,No,27,One year,100.5,0.2704,Medium
0409-WTMPL,Female,No,Yes,No,58,One year,110.65,0.2702,Medium
7605-SNLQG,Female,No,Yes,No,45,Month-to-month,50.25,0.2698,Medium
6537-OTKMY,Male,No,No,No,15,One year,50.75,0.2695,Medium
5438-QMDDL,Female,No,Yes,No,19,Month-to-month,59.8,0.2693,Medium
1791-PQHBB,Female,No,No,Yes,2,Month-to-month,61.2,0.2692,Medium
5619-PTMIK,Female,No,Yes,No,46,Month-to-month,53.1,0.269,Medium
8402-EIVQS,Male,No,Yes,No,67,One year,100.9,0.2689,Medium
9327-QSDED,Male,No,No,No,8,Month-to-month,43.55,0.2688,Medium
0463-ZSDNT,Male,No,No,No,10,Month-to-month,56.75,0.2686,Medium
4989-LIXVT,Male,Yes,No,No,68,Month-to-month,95.9,0.2685,Medium
5780-INQIK,Female,No,No,No,8,Month-to-month,49.4,0.2682,Medium
2960-NKRSO,Male,No,No,No,24,Month-to-month,85.95,0.268,Medium
2858-EIMXH,Female,Yes,Yes,No,53,One year,95.85,0.2675,Medium
0440-MOGPM,Female,No,No,No,41,One year,80.55,0.2674,Medium
2476-YGEFM,Female,No,No,No,29,Month-to-month,76.0,0.2673,Medium
0856-NAOES,Male,No,No,No,6,Month-to-month,60.9,0.2671,Medium
1803-BGNBD,Female,No,No,No,12,Month-to-month,54.3,0.2669,Medium
7634-WSWDB,Female,No,No,Yes,8,Month-to-month,38.5,0.2669,Medium
1360-XFJMR,Female,No,Yes,No,67,One year,109.7,0.2668,Medium
2446-ZKVAF,Male,No,Yes,No,18,Month-to-month,56.8,0.2668,Medium
7594-LZNWR,Male,Yes,No,No,34,Month-to-month,69.15,0.2663,Medium
1976-AZZPJ,Male,No,Yes,No,7,Month-to-month,34.2,0.2663,Medium
8120-JDCAM,Male,No,Yes,Yes,4,Month-to-month,69.55,0.2663,Medium
2673-CXQEU,Female,Yes,No,No,56,One year,110.5,0.2662,Medium
4524-QCSSM,Male,No,No,No,26,Month-to-month,44.65,0.2661,Medium
0575-CUQOV,Male,Yes,Yes,No,60,One year,97.95,0.2659,Medium
1656-DRSMG,Female,No,No,No,63,Month-to-month,109.85,0.2655,Medium
6728-VOIFY,Female,No,Yes,No,63,One year,96.0,0.2653,Medium
1423-BMPBQ,Female,No,Yes,Yes,1,Month-to-month,19.0,0.2652,Medium
9633-DENPU,Female,No,Yes,No,47,Month-to-month,58.6,0.2652,Medium
3130-ICDUP,Female,No,No,Yes,2,Month-to-month,80.55,0.2651,Medium
0215-BQKGS,Male,No,No,No,30,Month-to-month,84.3,0.2646,Medium
8791-GFXLZ,Male,No,No,No,12,Month-to-month,49.05,0.2645,Medium
3594-KADLU,Male,No,Yes,No,3,Month-to-month,35.1,0.2645,Medium
4307-KWMXE,Male,No,No,No,10,Month-to-month,35.75,0.2642,Medium
6624-JDRDS,Female,No,No,No,6,Month-to-month,29.45,0.2642,Medium
6383-ZTSIW,Female,Yes,Yes,No,39,One year,99.1,0.2641,Medium
6729-GDNGC,Female,Yes,No,No,20,Month-to-month,80.7,0.264,Medium
5423-BHIXO,Female,No,No,No,32,Month-to-month,54.2,0.2637,Medium
4016-BJKTZ,Female,No,No,No,25,Two year,108.9,0.2628,Medium
7089-XXAYG,Male,No,Yes,No,25,One year,38.1,0.2626,Medium
3842-QTGDL,Male,No,Yes,No,16,Month-to-month,80.75,0.2626,Medium
5651-WYIPH,Female,Yes,No,No,18,Month-to-month,49.85,0.2623,Medium
9389-ACWBI,Female,No,Yes,Yes,5,Month-to-month,69.95,0.2622,Medium
8375-KVTHK,Male,No,Yes,No,68,One year,100.3,0.2622,Medium
1228-ZLNBX,Male,No,No,No,21,Month-to-month,75.3,0.2622,Medium
6637-KYRCV,Female,No,Yes,Yes,5,Month-to-month,30.5,0.2621,Medium
6522-YRBXD,Male,Yes,Yes,No,35,Month-to-month,94.55,0.2618,Medium
2716-GFZOR,Male,No,Yes,No,43,Month-to-month,86.1,0.2618,Medium
6614-VBEGU,Female,No,Yes,No,24,Month-to-month,69.45,0.2617,Medium
7130-CTCUS,Male,Yes,Yes,No,16,Month-to-month,54.55,0.2616,Medium
1580-BMCMR,Male,Yes,No,No,19,Month-to-month,87.3,0.2612,Medium
1557-EMYVT,Female,No,No,No,43,Two year,115.05,0.2603,Medium
0380-NEAVX,Male,Yes,No,No,34,One year,99.85,0.2603,Medium
9873-MNDKV,Female,No,No,No,11,Month-to-month,44.65,0.2602,Medium
4343-EJVQB,Male,No,No,No,7,Month-to-month,74.35,0.26,Medium
5188-HGMLP,Male,Yes,Yes,No,54,Month-to-month,74.0,0.2599,Medium
2615-YVMYX,Male,Yes,Yes,No,71,Month-to-month,107.5,0.2594,Medium
5172-MIGPM,Male,No,No,No,4,Month-to-month,65.55,0.2586,Medium
1215-FIGMP,Male,No,No,No,60,Month-to-month,89.9,0.2585,Medium
1456-TWCGB,Male,No,No,No,4,Month-to-month,49.25,0.2582,Medium
8070-AAWZP,Male,Yes,Yes,No,24,Month-to-month,34.25,0.258,Medium
3144-KMTWZ,Male,No,Yes,No,71,Month-to-month,93.25,0.2579,Medium
2080-SRCDE,Female,No,No,Yes,1,Month-to-month,25.4,0.2578,Medium
0080-OROZO,Female,No,No,No,35,One year,99.25,0.2575,Medium
5046-NUHWD,Female,Yes,Yes,No,29,Month-to-month,45.0,0.2572,Medium
1996-DBMUS,Female,Yes,Yes,No,48,Month-to-month,70.65,0.2572,Medium
9943-VSZUV,Male,Yes,No,No,67,Month-to-month,75.7,0.2571,Medium
4950-BDEUX,Male,No,No,No,35,Month-to-month,49.2,0.2563,Medium
9774-NRNAU,Male,Yes,Yes,No,27,Month-to-month,84.8,0.256,Medium
7516-GMHUV,Male,Yes,Yes,No,50,Two year,105.05,0.2556,Medium
1453-RZFON,Female,No,No,Yes,1,Month-to-month,49.9,0.2555,Medium
6351-SCJKT,Male,No,No,No,3,Month-to-month,41.35,0.2554,Medium
3590-TCXTB,Male,No,No,No,1,Month-to-month,20.35,0.255,Medium
9122-UMROB,Male,No,No,No,1,Month-to-month,20.3,0.255,Medium
8203-XJZRC,Male,No,No,No,1,Month-to-month,20.25,0.255,Medium
2676-ISHSF,Male,No,No,No,1,Month-to-month,20.3,0.255,Medium
2272-UOINI,Female,No,No,No,7,Month-to-month,78.5,0.2544,Medium
7009-LGECI,Female,No,No,No,4,Month-to-month,50.55,0.2543,Medium
5146-CBVOE,Female,No,No,No,16,Month-to-month,75.1,0.2536,Medium
8124-NZVGJ,Female,No,No,No,6,One year,49.25,0.2525,Medium
6333-YDVLT,Male,No,No,No,65,One year,110.0,0.2521,Medium
7402-PWYJJ,Female,No,Yes,No,53,One year,91.15,0.2514,Medium
8455-HIRAQ,Female,No,No,No,8,Month-to-month,44.45,0.2508,Medium
4826-TZEVA,Female,No,No,No,40,Month-to-month,74.8,0.2502,Medium
6128-DAFVY,Female,No,No,No,56,Month-to-month,44.85,0.2499,Low
6620-JDYNW,Female,No,No,No,18,Month-to-month,60.6,0.2497,Low
3689-MOZGR,Female,No,No,No,29,Month-to-month,31.2,0.2492,Low
7501-VTYLJ,Female,No,No,Yes,2,Month-to-month,51.55,0.2492,Low
4138-NAXED,Male,No,No,No,51,Month-to-month,81.0,0.2491,Low
9881-VCZEP,Female,No,Yes,No,25,Month-to-month,54.1,0.2489,Low
7409-JURKQ,Female,No,Yes,No,53,One year,111.8,0.2488,Low
9396-ZSFLL,Female,No,No,No,15,Month-to-month,48.85,0.2486,Low
1394-SUIUH,Female,Yes,Yes,No,44,Month-to-month,85.15,0.2483,Low
4673-KKSLS,Female,No,No,No,31,Month-to-month,87.6,0.2481,Low
2000-MPKCA,Female,No,No,No,58,One year,107.75,0.2479,Low
9688-YGXVR,Female,No,No,No,44,Month-to-month,88.15,0.2478,Low
1685-VAYJF,Male,No,No,No,11,Month-to-month,45.2,0.2476,Low
8065-BVEPF,Male,Yes,No,No,65,Month-to-month,99.1,0.2471,Low
4869-EPIUS,Male,No,Yes,No,56,One year,80.9,0.247,Low
4130-MZLCC,Female,No,No,No,5,Month-to-month,50.55,0.2458,Low
2851-STERV,Male,Yes,No,No,35,One year,73.0,0.2454,Low
4439-YRNVD,Female,No,No,No,10,Month-to-month,36.25,0.2448,Low
6797-UCJHZ,Female,Yes,Yes,No,66,One year,104.6,0.2445,Low
8313-KTIHG,Male,No,No,No,4,Month-to-month,61.3,0.2443,Low
4918-FYJNT,Female,Yes,Yes,No,55,Month-to-month,90.45,0.2443,Low
7129-CAKJW,Female,No,No,No,17,Month-to-month,80.05,0.2442,Low
3511-APPBJ,Male,No,No,No,23,One year,99.95,0.244,Low
2937-FTHUR,Female,No,No,Yes,18,Month-to-month,64.8,0.2437,Low
7072-MBHEV,Female,Yes,Yes,Yes,11,Month-to-month,78.1,0.2434,Low
1422-DGUBX,Male,No,Yes,No,32,One year,79.25,0.2434,Low
3043-TYBNO,Male,No,No,No,3,Month-to-month,60.65,0.2432,Low
5542-DHSXL,Female,No,Yes,No,4,Month-to-month,54.7,0.2431,Low
3797-FKOGQ,Male,No,No,Yes,11,Month-to-month,86.2,0.2426,Low
3113-IWHLC,Male,No,No,No,5,Month-to-month,55.8,0.2426,Low
5213-TWWJU,Male,No,No,No,28,Month-to-month,91.0,0.2425,Low
1371-WEPDS,Male,Yes,Yes,No,40,One year,55.8,0.2424,Low
4482-FTFFX,Male,No,No,No,5,Month-to-month,56.15,0.2423,Low
5934-RMPOV,Female,No,No,Yes,22,Month-to-month,84.75,0.2421,Low
3969-GYXEL,Female,No,No,No,11,Month-to-month,76.4,0.2417,Low
7277-OZCGZ,Female,No,No,No,22,Month-to-month,89.05,0.2415,Low
9494-BDNNC,Male,No,Yes,No,66,One year,95.3,0.2412,Low
4832-VRBMR,Male,Yes,Yes,No,65,One year,103.15,0.2411,Low
8229-MYEJZ,Female,No,No,No,10,Month-to-month,51.2,0.2411,Low
8016-NCFVO,Male,Yes,No,No,55,Month-to-month,116.5,0.2409,Low
8118-TJAFG,Male,No,Yes,Yes,9,Month-to-month,101.5,0.2407,Low
2988-GBIVW,Female,Yes,Yes,No,70,Month-to-month,90.85,0.2403,Low
5568-DMXZS,Female,No,No,No,8,Month-to-month,65.45,0.2398,Low
0916-QOFDP,Female,Yes,Yes,Yes,14,Month-to-month,95.8,0.2397,Low
2486-WYVVE,Male,No,Yes,No,31,One year,79.3,0.2394,Low
8799-OXZMD,Female,No,No,No,28,Month-to-month,29.75,0.2393,Low
8344-WFMFH,Male,No,No,Yes,9,Month-to-month,50.1,0.239,Low
3537-RYBHH,Female,Yes,Yes,No,47,Month-to-month,67.45,0.2388,Low
7814-LEEVE,Female,No,Yes,No,1,Month-to-month,20.3,0.2387,Low
7748-UMTRK,Female,Yes,No,Yes,30,Month-to-month,101.3,0.2386,Low
7030-NJVDP,Male,No,Yes,No,24,Month-to-month,89.25,0.2386,Low
2805-EDJPQ,Female,No,Yes,No,56,One year,99.75,0.2381,Low
3521-MNKLV,Male,No,No,No,24,Month-to-month,49.7,0.2378,Low
4827-USJHP,Male,No,No,No,20,Month-to-month,51.8,0.2374,Low
5981-ZVXOT,Female,Yes,No,No,35,One year,108.35,0.2374,Low
4480-MBMLB,Female,No,No,No,36,One year,104.8,0.2373,Low
1663-MHLHE,Male,No,No,No,1,Month-to-month,19.2,0.2372,Low
3391-JSQEW,Male,No,Yes,No,40,Month-to-month,50.15,0.2371,Low
2305-MRGLV,Male,No,Yes,No,28,Month-to-month,76.55,0.237,Low
1867-TJHTS,Female,No,No,No,58,Month-to-month,79.8,0.2369,Low
9163-GHAYE,Female,No,No,No,15,Month-to-month,48.85,0.2367,Low
6807-SIWJI,Male,No,No,No,38,One year,104.85,0.2366,Low
9332-GYWLO,Female,No,Yes,Yes,6,Month-to-month,54.85,0.2365,Low
8963-JLGJT,Male,No,No,Yes,3,Month-to-month,55.9,0.2364,Low
2018-PZKMU,Male,No,Yes,Yes,9,Month-to-month,103.1,0.2363,Low
9701-CDXHR,Female,No,Yes,No,51,Month-to-month,69.15,0.236,Low
5949-HGVJL,Female,No,Yes,No,26,Month-to-month,73.05,0.236,Low
0471-ARVMX,Female,Yes,Yes,No,62,One year,104.85,0.2356,Low
0130-SXOUN,Male,No,No,No,66,Month-to-month,89.4,0.2352,Low
4987-GQWPO,Male,No,No,No,17,Month-to-month,25.1,0.2349,Low
3680-CTHUH,Male,No,No,No,60,One year,116.6,0.2346,Low
9862-KJTYK,Male,No,No,Yes,19,Month-to-month,25.35,0.2342,Low
1958-RNRKS,Male,No,Yes,No,30,Month-to-month,49.9,0.2342,Low
9107-UKCKY,Male,No,Yes,No,61,One year,79.8,0.2341,Low
6728-WYQBC,Male,No,No,No,1,Month-to-month,20.95,0.2339,Low
3898-GUYTS,Female,Yes,No,No,45,Month-to-month,97.05,0.2332,Low
0867-LDTTC,Male,No,No,No,5,Month-to-month,75.15,0.233,Low
2782-JEEBU,Male,No,No,No,21,Month-to-month,36.0,0.2329,Low
6734-FQAJX,Male,Yes,No,No,67,Two year,105.05,0.2326,Low
0222-CNVPT,Male,Yes,No,No,52,Month-to-month,48.8,0.2326,Low
8148-BPLZQ,Male,No,No,No,34,Month-to-month,49.8,0.2326,Low
9097-ZUBYC,Male,No,Yes,No,14,Month-to-month,48.8,0.2325,Low
6968-MHOMU,Male,No,Yes,No,58,One year,45.0,0.2325,Low
4676-MQUEA,Male,Yes,Yes,No,50,One year,101.9,0.2324,Low
1264-FUHCX,Female,No,Yes,No,49,One year,56.3,0.2323,Low
1355-KUSBG,Female,No,Yes,Yes,7,Month-to-month,48.8,0.232,Low
9114-AAFQH,Female,No,Yes,No,48,One year,65.65,0.2319,Low
4683-WYDOU,Male,No,Yes,No,62,Two year,107.6,0.2318,Low
3256-EZDBI,Male,Yes,Yes,No,51,Month-to-month,29.45,0.2316,Low
1421-HCERK,Male,Yes,Yes,No,30,Month-to-month,105.7,0.2314,Low
5843-TTHGI,Female,No,No,No,18,Month-to-month,50.0,0.2308,Low
5133-VRSAB,Male,No,No,No,8,Month-to-month,29.35,0.2305,Low
5886-VLQVU,Male,No,Yes,No,35,Month-to-month,89.85,0.2304,Low
4724-WXVWF,Male,No,No,No,48,Month-to-month,95.4,0.2303,Low
6137-MFAJN,Female,No,No,No,48,Month-to-month,44.8,0.23,Low
6218-KNUBD,Male,No,No,No,6,Month-to-month,59.45,0.2297,Low
6344-SFJVH,Female,No,No,No,20,Month-to-month,24.9,0.2296,Low
0228-MAUWC,Male,No,No,No,19,Month-to-month,59.55,0.2293,Low
0191-ZHSKZ,Male,Yes,No,No,30,Month-to-month,74.75,0.2293,Low
0423-UDIJQ,Male,Yes,No,No,9,Month-to-month,49.2,0.2293,Low
3570-YUEKJ,Female,No,No,No,42,Month-to-month,49.55,0.2293,Low
7883-ROJOC,Female,No,Yes,No,19,Month-to-month,44.9,0.2292,Low
5600-KTXFM,Male,No,Yes,Yes,2,Month-to-month,69.95,0.2292,Low
3413-CSSTH,Male,No,No,No,41,Month-to-month,55.7,0.2287,Low
5651-CPDND,Male,No,No,No,10,Month-to-month,46.0,0.2286,Low
6878-GGDWG,Female,No,Yes,No,32,Month-to-month,19.4,0.2283,Low
4391-LNRXK,Male,No,No,No,22,Month-to-month,94.95,0.2279,Low
6184-DYUOB,Female,No,Yes,No,3,Month-to-month,19.6,0.2279,Low
5868-YTYKS,Male,No,No,Yes,1,Month-to-month,20.25,0.2278,Low
2988-PLAHS,Female,No,No,No,3,One year,69.95,0.2274,Low
0880-FVFWF,Male,No,No,No,56,Month-to-month,86.4,0.2273,Low
4226-KKDON,Male,No,No,No,8,Month-to-month,66.65,0.2272,Low
8735-DCXNF,Male,No,Yes,No,10,Month-to-month,54.95,0.2272,Low
8095-WANWK,Female,No,No,No,10,Month-to-month,45.25,0.2263,Low
8023-QHAIO,Female,Yes,Yes,No,56,Month-to-month,76.85,0.2262,Low
6008-NAIXK,Male,Yes,No,No,54,One year,55.45,0.2261,Low
8565-HBFNN,Male,No,Yes,No,69,One year,107.2,0.226,Low
3094-JOJAI,Male,No,No,No,18,Month-to-month,74.15,0.226,Low
3604-WLABM,Female,No,No,No,10,Month-to-month,54.25,0.2259,Low
0621-HJWXJ,Female,No,Yes,No,63,Month-to-month,81.55,0.2259,Low
0295-QVKPB,Male,No,No,No,5,Month-to-month,63.95,0.2259,Low
3694-DELSO,Male,No,Yes,Yes,4,Month-to-month,38.55,0.2256,Low
7396-VJUZB,Male,No,Yes,Yes,4,Month-to-month,45.25,0.2255,Low
9708-KFDBY,Male,No,No,No,1,Month-to-month,20.55,0.2254,Low
5215-LNLDJ,Female,No,Yes,Yes,7,Month-to-month,24.7,0.2253,Low
7188-CBBBA,Female,No,No,No,65,One year,95.5,0.2246,Low
8404-FYDIB,Male,No,No,No,26,Month-to-month,86.65,0.2243,Low
3620-MWJNE,Male,No,No,No,2,Month-to-month,54.45,0.2232,Low
2270-CHBFN,Female,No,Yes,No,44,Month-to-month,95.1,0.2229,Low
9373-WSLOY,Male,Yes,Yes,No,33,Month-to-month,50.0,0.2227,Low
7850-VWJUU,Female,No,No,No,23,Month-to-month,75.0,0.2227,Low
5071-FBJFS,Female,No,Yes,Yes,4,Month-to-month,50.3,0.2224,Low
8944-AILEF,Male,No,Yes,No,15,Month-to-month,19.45,0.222,Low
8967-SZQAS,Female,No,No,No,14,Month-to-month,50.45,0.2219,Low
3756-VNWDH,Male,Yes,Yes,No,65,One year,100.75,0.2219,Low
2896-TBNBE,Male,No,Yes,No,40,One year,80.8,0.2217,Low
9142-KZXOP,Male,No,No,No,44,Month-to-month,68.85,0.2215,Low
9644-UMGQA,Male,No,Yes,Yes,6,Month-to-month,49.15,0.2215,Low
2700-LUEVA,Male,No,No,No,1,Month-to-month,20.75,0.221,Low
7693-QPEFS,Male,Yes,No,No,52,Month-to-month,72.95,0.221,Low
1810-BOHSY,Male,No,Yes,No,51,One year,96.4,0.221,Low
6733-LRIZX,Male,No,No,No,35,Two year,108.95,0.2208,Low
7285-KLOTR,Female,No,Yes,No,12,One year,78.85,0.2205,Low
4256-ZWTZI,Female,No,No,Yes,5,Month-to-month,51.0,0.2201,Low
2040-VZIKE,Female,No,Yes,No,49,Month-to-month,100.85,0.2201,Low
1025-FALIX,Female,No,No,No,26,Month-to-month,69.05,0.22,Low
7610-TVOPG,Male,No,No,No,15,Month-to-month,26.35,0.2197,Low
1215-VFYVK,Female,No,No,No,4,Month-to-month,48.25,0.2197,Low
8190-ZTQFB,Male,No,No,No,41,One year,51.35,0.2196,Low
1465-LNTLJ,Male,Yes,Yes,No,8,Month-to-month,64.4,0.2194,Low
8985-OOPOS,Female,No,No,No,1,One year,74.1,0.2193,Low
6627-CFOSN,Female,No,No,No,59,Month-to-month,99.45,0.2191,Low
1596-OQSPS,Female,No,No,No,11,Month-to-month,51.1,0.2188,Low
3452-SRFEG,Male,No,No,No,49,Month-to-month,74.6,0.2185,Low
2604-XVDAM,Female,No,No,No,12,Month-to-month,43.8,0.2183,Low
7923-IYJWY,Male,Yes,No,No,67,Two year,116.1,0.2182,Low
5294-IMHHT,Male,No,Yes,No,53,One year,97.75,0.218,Low
8329-UTMVM,Male,Yes,No,No,27,One year,104.65,0.2177,Low
8734-DKSTZ,Female,No,Yes,Yes,10,Month-to-month,85.95,0.2176,Low
6583-SZVGP,Male,No,No,No,48,Two year,108.1,0.2175,Low
8166-ORCHU,Male,Yes,Yes,No,33,One year,93.55,0.2173,Low
2474-LCNUE,Female,No,Yes,No,23,Month-to-month,73.65,0.2169,Low
6469-MRVET,Male,No,Yes,No,1,One year,20.2,0.2168,Low
1768-HNVGJ,Female,Yes,No,No,45,Month-to-month,70.05,0.2163,Low
5186-EJEGL,Male,No,No,No,9,Month-to-month,69.5,0.2161,Low
8388-FYNPZ,Male,No,No,No,4,Month-to-month,56.75,0.216,Low
2378-HTWFW,Male,Yes,No,No,35,Month-to-month,91.0,0.2159,Low
5433-KYGHE,Female,No,No,Yes,14,Month-to-month,86.0,0.2159,Low
8725-JEDFD,Male,No,No,No,27,Month-to-month,69.05,0.2158,Low
7766-CLTIC,Female,No,No,No,10,Month-to-month,60.95,0.2157,Low
5325-UWTWJ,Male,No,Yes,No,31,Month-to-month,90.55,0.2154,Low
1098-TDVUQ,Female,No,No,No,1,Month-to-month,19.25,0.2154,Low
2676-OXPPQ,Male,No,No,No,6,Month-to-month,55.7,0.2153,Low
9821-BESNZ,Male,No,No,No,66,One year,104.25,0.2153,Low
9505-SQFSW,Female,No,Yes,Yes,3,Month-to-month,40.3,0.2152,Low
1258-YMZNM,Female,Yes,No,No,27,One year,110.5,0.2151,Low
9375-MHRRS,Male,No,No,No,6,Month-to-month,50.05,0.2144,Low
6749-UTDVX,Male,No,No,No,72,Two year,103.65,0.2143,Low
3758-CKOQL,Female,No,Yes,No,59,One year,107.0,0.2142,Low
3509-GWQGF,Male,Yes,No,No,24,Month-to-month,70.0,0.2142,Low
6689-VRRTK,Female,Yes,No,No,44,One year,109.8,0.2141,Low
7013-PSXHK,Female,No,No,No,40,One year,80.75,0.2139,Low
1907-YLNYW,Male,No,No,No,8,Month-to-month,66.7,0.2137,Low
1202-KKGFU,Female,No,Yes,No,12,Month-to-month,54.2,0.2135,Low
1518-OMDIK,Male,No,Yes,No,33,Month-to-month,44.55,0.2135,Low
6572-ADKRS,Female,No,No,No,46,Month-to-month,74.8,0.2135,Low
6921-OZMFH,Male,No,Yes,Yes,5,Month-to-month,55.7,0.2134,Low
5206-HPJKM,Male,No,No,No,17,Month-to-month,55.5,0.2132,Low
3466-WAESX,Male,No,No,Yes,16,Month-to-month,69.1,0.2127,Low
8295-FHIVV,Male,No,No,No,7,Month-to-month,19.4,0.2126,Low
3170-GWYKC,Female,No,No,No,60,Month-to-month,104.95,0.2123,Low
4010-YLMVT,Female,No,No,No,56,Month-to-month,106.6,0.212,Low
5366-OBVMR,Female,No,Yes,No,18,Month-to-month,50.3,0.2116,Low
4619-EVPHY,Female,Yes,Yes,No,20,One year,91.0,0.2116,Low
3794-NFNCH,Male,No,Yes,No,30,Month-to-month,50.0,0.2115,Low
2709-UQGNP,Male,No,No,No,10,Month-to-month,51.65,0.2111,Low
9780-FKVVF,Male,No,No,No,6,Month-to-month,59.15,0.211,Low
3890-RTCMS,Male,No,No,No,16,Month-to-month,49.45,0.2107,Low
4003-FUSHP,Male,No,No,No,19,Month-to-month,61.55,0.2107,Low
8819-ZBYNA,Female,No,Yes,No,58,Two year,109.1,0.2106,Low
6360-SVNWV,Female,Yes,No,No,31,Month-to-month,73.55,0.2098,Low
7950-XWOVN,Male,No,No,No,11,Month-to-month,34.7,0.2097,Low
7041-TXQJH,Female,No,No,No,37,Month-to-month,40.2,0.2095,Low
5136-RGMZO,Male,No,No,No,31,Month-to-month,71.05,0.2093,Low
5701-ZIKJE,Male,No,No,No,13,Month-to-month,50.55,0.2093,Low
4324-AHJKS,Female,No,No,No,5,Month-to-month,55.8,0.2093,Low
2988-QRAJY,Male,No,No,No,69,Two year,110.05,0.2092,Low
7740-KKCXF,Male,No,Yes,No,51,Month-to-month,30.05,0.2091,Low
7074-STDCN,Male,No,No,No,39,Month-to-month,40.6,0.2086,Low
8089-UZWLX,Female,Yes,No,No,71,Two year,104.05,0.2086,Low
5569-IDSEY,Male,No,Yes,No,71,One year,105.7,0.2085,Low
2195-VVRJF,Male,Yes,Yes,No,18,Month-to-month,59.1,0.2081,Low
2055-SIFSS,Female,Yes,Yes,No,55,Month-to-month,51.65,0.2074,Low
2792-VPPET,Male,No,No,No,3,Month-to-month,20.5,0.2074,Low
0665-XHDJU,Male,No,Yes,No,72,Two year,99.4,0.2071,Low
9833-TGFHX,Male,No,Yes,No,42,One year,97.1,0.2071,Low
8980-WQFWL,Female,No,No,No,35,Month-to-month,62.1,0.2069,Low
6345-HOVES,Male,No,No,No,34,Month-to-month,25.05,0.2069,Low
2843-CQMEG,Male,No,No,No,24,Month-to-month,49.7,0.2068,Low
0442-ZXKVS,Female,Yes,Yes,No,54,One year,115.6,0.2067,Low
8627-ZYGSZ,Male,No,Yes,No,47,One year,78.9,0.2062,Low
0795-GMVQO,Male,No,Yes,No,67,One year,109.9,0.206,Low
0523-VNGTF,Female,Yes,No,No,52,Month-to-month,50.5,0.2059,Low
5996-DAOQL,Male,No,No,No,1,Month-to-month,20.45,0.2057,Low
8262-COGGB,Male,No,No,No,1,Month-to-month,20.45,0.2057,Low
8294-UIMBA,Female,No,No,No,30,One year,94.4,0.2055,Low
8562-GHPPI,Female,No,No,No,1,Month-to-month,19.8,0.2054,Low
7382-DFJTU,Male,No,No,No,18,Month-to-month,55.2,0.2051,Low
7824-PANSQ,Male,No,No,No,58,Month-to-month,80.65,0.205,Low
9342-VNIMQ,Male,No,No,No,33,Month-to-month,54.65,0.2047,Low
0277-BKSQP,Male,No,Yes,Yes,8,Month-to-month,54.4,0.2047,Low
5168-MSWXT,Male,No,Yes,Yes,8,Month-to-month,94.75,0.2046,Low
9501-UKKNL,Male,No,No,No,59,Month-to-month,51.7,0.2046,Low
4647-XXZAM,Female,No,Yes,Yes,6,Month-to-month,45.5,0.2045,Low
3717-OFRTN,Male,No,No,No,1,Month-to-month,19.75,0.204,Low
4462-CYWMH,Male,Yes,Yes,No,62,Month-to-month,89.8,0.2039,Low
0319-QZTCO,Female,No,Yes,Yes,3,Month-to-month,58.7,0.2039,Low
1548-ARAGG,Female,No,Yes,Yes,4,Month-to-month,58.5,0.2034,Low
9481-SFCQY,Female,No,No,Yes,14,Month-to-month,59.8,0.2033,Low
7869-ZYDST,Male,No,Yes,No,31,Month-to-month,59.05,0.203,Low
2616-UUTFK,Male,No,Yes,No,33,Month-to-month,72.75,0.2025,Low
2731-GJRDG,Female,No,No,No,32,One year,109.55,0.2025,Low
7521-AFHAB,Female,No,Yes,Yes,5,Month-to-month,44.8,0.2025,Low
3055-OYMSE,Female,Yes,No,No,53,Month-to-month,73.8,0.2024,Low
6898-MDLZW,Male,No,No,No,12,Month-to-month,53.75,0.2023,Low
3160-TYXLT,Male,No,No,No,53,Month-to-month,46.3,0.2022,Low
4360-QRAVE,Male,Yes,No,No,37,Month-to-month,36.65,0.2021,Low
4232-JGKIY,Male,No,No,No,1,Month-to-month,19.2,0.202,Low
5945-AZYHT,Male,No,Yes,No,71,One year,109.6,0.2018,Low
5156-UMKOW,Female,No,No,Yes,3,Month-to-month,29.65,0.2017,Low
1767-TGTKO,Female,No,Yes,Yes,8,Month-to-month,45.45,0.2017,Low
6469-QJKZW,Female,No,Yes,No,4,Month-to-month,20.15,0.2014,Low
3629-WEAAM,Female,No,No,No,8,Month-to-month,64.1,0.2008,Low
5574-NXZIU,Male,No,No,No,63,Two year,109.2,0.2004,Low
0872-JCPIB,Male,No,No,No,17,Month-to-month,65.75,0.2001,Low
1919-RTPQD,Male,No,Yes,Yes,7,Month-to-month,44.75,0.2,Low
8409-WQJUX,Female,No,No,No,25,One year,54.2,0.1999,Low
5311-IHLEI,Male,No,No,No,12,Month-to-month,50.95,0.1993,Low
0239-OXEXL,Female,No,No,No,46,Month-to-month,84.25,0.1991,Low
8731-WBBMB,Female,No,Yes,No,26,Month-to-month,81.9,0.1985,Low
6917-YACBP,Female,Yes,No,No,59,Month-to-month,89.75,0.1983,Low
6500-JVEGC,Male,No,No,No,68,One year,101.35,0.1983,Low
6968-URWQU,Male,No,Yes,No,43,One year,56.35,0.1983,Low
6723-WSNTY,Female,Yes,Yes,No,66,One year,108.1,0.1982,Low
4672-FOTSD,Male,No,No,No,12,Month-to-month,67.25,0.1981,Low
1353-LJWEM,Male,No,No,No,11,Month-to-month,60.9,0.1981,Low
9761-XUJWD,Male,No,No,No,5,Month-to-month,65.6,0.198,Low
2200-DSAAL,Female,No,No,No,68,Two year,80.65,0.1979,Low
1935-IMVBB,Male,No,Yes,No,56,Month-to-month,89.7,0.1979,Low
3090-QFUVD,Female,No,No,No,1,Month-to-month,20.3,0.1978,Low
0584-BJQGZ,Female,No,No,No,25,Month-to-month,78.35,0.1976,Low
2750-BJLSB,Female,No,No,No,47,One year,103.7,0.1974,Low
3727-JEZTU,Female,No,No,No,1,Month-to-month,20.4,0.1972,Low
4123-FCVCB,Female,No,No,No,12,One year,75.85,0.1972,Low
1575-KRZZE,Female,No,No,No,4,Month-to-month,55.2,0.197,Low
4759-PXTAN,Female,No,Yes,No,59,One year,80.1,0.1968,Low
7856-GANIL,Male,Yes,Yes,No,45,One year,98.7,0.1967,Low
6713-OKOMC,Female,No,No,No,10,Month-to-month,29.75,0.1966,Low
7905-TVXTA,Female,No,No,No,5,Month-to-month,64.35,0.1965,Low
3845-FXCYS,Male,No,No,No,2,Month-to-month,19.65,0.1964,Low
7208-PSIHR,Female,No,Yes,No,70,Two year,104.3,0.1964,Low
2651-ZCBXV,Male,No,No,No,54,Two year,108.0,0.1962,Low
2122-YWVYA,Female,No,No,No,18,Month-to-month,75.4,0.1961,Low
0734-OXWBT,Male,No,No,Yes,3,Month-to-month,70.7,0.1961,Low
9489-UTFKA,Male,Yes,Yes,No,8,Month-to-month,60.9,0.196,Low
6578-KRMAW,Male,No,No,No,32,Month-to-month,93.4,0.1958,Low
8992-VONJD,Female,No,No,Yes,13,Month-to-month,56.0,0.1957,Low
0929-PECLO,Female,Yes,No,No,63,Month-to-month,89.6,0.1955,Low
9931-KGHOA,Female,No,Yes,No,46,Month-to-month,55.0,0.1954,Low
9314-IJWSQ,Female,No,Yes,Yes,14,Month-to-month,84.8,0.1951,Low
1710-RCXUS,Male,No,Yes,No,51,One year,90.35,0.1949,Low
4819-HJPIW,Male,No,No,No,18,Month-to-month,25.15,0.1946,Low
4822-LPTYJ,Male,No,Yes,No,72,Two year,103.75,0.1943,Low
6036-TTFYU,Female,No,Yes,No,16,Month-to-month,19.6,0.194,Low
0365-TRTPY,Female,No,No,No,37,Month-to-month,91.2,0.1939,Low
6942-LBFDP,Female,No,No,No,2,Month-to-month,20.55,0.1933,Low
7055-JCGNI,Female,No,No,No,70,Two year,111.95,0.1933,Low
1576-PFZIW,Male,Yes,Yes,No,70,Two year,105.35,0.1932,Low
7245-JMTTQ,Female,No,No,No,51,One year,111.5,0.1928,Low
0959-WHOKV,Male,No,No,No,42,One year,99.0,0.1925,Low
8663-UPDGF,Female,No,No,No,26,Month-to-month,69.5,0.1924,Low
2229-VWQJH,Female,No,No,No,24,Month-to-month,49.3,0.1914,Low
9659-QEQSY,Female,No,No,No,45,Month-to-month,115.65,0.1913,Low
4712-AUQZO,Male,No,No,No,18,Month-to-month,33.6,0.1907,Low
0550-DCXLH,Male,No,No,No,13,Month-to-month,73.35,0.1907,Low
7718-UPSKJ,Female,No,Yes,No,69,One year,106.4,0.1902,Low
5951-AOFIH,Male,No,No,No,33,Month-to-month,66.4,0.1902,Low
4415-WNGVR,Female,Yes,Yes,No,12,One year,79.2,0.1899,Low
6633-SYEUS,Female,No,No,No,23,Month-to-month,83.2,0.1899,Low
4450-YOOHP,Female,No,No,No,39,Month-to-month,50.65,0.1898,Low
6890-PFRQX,Male,No,No,No,18,Month-to-month,69.5,0.1895,Low
9374-YOLBJ,Female,No,Yes,Yes,1,Month-to-month,19.25,0.1891,Low
2303-PJYHN,Female,No,Yes,No,2,Month-to-month,19.85,0.189,Low
4685-ERGHK,Male,No,No,No,57,One year,86.9,0.189,Low
3941-XTSKM,Male,No,Yes,No,42,One year,45.1,0.1885,Low
7663-CUXZB,Male,No,Yes,No,59,Two year,113.75,0.1884,Low
2519-ERQOJ,Male,Yes,No,No,33,Month-to-month,54.6,0.1884,Low
5309-TAIKL,Female,No,No,No,7,Month-to-month,62.8,0.1879,Low
8311-UEUAB,Female,No,Yes,No,67,Two year,75.5,0.1879,Low
6258-NGCNG,Male,No,No,No,7,Month-to-month,23.5,0.1879,Low
1564-HJUVY,Male,No,No,No,4,Month-to-month,63.75,0.1878,Low
4396-KLSEH,Male,No,No,No,4,Month-to-month,19.85,0.1877,Low
6308-CQRBU,Female,No,Yes,No,71,Two year,109.25,0.1876,Low
5630-AHZIL,Female,No,No,Yes,3,Month-to-month,64.5,0.1871,Low
1591-MQJTP,Male,Yes,Yes,No,51,One year,93.65,0.1869,Low
5349-AZPEW,Female,No,Yes,Yes,5,Month-to-month,25.05,0.1868,Low
9415-TPKRV,Female,No,Yes,Yes,8,Month-to-month,55.75,0.1868,Low
3657-COGMW,Female,Yes,No,No,52,Month-to-month,108.1,0.1862,Low
8189-HBVRW,Female,No,No,No,53,Month-to-month,90.8,0.1861,Low
4468-YDOVK,Male,No,No,Yes,5,Month-to-month,48.65,0.1859,Low
6288-LBEAR,Female,No,No,No,23,Month-to-month,79.1,0.1858,Low
6075-QMNRR,Female,No,No,No,52,Month-to-month,49.75,0.1858,Low
0013-MHZWF,Female,No,No,Yes,9,Month-to-month,69.4,0.1857,Low
8111-BKVDS,Female,No,No,No,10,Month-to-month,40.7,0.1856,Low
2308-STERM,Female,No,No,No,2,Month-to-month,19.4,0.1856,Low
6050-FFXES,Female,No,Yes,No,69,Two year,105.35,0.1856,Low
0330-BGYZE,Male,No,Yes,No,60,One year,102.5,0.1852,Low
4824-GUCBY,Female,Yes,No,No,22,Month-to-month,81.7,0.1851,Low
0853-NWIFK,Female,No,No,No,45,One year,100.3,0.1851,Low
7740-BTPUX,Male,Yes,Yes,No,55,Two year,113.6,0.1851,Low
5382-TEMLV,Male,No,No,No,45,Month-to-month,50.9,0.1847,Low
4682-BLBUC,Male,No,Yes,No,44,One year,70.95,0.1838,Low
1936-UAFEH,Female,No,No,No,68,Two year,110.25,0.1837,Low
3807-BPOMJ,Female,No,Yes,No,55,One year,94.75,0.1831,Low
6549-YMFAW,Male,Yes,Yes,No,9,Month-to-month,21.25,0.1829,Low
2019-HDCZY,Male,No,Yes,No,63,Two year,102.6,0.1826,Low
0699-NDKJM,Female,No,Yes,No,57,Month-to-month,58.75,0.1826,Low
6429-SHBCB,Male,No,No,No,19,Month-to-month,69.6,0.1823,Low
1194-SPVSP,Male,No,No,No,1,Month-to-month,19.65,0.1822,Low
2402-TAIRZ,Female,No,No,No,37,One year,80.05,0.1822,Low
5989-OMNJE,Female,No,Yes,No,24,One year,57.6,0.1821,Low
0898-XCGTF,Male,No,Yes,No,61,One year,96.5,0.1821,Low
1171-TYKUR,Male,No,Yes,No,47,Month-to-month,25.4,0.1818,Low
5639-NTUPK,Male,No,No,Yes,13,Month-to-month,52.1,0.1816,Low
7905-NJMXS,Male,Yes,Yes,No,7,Month-to-month,64.2,0.1815,Low
2074-GUHPQ,Female,No,No,Yes,17,Month-to-month,92.7,0.1814,Low
2832-SCUCO,Female,No,No,No,2,Month-to-month,19.9,0.1814,Low
2460-NGXBJ,Male,Yes,Yes,Yes,11,Month-to-month,75.2,0.1814,Low
5702-SKUOB,Female,No,Yes,No,4,Month-to-month,19.6,0.1811,Low
8263-OKETD,Female,No,No,No,20,Month-to-month,68.9,0.181,Low
8597-CWYHH,Male,No,No,No,43,One year,94.35,0.1809,Low
7622-NXQZR,Male,No,No,No,28,Month-to-month,30.1,0.1809,Low
2522-AHJXR,Male,No,Yes,No,60,Month-to-month,109.45,0.1808,Low
7128-GGCNO,Male,No,No,No,46,Month-to-month,72.8,0.1808,Low
6959-GQEGV,Male,No,No,No,45,Month-to-month,75.95,0.1807,Low
6579-JPICP,Male,No,No,No,1,Month-to-month,20.4,0.1806,Low
0673-IGUQO,Male,No,No,No,1,Month-to-month,20.45,0.1806,Low
2668-TZSPS,Male,No,No,No,1,Month-to-month,20.45,0.1806,Low
8547-NSBBO,Male,No,No,No,35,Month-to-month,96.75,0.1805,Low
7811-JIVPF,Female,No,No,No,23,Month-to-month,49.7,0.1805,Low
6993-YGFJV,Male,No,Yes,No,69,Two year,112.55,0.18,Low
3956-CJUST,Female,Yes,No,No,23,Month-to-month,75.4,0.1799,Low
0771-WLCLA,Female,No,Yes,Yes,16,Month-to-month,112.95,0.1798,Low
7233-IOQNP,Female,No,Yes,No,43,Month-to-month,34.0,0.1797,Low
5944-UGLLK,Male,No,No,No,53,One year,54.9,0.1792,Low
7395-XWZOY,Male,No,No,No,20,Month-to-month,55.0,0.1792,Low
1060-ENTOF,Female,Yes,Yes,No,67,One year,105.4,0.1791,Low
8059-UDZFY,Female,Yes,No,Yes,33,Month-to-month,105.35,0.1787,Low
9798-DRYDS,Female,No,Yes,No,17,One year,61.95,0.1787,Low
1097-FSPVW,Female,No,No,No,42,Month-to-month,54.55,0.1782,Low
2320-SLKMB,Female,No,No,No,26,Month-to-month,44.45,0.178,Low
5947-SGKCL,Female,No,Yes,Yes,15,Month-to-month,105.35,0.1776,Low
7109-MFBYV,Male,No,No,No,26,Month-to-month,45.45,0.1776,Low
6211-WHMYA,Female,Yes,No,No,64,Month-to-month,43.85,0.1775,Low
2067-QYTCF,Female,No,Yes,No,64,Month-to-month,111.15,0.1774,Low
1921-KYSAY,Female,No,No,No,41,One year,68.6,0.1773,Low
4191-XOVOM,Male,No,No,No,63,Month-to-month,105.4,0.1771,Low
7750-EYXWZ,Female,No,No,No,12,One year,60.65,0.1767,Low
9364-YKUVW,Male,No,No,No,15,Month-to-month,19.8,0.1766,Low
3301-LSLWQ,Female,No,No,No,29,Month-to-month,66.1,0.1766,Low
2621-UDNLU,Female,No,Yes,No,3,Month-to-month,20.85,0.1766,Low
2599-CZABP,Male,No,Yes,No,14,One year,44.6,0.1757,Low
6873-UDNLD,Male,No,No,No,40,Month-to-month,67.45,0.1757,Low
9058-HRZSV,Female,Yes,Yes,No,65,Month-to-month,94.4,0.1757,Low
0440-QEXBZ,Female,No,No,No,44,Month-to-month,50.15,0.1756,Low
6168-YBYNP,Male,No,No,No,59,Month-to-month,111.35,0.1754,Low
3179-GBRWV,Male,Yes,Yes,No,21,Month-to-month,64.95,0.1752,Low
2220-IAHLS,Female,No,No,No,1,Month-to-month,19.4,0.1752,Low
3583-KRKMD,Male,No,No,No,18,Month-to-month,75.9,0.1749,Low
4881-JVQOD,Male,Yes,Yes,Yes,10,Month-to-month,34.55,0.1749,Low
4957-TREIR,Male,No,No,No,3,Month-to-month,64.4,0.1747,Low
0804-XBFBV,Female,No,No,Yes,11,Month-to-month,25.2,0.1746,Low
2001-EWBQU,Female,No,No,No,60,Two year,104.7,0.174,Low
1024-KPRBB,Female,No,No,No,38,One year,89.1,0.174,Low
2640-LYMOV,Male,No,No,No,2,Month-to-month,19.65,0.1738,Low
9825-YCXWZ,Female,Yes,No,No,41,One year,101.1,0.1738,Low
4177-JPDFU,Male,No,No,No,12,Month-to-month,34.0,0.1735,Low
8920-NAVAY,Male,Yes,No,No,62,One year,110.75,0.1734,Low
5201-FRKKS,Male,No,No,No,25,Month-to-month,74.3,0.1733,Low
0909-SDHNU,Female,No,No,Yes,7,Month-to-month,29.8,0.1732,Low
4830-FAXFM,Male,No,No,Yes,19,Month-to-month,24.1,0.173,Low
8782-LKFPK,Male,No,No,No,44,Month-to-month,90.4,0.1729,Low
0810-BDHAW,Female,No,Yes,No,24,One year,78.4,0.1721,Low
5712-VBOXD,Female,No,No,No,4,Month-to-month,20.15,0.1719,Low
4465-VDKIQ,Female,No,No,No,18,Month-to-month,77.8,0.1716,Low
2371-KFUOG,Male,No,No,No,58,One year,99.15,0.1714,Low
2172-EJXVF,Female,Yes,No,No,71,One year,105.9,0.1709,Low
6439-LAJXL,Male,No,Yes,No,9,Month-to-month,68.95,0.1709,Low
3173-NVMPX,Female,No,Yes,Yes,9,Month-to-month,55.3,0.1709,Low
4476-OSWTN,Male,Yes,Yes,No,69,One year,110.55,0.1708,Low
2186-QZEYA,Female,Yes,No,No,29,Month-to-month,58.55,0.1706,Low
5882-CMAZQ,Female,No,Yes,Yes,5,Month-to-month,34.25,0.1704,Low
1629-DQQVB,Female,No,No,No,14,Month-to-month,50.1,0.1701,Low
4323-OHFOW,Female,Yes,Yes,No,70,One year,105.55,0.17,Low
3714-XPXBW,Female,No,No,No,37,Month-to-month,78.9,0.17,Low
3195-TQDZX,Male,No,No,No,3,Month-to-month,20.25,0.1698,Low
3639-XJHKQ,Female,No,No,Yes,19,Month-to-month,60.6,0.1695,Low
1840-BIUOG,Male,No,No,No,20,One year,68.7,0.1694,Low
8623-ULFNQ,Female,Yes,No,No,26,Month-to-month,66.05,0.1692,Low
9351-LZYGF,Female,No,Yes,No,42,Month-to-month,66.4,0.1691,Low
7526-IVLYU,Male,No,No,No,3,Month-to-month,19.65,0.169,Low
3638-DIMPH,Female,No,Yes,No,13,One year,43.8,0.169,Low
3373-YZZYM,Male,No,Yes,Yes,1,Month-to-month,19.2,0.1688,Low
7746-AWNQW,Female,No,No,No,28,Month-to-month,35.75,0.1683,Low
3644-QXEHN,Male,No,Yes,Yes,13,Month-to-month,97.0,0.1683,Low
4929-ROART,Male,No,No,No,18,Month-to-month,56.25,0.1683,Low
2576-HXMPA,Female,No,No,No,1,Month-to-month,19.55,0.168,Low
3528-HFRIQ,Male,Yes,Yes,No,71,Month-to-month,52.3,0.1678,Low
6131-FOYAS,Male,No,No,No,35,Month-to-month,59.6,0.1677,Low
4304-TSPVK,Female,No,Yes,No,68,Two year,114.9,0.1675,Low
7191-ADRGF,Male,No,Yes,No,44,Two year,54.3,0.1673,Low
4558-CGYCZ,Male,No,No,No,4,Month-to-month,19.75,0.1671,Low
3442-ZHHCC,Male,No,No,No,68,One year,76.9,0.167,Low
2946-KIQSP,Female,No,No,No,35,Month-to-month,33.45,0.1668,Low
5298-GSTLM,Female,Yes,No,No,60,One year,101.4,0.1667,Low
3606-SBKRY,Male,No,No,No,31,One year,50.05,0.1667,Low
2379-GYFLQ,Male,No,No,No,46,One year,94.9,0.1666,Low
9036-CSKBW,Female,No,No,No,51,One year,107.45,0.1665,Low
8212-DJRCH,Male,No,Yes,Yes,5,Month-to-month,90.35,0.1662,Low
3255-GRXMG,Male,No,No,Yes,18,Month-to-month,45.65,0.1659,Low
7351-MHQVU,Female,No,No,No,6,Month-to-month,50.95,0.1656,Low
7672-VFMXZ,Male,No,Yes,No,57,Month-to-month,55.7,0.1655,Low
0186-CAERR,Male,No,No,No,71,One year,116.3,0.1654,Low
5730-RIITO,Female,Yes,No,No,43,Month-to-month,33.45,0.1654,Low
7576-ASEJU,Female,No,Yes,No,41,One year,74.7,0.1651,Low
3450-WXOAT,Male,No,No,No,46,Month-to-month,45.2,0.1649,Low
0487-RPVUM,Male,No,Yes,No,61,Month-to-month,99.4,0.1648,Low
3038-PQIUY,Female,No,No,No,38,Month-to-month,66.15,0.1648,Low
2972-YDYUW,Female,No,No,No,57,One year,94.7,0.1648,Low
7742-MYPGI,Female,No,Yes,Yes,6,Month-to-month,48.8,0.1647,Low
7080-TNUWP,Male,No,Yes,No,70,One year,95.0,0.1647,Low
2259-OUUSZ,Male,No,No,No,7,One year,35.5,0.1645,Low
5802-ADBRC,Female,No,Yes,No,50,One year,104.4,0.1644,Low
2108-GLPQB,Male,No,Yes,No,25,Month-to-month,55.55,0.1644,Low
7921-LMDFQ,Male,Yes,No,No,51,One year,94.0,0.1643,Low
0463-WZZKO,Male,No,No,No,3,Month-to-month,20.75,0.1638,Low
2585-KTFRE,Male,No,No,Yes,1,Month-to-month,70.45,0.1636,Low
5334-JLAXU,Female,No,Yes,No,60,Month-to-month,94.1,0.1635,Low
0567-GGCAC,Female,No,No,No,7,Month-to-month,61.4,0.1633,Low
6322-PJJDJ,Male,No,Yes,No,49,Two year,94.8,0.1633,Low
5996-NRVXR,Male,Yes,Yes,No,40,One year,98.15,0.1633,Low
9027-YFHQJ,Male,No,No,No,7,Month-to-month,25.05,0.1633,Low
2419-FSORS,Male,No,Yes,No,72,Two year,108.4,0.1633,Low
5855-EIBDE,Female,No,Yes,No,49,Two year,106.65,0.1632,Low
5760-WRAHC,Female,Yes,No,No,22,Month-to-month,69.75,0.1629,Low
0851-DFJKB,Female,No,No,No,15,Month-to-month,58.95,0.1628,Low
2657-VPXTA,Female,No,Yes,Yes,10,Month-to-month,88.85,0.1628,Low
9972-VAFJJ,Female,Yes,Yes,No,53,One year,94.0,0.1625,Low
2075-RMJIK,Female,No,Yes,Yes,5,Month-to-month,49.4,0.1622,Low
0030-FNXPP,Female,No,No,No,3,Month-to-month,19.85,0.1621,Low
1356-MKYSK,Male,No,No,No,6,Month-to-month,78.65,0.162,Low
5624-RYAMH,Female,No,No,No,9,Month-to-month,19.5,0.1619,Low
6874-SGLHU,Male,No,No,No,30,One year,97.0,0.1616,Low
1552-AAGRX,Female,No,No,No,30,Month-to-month,106.4,0.1616,Low
7880-XSOJX,Male,No,No,No,4,Month-to-month,42.4,0.1615,Low
8932-CZHRQ,Male,No,No,No,68,One year,76.75,0.1615,Low
6475-VHUIZ,Female,No,Yes,No,23,Month-to-month,54.25,0.161,Low
7319-VENRZ,Male,No,No,No,7,Month-to-month,64.3,0.161,Low
5828-DWPIL,Male,Yes,Yes,No,62,Month-to-month,89.1,0.1609,Low
0098-BOWSO,Male,No,No,No,27,Month-to-month,19.4,0.1595,Low
2911-WDXMV,Male,No,No,Yes,18,Month-to-month,80.55,0.1594,Low
4365-MSDYN,Male,No,Yes,No,8,Month-to-month,19.55,0.1594,Low
5151-HQRDG,Male,No,Yes,No,37,Month-to-month,55.05,0.1593,Low
0114-RSRRW,Female,No,Yes,No,10,Month-to-month,19.95,0.1593,Low
2323-ARSVR,Male,No,Yes,No,67,Two year,111.05,0.1591,Low
2458-EOMRE,Female,No,No,No,11,Month-to-month,64.05,0.159,Low
1125-SNVCK,Female,Yes,No,No,49,Month-to-month,43.8,0.1589,Low
1346-PJWTK,Male,No,Yes,No,61,Month-to-month,94.15,0.1589,Low
3744-ZBHON,Female,No,No,No,3,Month-to-month,20.2,0.1589,Low
6941-KXRRV,Female,Yes,Yes,No,48,One year,58.95,0.1588,Low
5022-JNQEQ,Female,No,Yes,Yes,9,Month-to-month,75.85,0.1587,Low
3071-VBYPO,Male,No,Yes,Yes,3,Month-to-month,89.85,0.1587,Low
7017-VFULY,Female,No,Yes,No,2,Month-to-month,20.1,0.1586,Low
5236-XMZJY,Female,No,No,No,42,Month-to-month,59.65,0.1583,Low
1134-YWTYF,Male,No,Yes,No,27,Month-to-month,53.8,0.158,Low
4693-VWVBO,Female,No,No,No,3,Month-to-month,19.55,0.158,Low
0811-GSDTP,Female,No,No,Yes,13,Month-to-month,30.15,0.1577,Low
7964-VEXDG,Male,No,No,Yes,21,Month-to-month,80.35,0.1575,Low
8905-IAZPF,Female,No,Yes,No,69,One year,95.65,0.157,Low
6865-JZNKO,Female,No,No,No,30,Month-to-month,55.3,0.1568,Low
3069-SSVSN,Female,No,No,No,1,One year,25.85,0.1567,Low
0931-MHTEM,Female,No,No,No,54,One year,100.05,0.1567,Low
7108-DGVUU,Female,Yes,Yes,No,21,One year,71.7,0.1559,Low
0274-JKUJR,Male,No,Yes,Yes,7,Month-to-month,58.85,0.1558,Low
0512-FLFDW,Female,Yes,Yes,No,60,One year,100.5,0.1558,Low
9060-HJJRW,Female,No,No,No,51,One year,56.4,0.1556,Low
1347-KTTTA,Male,No,Yes,No,64,One year,102.45,0.1555,Low
3402-XRIUO,Female,Yes,Yes,No,22,Month-to-month,63.55,0.1553,Low
6575-SUVOI,Female,Yes,Yes,No,25,Month-to-month,69.5,0.1553,Low
2432-TFSMK,Male,No,No,No,18,One year,89.6,0.1552,Low
8217-QYOHV,Male,No,No,No,5,Month-to-month,55.75,0.155,Low
4495-LHSSK,Female,No,No,Yes,18,Month-to-month,57.65,0.1549,Low
7964-ZRKKG,Male,No,Yes,No,67,One year,88.4,0.1548,Low
0842-IWYCP,Female,No,No,No,46,Month-to-month,44.95,0.1546,Low
8224-UAXBZ,Female,No,Yes,No,58,One year,45.35,0.1545,Low
9975-SKRNR,Male,No,No,No,1,Month-to-month,18.9,0.1545,Low
9441-QHEVC,Male,No,No,No,1,Month-to-month,19.1,0.1545,Low
1015-OWJKI,Male,No,No,No,1,Month-to-month,19.05,0.1545,Low
4730-AWNAU,Male,No,Yes,No,36,One year,60.7,0.1541,Low
3090-LETTY,Male,No,No,Yes,2,Month-to-month,60.95,0.1538,Low
4119-ZYPZY,Male,Yes,No,No,71,Two year,106.8,0.1538,Low
8250-ZNGGW,Female,Yes,No,No,5,Month-to-month,59.9,0.1535,Low
2045-BMBTJ,Female,Yes,No,No,33,Month-to-month,59.45,0.1529,Low
1950-KSVVJ,Female,No,Yes,No,45,One year,113.3,0.1529,Low
2338-BQEZT,Female,No,No,No,55,Month-to-month,50.55,0.1527,Low
9115-YQHGA,Male,No,No,No,40,Month-to-month,51.1,0.1525,Low
9314-QDMDW,Male,No,No,No,11,One year,61.25,0.1522,Low
3936-QQFLL,Male,No,No,No,2,Month-to-month,19.75,0.1522,Low
4801-JZAZL,Female,No,Yes,Yes,11,Month-to-month,29.6,0.1521,Low
7302-ZHMHP,Female,No,No,No,1,Month-to-month,19.15,0.152,Low
6569-KTMDU,Female,No,No,No,1,Month-to-month,19.1,0.152,Low
8006-PYCSW,Female,No,No,No,2,Month-to-month,20.1,0.1519,Low
5651-CRHKQ,Female,No,Yes,No,41,One year,86.2,0.1518,Low
4692-NNQRU,Female,No,Yes,No,21,One year,79.2,0.1518,Low
7797-EJMDP,Female,No,No,No,8,Month-to-month,66.05,0.1517,Low
7868-BGSZA,Male,No,Yes,No,43,One year,80.2,0.1511,Low
6647-ZEDXT,Female,No,No,No,30,One year,110.45,0.1511,Low
7241-AJHFS,Male,No,No,No,32,Month-to-month,87.65,0.151,Low
1089-HDMKP,Male,Yes,No,Yes,11,Month-to-month,54.55,0.1509,Low
7964-YESJC,Female,No,Yes,No,24,Month-to-month,66.3,0.1506,Low
4455-BFSPD,Female,No,Yes,No,61,One year,101.15,0.1503,Low
6710-HSJRD,Male,No,Yes,No,61,Month-to-month,114.1,0.1502,Low
4945-RVMTE,Female,No,No,No,28,Month-to-month,59.55,0.1501,Low
8706-HRADD,Male,No,No,No,21,Month-to-month,43.55,0.15,Low
6092-QZVPP,Male,No,No,No,36,Month-to-month,79.2,0.1498,Low
8713-IGZSO,Male,No,No,No,2,Month-to-month,24.85,0.1496,Low
8739-QOTTN,Female,No,Yes,No,2,Month-to-month,20.35,0.1495,Low
9853-JFZDU,Female,No,Yes,No,35,Month-to-month,56.85,0.1495,Low
9512-PHSMG,Female,No,Yes,No,10,Month-to-month,20.55,0.1494,Low
1153-GNOLC,Male,No,No,No,33,One year,39.1,0.1493,Low
5533-RJFTJ,Male,No,No,No,49,Month-to-month,30.2,0.1492,Low
0314-TKOSI,Female,No,No,No,6,Month-to-month,55.15,0.149,Low
3694-GLTJM,Female,No,No,No,5,Month-to-month,19.65,0.1487,Low
8851-RAGOV,Female,No,Yes,No,25,Month-to-month,71.05,0.1487,Low
3845-JHAMY,Female,No,Yes,Yes,16,Month-to-month,35.5,0.1486,Low
8769-KKTPH,Female,No,Yes,No,63,One year,99.65,0.1476,Low
7105-MXJLL,Female,Yes,Yes,No,26,One year,60.7,0.1473,Low
9069-LGEUL,Male,No,Yes,No,23,Month-to-month,59.95,0.1472,Low
9609-BENEA,Male,No,Yes,No,35,One year,69.0,0.1472,Low
4986-MXSFP,Female,No,No,No,2,Month-to-month,20.0,0.1471,Low
6992-TKNYO,Male,No,Yes,No,38,One year,69.0,0.1469,Low
1142-IHLOO,Female,No,No,No,51,One year,87.55,0.1468,Low
9938-ZREHM,Female,No,Yes,No,37,One year,72.1,0.1467,Low
6483-OATDN,Male,No,Yes,Yes,8,Month-to-month,51.3,0.1465,Low
0112-QAWRZ,Male,No,Yes,Yes,16,Month-to-month,90.8,0.1465,Low
3787-TRIAL,Male,No,Yes,Yes,21,Month-to-month,26.05,0.1465,Low
2452-SNHFZ,Female,No,No,No,47,Month-to-month,75.45,0.1464,Low
8410-BGQXN,Male,No,No,No,4,Month-to-month,19.4,0.1463,Low
9738-QLWTP,Male,No,No,No,39,One year,81.9,0.1462,Low
4660-IRIBM,Male,No,Yes,Yes,18,Month-to-month,87.9,0.1462,Low
6994-ORCWG,Female,No,No,No,14,One year,54.25,0.1462,Low
0129-KPTWJ,Male,No,Yes,No,72,Month-to-month,94.65,0.1462,Low
6341-AEVKX,Female,No,Yes,No,62,One year,104.3,0.1461,Low
3723-BFBGR,Male,Yes,No,No,24,Month-to-month,54.8,0.146,Low
5018-HEKFO,Female,No,No,No,10,Month-to-month,24.5,0.146,Low
9828-QHFBK,Male,No,No,No,24,Month-to-month,51.15,0.1459,Low
8679-LZBMD,Male,No,Yes,No,44,One year,90.65,0.1458,Low
2436-QBZFP,Female,No,Yes,Yes,22,Month-to-month,39.2,0.1457,Low
9909-DFRJA,Female,No,No,No,26,One year,95.85,0.1456,Low
5206-XZZQI,Male,No,No,No,53,Month-to-month,80.6,0.1456,Low
4501-UYKBC,Female,Yes,No,No,46,One year,69.1,0.1455,Low
9571-EDEBV,Male,No,Yes,No,71,One year,98.65,0.1453,Low
7446-YPODE,Male,Yes,No,No,11,Month-to-month,60.25,0.1451,Low
7426-GSWPO,Male,Yes,No,No,64,Month-to-month,103.5,0.1451,Low
3007-FDPEA,Female,No,No,No,2,Month-to-month,20.7,0.1451,Low
5198-EFNBM,Male,Yes,Yes,No,57,One year,90.65,0.145,Low
5913-INRQV,Male,Yes,Yes,No,34,One year,90.15,0.1447,Low
2692-AQCPF,Female,No,Yes,No,65,One year,108.05,0.1445,Low
4795-WRNVT,Female,No,No,No,40,Month-to-month,65.1,0.1443,Low
2393-DIVAI,Female,No,No,No,3,Month-to-month,20.0,0.1443,Low
3345-JHUEO,Male,No,No,No,4,Month-to-month,20.2,0.1439,Low
4075-JFPGR,Female,No,Yes,No,51,One year,93.5,0.1436,Low
0690-SRQID,Male,No,No,No,4,Month-to-month,19.65,0.1432,Low
1136-XGEQU,Female,No,Yes,No,50,One year,84.15,0.1428,Low
0678-RLHVP,Female,No,No,No,53,Two year,105.55,0.1427,Low
2212-LYASK,Male,No,Yes,No,27,One year,45.85,0.1427,Low
7928-VJYAB,Male,No,Yes,Yes,11,Month-to-month,90.6,0.1424,Low
1708-PBBOA,Female,No,No,No,42,One year,54.75,0.1424,Low
0939-EREMR,Female,No,No,Yes,13,Month-to-month,53.45,0.1422,Low
5524-KHNJP,Male,No,Yes,No,33,One year,74.75,0.1422,Low
0871-OPBXW,Female,No,No,No,2,Month-to-month,20.05,0.1422,Low
2674-MLXMN,Female,Yes,No,No,71,Month-to-month,99.65,0.142,Low
8573-CGOCC,Male,No,No,No,16,Month-to-month,19.75,0.1418,Low
9200-NLNPD,Male,No,Yes,No,56,One year,54.05,0.1416,Low
4186-ZBUEW,Female,No,No,No,36,One year,70.7,0.1407,Low
0603-OLQDC,Male,No,No,Yes,12,Month-to-month,69.85,0.14,Low
4316-XCSLJ,Male,No,No,Yes,17,Month-to-month,50.3,0.1399,Low
5640-CAXOA,Female,No,No,No,30,One year,40.35,0.1399,Low
8970-ANWXO,Female,No,No,No,23,One year,73.75,0.1397,Low
8205-MQUGY,Male,No,Yes,Yes,12,Month-to-month,49.2,0.1395,Low
7159-NOKYQ,Male,No,Yes,No,67,Two year,93.15,0.1395,Low
0956-ACVZC,Female,No,No,No,54,One year,94.1,0.1392,Low
2533-TIBIX,Male,No,Yes,Yes,15,Month-to-month,30.2,0.139,Low
8189-DUKMV,Female,No,Yes,No,4,One year,20.5,0.1387,Low
8108-UXRQN,Female,No,Yes,Yes,11,Month-to-month,50.55,0.1385,Low
4199-QHJNM,Male,Yes,Yes,No,67,Two year,102.9,0.1384,Low
1732-FEKLD,Female,No,No,No,54,One year,94.75,0.1381,Low
7926-IJOOU,Male,No,No,No,1,Month-to-month,19.3,0.138,Low
8003-EWNDZ,Female,No,No,No,10,Month-to-month,21.2,0.1378,Low
9592-ERDKV,Male,No,Yes,No,37,One year,79.25,0.1377,Low
4118-CEVPF,Female,Yes,No,No,35,One year,110.8,0.1375,Low
2133-TSRRM,Female,No,No,Yes,34,Month-to-month,105.35,0.1372,Low
4237-CLSMM,Male,No,Yes,No,2,Month-to-month,20.0,0.1371,Low
6497-TILVL,Female,No,Yes,Yes,7,Month-to-month,50.7,0.1371,Low
4374-YMUSQ,Male,No,No,No,34,One year,116.25,0.137,Low
6563-VNPMN,Female,Yes,No,No,45,Month-to-month,85.7,0.1368,Low
8715-KKTFG,Female,No,Yes,No,61,One year,103.3,0.1368,Low
2957-JIRMN,Female,Yes,No,No,62,One year,84.45,0.1363,Low
4002-BQWPQ,Male,No,No,No,25,Month-to-month,81.75,0.1363,Low
8996-ZROXE,Male,Yes,No,No,57,One year,53.5,0.1356,Low
4828-FAZPK,Female,No,Yes,Yes,16,Month-to-month,79.95,0.1355,Low
9099-FTUHS,Female,No,No,No,23,Month-to-month,54.4,0.1353,Low
7673-LPRNY,Female,No,No,No,23,One year,78.55,0.1351,Low
1452-KIOVK,Male,No,No,Yes,22,Month-to-month,89.1,0.1348,Low
9475-NNDGC,Male,No,Yes,No,71,One year,113.15,0.1346,Low
4778-IZARL,Male,No,Yes,No,63,Two year,110.1,0.1345,Low
6341-JVQGF,Female,No,Yes,No,31,One year,81.15,0.1345,Low
9619-GSATL,Female,No,No,No,43,One year,55.45,0.1345,Low
1621-YNCJH,Female,No,Yes,No,36,Two year,106.05,0.1338,Low
4039-PIMHX,Male,Yes,Yes,No,49,Two year,49.8,0.1338,Low
2361-UPSND,Female,No,Yes,No,46,One year,70.6,0.1337,Low
5345-BMKWB,Male,No,Yes,No,8,Month-to-month,20.25,0.1336,Low
4608-LCIMN,Male,No,Yes,Yes,8,Month-to-month,44.65,0.1334,Low
8221-EQDGL,Male,No,Yes,No,35,Month-to-month,61.0,0.1332,Low
6738-ISCBM,Male,No,No,No,44,One year,54.0,0.1321,Low
6551-GNYDG,Female,No,Yes,Yes,14,Month-to-month,80.9,0.132,Low
2155-AMQRX,Female,No,No,No,28,Month-to-month,54.9,0.1318,Low
3709-OIJEA,Male,No,No,No,26,One year,85.2,0.1314,Low
3316-UWXUY,Male,No,No,No,50,Month-to-month,93.5,0.1314,Low
7228-PAQPD,Female,No,No,No,14,One year,59.1,0.1314,Low
1698-XFZCI,Male,No,No,No,61,One year,107.75,0.1314,Low
4310-KEDTB,Female,No,No,Yes,26,Month-to-month,29.8,0.1313,Low
3761-FLYZI,Female,Yes,Yes,No,65,Month-to-month,108.8,0.1313,Low
1395-OFUWC,Male,No,Yes,Yes,43,Month-to-month,29.3,0.1312,Low
0607-MVMGC,Male,No,Yes,No,45,One year,78.75,0.1312,Low
1852-XEMDW,Male,No,No,No,22,Month-to-month,65.05,0.1311,Low
9795-VOWON,Male,No,No,No,7,One year,24.35,0.131,Low
5066-GFJMM,Female,No,Yes,No,3,Month-to-month,19.9,0.1309,Low
4459-BBGHE,Male,No,No,Yes,30,Month-to-month,44.5,0.1307,Low
3597-YASZG,Female,Yes,Yes,No,70,Two year,104.45,0.1305,Low
0002-ORFBO,Female,No,Yes,No,9,One year,65.6,0.1302,Low
3703-TTEPD,Male,No,No,No,21,Month-to-month,65.35,0.1301,Low
0799-DDIHE,Female,No,Yes,Yes,15,Month-to-month,46.3,0.1301,Low
6368-NWMCE,Female,No,No,No,38,Month-to-month,68.15,0.13,Low
0303-UNCIP,Male,No,No,No,41,One year,65.0,0.1298,Low
8979-CAMGB,Male,Yes,No,No,64,One year,102.1,0.1297,Low
5955-EPOAZ,Female,No,No,No,6,Month-to-month,20.95,0.1297,Low
3428-MMGUB,Male,No,No,No,60,Two year,89.55,0.1295,Low
1334-PDUKM,Female,No,Yes,No,68,One year,86.45,0.1294,Low
4547-FZJWE,Male,No,Yes,No,55,One year,59.45,0.1291,Low
1208-NBVFH,Male,No,Yes,Yes,20,Month-to-month,49.6,0.1288,Low
5697-GOMBF,Female,Yes,Yes,Yes,28,Month-to-month,35.9,0.1287,Low
4501-VCPFK,Male,No,No,No,26,Month-to-month,35.75,0.1285,Low
4926-UMJZD,Female,No,Yes,No,31,Month-to-month,49.2,0.1283,Low
3282-ZISZV,Male,No,No,No,32,One year,83.7,0.1283,Low
0771-CHWSK,Male,No,No,No,66,Two year,74.6,0.1282,Low
4402-FTBXC,Male,No,No,No,54,Month-to-month,89.8,0.1281,Low
6261-LHRTG,Female,No,No,No,26,Month-to-month,54.75,0.1277,Low
7587-AOVVU,Male,No,Yes,Yes,27,Month-to-month,100.75,0.1276,Low
4083-BFNYK,Female,Yes,Yes,No,38,One year,95.0,0.1276,Low
4923-ADWXJ,Female,No,No,No,25,Month-to-month,65.8,0.1276,Low
7629-WIXZF,Female,No,No,No,7,One year,59.1,0.1274,Low
8992-CEUEN,Female,No,No,No,1,Month-to-month,18.85,0.1273,Low
4726-DLWQN,Male,Yes,No,No,50,Month-to-month,70.35,0.1272,Low
7296-PIXQY,Female,No,Yes,Yes,14,Month-to-month,70.2,0.1269,Low
8150-QUDFX,Male,No,No,No,2,Month-to-month,19.85,0.1268,Low
5734-EJKXG,Female,No,No,No,61,One year,118.6,0.1268,Low
7100-FQPRV,Male,No,Yes,No,43,One year,71.9,0.1268,Low
7929-SKFGK,Male,No,Yes,No,70,Two year,114.3,0.1267,Low
9917-KWRBE,Female,No,Yes,No,41,One year,78.35,0.1264,Low
1051-GEJLJ,Female,No,No,No,2,Month-to-month,19.5,0.1263,Low
1796-JANOW,Female,No,No,No,2,Month-to-month,19.95,0.1262,Low
7356-AYNJP,Female,No,No,No,4,One year,23.9,0.1261,Low
3981-QSVQI,Male,No,No,No,8,Month-to-month,19.7,0.1261,Low
6791-YBNAK,Male,No,Yes,Yes,18,Month-to-month,25.55,0.126,Low
2746-DIJLO,Female,No,No,No,41,One year,56.3,0.126,Low
4747-LCAQL,Male,No,No,No,25,Month-to-month,79.0,0.1258,Low
2342-CKIAO,Female,No,No,No,2,Month-to-month,20.3,0.1258,Low
9388-ZEYVT,Male,No,No,No,43,One year,44.15,0.1255,Low
1853-ARAAQ,Female,No,No,No,26,Month-to-month,50.35,0.1252,Low
6366-XIVKZ,Female,No,Yes,Yes,13,Month-to-month,63.15,0.1252,Low
9391-YZEJW,Female,No,No,No,62,One year,94.0,0.1252,Low
9101-NTIXF,Male,No,No,No,2,Month-to-month,19.4,0.125,Low
1855-CFULU,Female,Yes,No,No,4,Month-to-month,20.05,0.125,Low
2791-SFVEW,Female,No,No,No,9,Month-to-month,20.15,0.1249,Low
0557-ASKVU,Female,No,Yes,No,18,One year,54.4,0.1247,Low
0899-WZRSD,Male,No,No,No,56,Month-to-month,105.35,0.1245,Low
1936-CZAKF,Male,No,Yes,No,49,Two year,49.65,0.1244,Low
2294-SALNE,Male,No,Yes,No,23,One year,86.8,0.1244,Low
0975-UYDTX,Female,No,Yes,No,26,One year,90.1,0.124,Low
9817-APLHW,Male,No,No,No,12,Month-to-month,25.0,0.124,Low
0282-NVSJS,Female,Yes,Yes,Yes,12,Month-to-month,29.3,0.124,Low
5478-JJVZK,Female,No,No,No,33,Month-to-month,60.9,0.1239,Low
5240-CAOYT,Female,No,No,No,57,Month-to-month,87.55,0.1239,Low
1697-NVVGY,Male,Yes,Yes,No,19,Month-to-month,66.4,0.1238,Low
1814-DKOLC,Female,No,No,No,5,Month-to-month,25.45,0.1238,Low
8495-LJDFO,Female,Yes,No,No,64,Month-to-month,108.95,0.1236,Low
3675-YDUPJ,Male,No,No,No,10,Month-to-month,19.85,0.1236,Low
7787-BNTZM,Male,No,No,No,6,Month-to-month,20.15,0.1235,Low
1925-LFCZZ,Male,Yes,No,No,55,One year,50.05,0.1235,Low
3824-RHKVR,Female,No,No,No,17,Month-to-month,19.7,0.1233,Low
0815-MFZGM,Female,No,Yes,No,42,Two year,99.0,0.1231,Low
6416-JNVRK,Female,No,No,No,46,One year,55.65,0.1229,Low
8865-TNMNX,Male,No,Yes,No,10,One year,49.55,0.1227,Low
6035-RIIOM,Female,No,No,No,54,Two year,97.2,0.1226,Low
4332-MUOEZ,Male,Yes,Yes,No,20,One year,94.3,0.1226,Low
0723-VSOBE,Female,Yes,No,No,45,One year,34.2,0.1226,Low
0178-CIIKR,Female,No,No,No,3,Month-to-month,19.95,0.1226,Low
6734-CKRSM,Female,No,No,No,3,Month-to-month,20.0,0.1226,Low
2577-GVSIL,Male,No,Yes,No,35,One year,73.45,0.1225,Low
5168-MQQCA,Female,No,Yes,No,72,One year,108.5,0.1224,Low
0788-DXBFY,Male,No,Yes,No,58,One year,19.55,0.122,Low
8474-UMLNT,Female,No,No,No,13,Month-to-month,67.8,0.122,Low
5161-XEUVX,Male,No,Yes,No,37,Two year,94.3,0.1219,Low
3621-CHYVB,Female,No,Yes,No,57,Month-to-month,49.9,0.1219,Low
5539-HIVAK,Female,Yes,Yes,No,28,Month-to-month,25.7,0.1215,Low
1304-SEGFY,Female,No,Yes,No,72,Two year,97.85,0.1214,Low
7956-XQWGU,Male,No,No,No,27,Month-to-month,19.4,0.1214,Low
4611-ANLQC,Female,No,Yes,No,60,One year,50.05,0.1214,Low
8992-OBVDG,Male,No,No,No,21,Month-to-month,61.65,0.1213,Low
8631-WUXGY,Female,No,No,Yes,46,Month-to-month,99.8,0.1212,Low
5468-BPMMO,Male,No,Yes,No,46,Month-to-month,19.6,0.1212,Low
5686-CMAWK,Male,No,No,No,17,One year,86.75,0.1211,Low
1730-VFMWO,Female,No,Yes,No,34,Month-to-month,50.2,0.1211,Low
7998-ZLXWN,Female,No,Yes,No,15,Month-to-month,20.45,0.121,Low
6303-KFWSL,Female,No,No,No,29,One year,55.25,0.1207,Low
5795-KTGUD,Female,No,Yes,No,68,Two year,110.8,0.1206,Low
1679-JRFBR,Female,No,Yes,No,70,One year,108.15,0.1205,Low
9092-GDZKO,Male,No,No,No,22,Month-to-month,24.85,0.1205,Low
9079-LWTFD,Male,No,No,No,47,Month-to-month,100.75,0.1205,Low
3977-QCRSL,Female,No,No,No,5,Month-to-month,20.15,0.1204,Low
8082-GHXOP,Male,No,No,Yes,13,Month-to-month,44.0,0.1199,Low
3272-VUHPV,Female,No,Yes,Yes,8,Month-to-month,56.3,0.1197,Low
8350-NYMVI,Female,No,No,No,39,Month-to-month,41.1,0.1195,Low
5481-NTDOH,Female,Yes,Yes,No,67,One year,107.05,0.1193,Low
0308-IVGOK,Female,No,No,No,11,One year,40.4,0.1192,Low
0068-FIGTF,Female,No,No,No,27,One year,78.2,0.1192,Low
9128-CPXKI,Female,No,No,No,59,Two year,95.8,0.1191,Low
8550-XSXUQ,Male,No,Yes,No,48,One year,70.55,0.119,Low
8138-EALND,Male,No,No,No,15,Month-to-month,19.75,0.1189,Low
5804-HYIEZ,Male,No,Yes,Yes,70,Month-to-month,106.05,0.1189,Low
6999-CHVCF,Male,No,No,No,68,Two year,102.1,0.1187,Low
5084-OOVCJ,Female,No,Yes,Yes,17,Month-to-month,55.35,0.1186,Low
2428-ZMCTB,Male,No,No,No,10,Month-to-month,19.75,0.1186,Low
6599-GZWCM,Female,No,No,No,13,One year,74.65,0.1184,Low
3470-BTGQO,Male,No,No,Yes,21,Month-to-month,45.65,0.1182,Low
3533-UVMOM,Male,No,Yes,No,68,Two year,70.95,0.1181,Low
8318-LCNBW,Male,No,Yes,No,35,One year,53.15,0.1181,Low
0701-TJSEF,Male,No,No,No,9,Month-to-month,68.25,0.1178,Low
2061-VVFST,Female,No,Yes,No,37,Month-to-month,19.5,0.1177,Low
6766-HFKLA,Female,No,Yes,No,56,Two year,103.2,0.1177,Low
4908-XAXAY,Female,Yes,No,No,49,One year,89.85,0.1176,Low
4893-GYUJU,Female,No,No,No,50,One year,19.35,0.1175,Low
4079-VTGLK,Male,Yes,Yes,No,30,Two year,74.85,0.1172,Low
5286-YHCVC,Male,No,Yes,No,72,Two year,104.8,0.1172,Low
0537-QYZZN,Male,Yes,Yes,Yes,24,Month-to-month,79.85,0.1171,Low
5397-TUPSH,Male,Yes,Yes,No,65,One year,70.95,0.117,Low
8582-KRHPJ,Male,No,No,No,50,Month-to-month,35.0,0.1167,Low
9411-TPQQV,Female,No,No,No,40,One year,54.55,0.1166,Low
3318-ISQFQ,Female,No,No,No,20,Month-to-month,19.5,0.1164,Low
8756-RDDLT,Female,No,No,No,68,Month-to-month,44.95,0.1164,Low
0297-RBCSG,Male,No,No,No,19,One year,65.35,0.1163,Low
0254-KCJGT,Male,No,Yes,No,52,One year,81.4,0.1163,Low
6870-ZWMNX,Male,No,Yes,No,70,Two year,76.1,0.1161,Low
5353-WILCI,Female,No,No,No,28,Month-to-month,56.05,0.1159,Low
7636-XUHWW,Male,No,No,No,2,Month-to-month,19.9,0.1159,Low
5562-YJQGT,Female,No,No,No,2,Month-to-month,20.35,0.1159,Low
8317-BVKSO,Male,No,No,No,14,Month-to-month,20.05,0.1158,Low
7459-IMVYU,Male,No,No,No,38,Month-to-month,69.95,0.1158,Low
6586-MYGKD,Male,No,Yes,No,70,Two year,76.95,0.1158,Low
8741-LQOBK,Female,No,Yes,Yes,46,Month-to-month,35.05,0.1156,Low
6196-HBOBZ,Male,No,Yes,No,65,Two year,99.35,0.1155,Low
0786-IVLAW,Female,Yes,No,No,66,One year,108.1,0.1152,Low
4328-VUFWD,Female,No,No,No,39,One year,59.3,0.1152,Low
2732-ISEZX,Female,No,No,No,5,Month-to-month,20.5,0.115,Low
3969-JQABI,Female,No,Yes,No,58,Month-to-month,65.25,0.115,Low
9496-IVVRP,Female,No,Yes,Yes,11,Month-to-month,51.0,0.1149,Low
9402-CXWPL,Female,No,No,No,70,One year,98.9,0.1149,Low
9367-TCUYN,Female,No,No,No,12,Month-to-month,20.1,0.1149,Low
4324-BZCKL,Female,No,Yes,Yes,10,Month-to-month,55.55,0.1148,Low
3551-GAEGL,Male,No,Yes,No,34,One year,30.4,0.1148,Low
2316-ESMLS,Female,No,Yes,No,12,One year,33.15,0.1147,Low
5067-DGXLL,Male,No,No,No,2,Month-to-month,20.25,0.1143,Low
1480-IVEVR,Male,Yes,Yes,No,35,One year,81.6,0.1141,Low
6447-GORXK,Male,No,No,Yes,31,Month-to-month,25.0,0.1139,Low
4508-OEBEY,Male,No,Yes,No,31,One year,75.5,0.1139,Low
4139-JPIAM,Male,No,No,No,51,Month-to-month,44.45,0.1137,Low
9700-ZCLOT,Male,No,No,No,2,Month-to-month,20.0,0.1136,Low
2243-FNMMI,Male,No,No,No,20,Month-to-month,19.4,0.1135,Low
9578-FOMUK,Male,No,No,Yes,15,Month-to-month,24.8,0.1133,Low
2908-ZTPNF,Female,No,No,No,36,Month-to-month,34.85,0.1133,Low
2758-RNWXS,Male,No,No,No,35,One year,89.2,0.1132,Low
9330-VOFSZ,Female,No,Yes,No,60,Two year,110.8,0.1132,Low
6507-DTJZV,Male,No,No,Yes,13,Month-to-month,66.4,0.1131,Low
8984-EYLLL,Male,No,Yes,No,64,Two year,105.25,0.1131,Low
0310-VQXAM,Male,No,No,No,9,Month-to-month,19.85,0.1129,Low
5921-NGYRH,Male,No,Yes,No,64,Month-to-month,73.55,0.1128,Low
4654-ULTTN,Male,No,Yes,No,70,Two year,74.8,0.1124,Low
1237-WIYYZ,Female,No,No,No,18,Month-to-month,19.55,0.1124,Low
5149-CUZUJ,Male,No,Yes,No,28,One year,92.9,0.1121,Low
5499-ECUTN,Female,No,Yes,No,47,One year,66.05,0.1118,Low
1226-JZNKR,Female,No,Yes,No,8,One year,19.8,0.1117,Low
7611-YKYTC,Male,No,Yes,Yes,22,Month-to-month,75.0,0.1115,Low
4522-XRWWI,Male,No,Yes,No,42,One year,80.45,0.1115,Low
2065-MMKGR,Female,No,No,No,29,One year,71.0,0.1115,Low
1925-GMVBW,Female,No,No,No,5,Month-to-month,20.55,0.1114,Low
7916-VCCPB,Female,No,Yes,Yes,16,Month-to-month,73.25,0.1113,Low
8224-IVVPA,Female,No,No,No,27,Month-to-month,56.7,0.1113,Low
2202-OUTMO,Female,No,Yes,No,34,Month-to-month,60.85,0.1113,Low
7690-KPNCU,Male,No,Yes,No,64,One year,73.05,0.1111,Low
6402-SSEJG,Female,No,No,No,25,One year,61.05,0.1109,Low
5678-VFNEQ,Female,No,Yes,No,71,One year,104.1,0.1108,Low
7524-VRLPL,Male,Yes,No,No,69,Two year,74.1,0.1107,Low
5144-PQCDZ,Male,No,No,No,4,Month-to-month,19.95,0.1105,Low
4012-ZTHBR,Female,No,Yes,Yes,21,Month-to-month,44.95,0.1105,Low
3705-RHRFR,Female,No,Yes,No,69,Two year,99.15,0.1105,Low
6202-DYYFX,Female,No,No,No,22,One year,76.0,0.1104,Low
8457-XIGKN,Male,No,No,No,20,Month-to-month,19.6,0.1104,Low
2096-XOTMO,Female,No,Yes,Yes,16,Month-to-month,19.35,0.1101,Low
7175-NTIXE,Female,No,No,No,25,Month-to-month,76.15,0.11,Low
1755-RMCXH,Male,No,Yes,Yes,2,Month-to-month,20.3,0.1099,Low
1137-DGOWI,Female,No,Yes,No,30,One year,70.25,0.1099,Low
0188-GWFLE,Male,No,No,No,2,Month-to-month,20.05,0.1097,Low
2851-MMUTZ,Female,No,No,No,27,Month-to-month,56.15,0.1096,Low
5590-ZSKRV,Female,No,Yes,Yes,8,Month-to-month,54.65,0.1095,Low
4686-GEFRM,Male,No,Yes,No,70,Two year,98.7,0.1094,Low
5756-JYOJT,Female,No,No,No,11,One year,64.9,0.1092,Low
7143-BQIBA,Male,No,No,No,10,Month-to-month,62.25,0.1092,Low
9766-HGEDE,Female,No,Yes,No,17,One year,19.35,0.1091,Low
5081-NWSUP,Female,No,No,No,10,One year,64.9,0.1091,Low
0128-MKWSG,Female,No,No,Yes,26,Month-to-month,45.8,0.1091,Low
9546-KDTRB,Female,No,No,No,19,Month-to-month,24.7,0.109,Low
0440-UEDAI,Female,No,No,No,53,One year,94.45,0.1089,Low
6728-CZFEI,Female,No,No,No,15,One year,56.15,0.1088,Low
8930-XOTDP,Female,No,Yes,Yes,18,Month-to-month,55.95,0.1088,Low
6663-JOCQO,Male,No,Yes,No,31,One year,75.25,0.1088,Low
3893-JRNFS,Male,No,No,No,68,Month-to-month,39.9,0.1087,Low
5120-ZBLAI,Female,No,Yes,No,50,One year,75.7,0.1087,Low
1891-QRQSA,Male,Yes,Yes,No,64,Two year,111.6,0.1086,Low
1680-VDCWW,Male,No,Yes,No,12,One year,19.8,0.1085,Low
2363-BJLSL,Male,No,No,No,62,Month-to-month,80.4,0.1085,Low
5915-DGNVC,Female,No,Yes,No,49,One year,71.8,0.1084,Low
7537-CBQUZ,Male,Yes,No,No,63,Month-to-month,109.4,0.1084,Low
0667-NSRGI,Female,No,Yes,No,48,One year,69.55,0.1084,Low
4710-NKCAW,Male,No,Yes,Yes,5,Month-to-month,64.4,0.1083,Low
9089-UOWJG,Female,No,Yes,Yes,12,Month-to-month,58.35,0.1081,Low
5966-EMAZU,Male,No,Yes,No,64,One year,108.5,0.1081,Low
0895-LMRSF,Male,No,No,No,23,One year,64.9,0.1081,Low
7036-ZZKBD,Male,No,Yes,No,31,Month-to-month,66.4,0.1079,Low
5968-XQIVE,Male,No,Yes,No,72,One year,89.7,0.1077,Low
0379-DJQHR,Male,No,Yes,No,67,Two year,81.35,0.1077,Low
3097-IDVPU,Male,No,Yes,Yes,19,Month-to-month,50.1,0.1076,Low
0366-NQSHS,Male,No,No,No,2,Month-to-month,19.35,0.1075,Low
0816-TSPHQ,Male,No,No,No,2,Month-to-month,20.75,0.1074,Low
3780-YVMFA,Female,No,Yes,Yes,8,Month-to-month,68.55,0.1073,Low
9839-ETQOE,Male,No,No,Yes,43,Month-to-month,40.45,0.1073,Low
8894-JVDCV,Female,No,No,No,62,One year,115.05,0.1071,Low
1282-IHQAC,Male,Yes,No,No,70,One year,44.05,0.1071,Low
3500-NSDOA,Male,No,Yes,No,68,Two year,70.8,0.107,Low
4906-ZHGPK,Male,No,Yes,No,54,One year,70.7,0.107,Low
0774-IFUVM,Male,No,Yes,Yes,11,Month-to-month,65.15,0.107,Low
1898-JSNDC,Female,No,No,No,39,One year,58.6,0.1067,Low
3070-BDOQC,Female,No,No,No,60,Two year,99.65,0.1067,Low
1784-BXEFA,Female,No,No,No,10,Month-to-month,20.55,0.1065,Low
7078-NVFAM,Female,No,Yes,Yes,32,Month-to-month,35.15,0.1065,Low
7025-IWFHT,Male,No,No,No,41,One year,89.55,0.1064,Low
8883-GRDWQ,Male,Yes,No,No,20,One year,54.0,0.1064,Low
7661-CPURM,Male,No,No,No,19,One year,87.7,0.1063,Low
1794-SWWKL,Male,No,Yes,Yes,15,Month-to-month,59.65,0.1062,Low
9139-TWBAS,Female,No,Yes,No,26,One year,47.85,0.1061,Low
7993-NQLJE,Male,No,Yes,Yes,15,Month-to-month,75.1,0.1061,Low
8259-NFJTV,Female,No,Yes,Yes,7,Month-to-month,34.65,0.1058,Low
2073-QBVBI,Female,No,Yes,No,41,One year,35.45,0.1058,Low
9076-AXYIK,Male,Yes,Yes,No,64,Two year,102.1,0.1056,Low
9277-JOOMO,Female,No,No,No,3,Month-to-month,24.6,0.1055,Low
5924-IFQTT,Male,No,Yes,Yes,13,Month-to-month,72.8,0.1054,Low
7156-MXBJE,Female,No,No,No,43,One year,85.1,0.1054,Low
9256-JTBNZ,Female,No,No,No,11,Month-to-month,20.3,0.1053,Low
8133-ANHHJ,Female,Yes,No,No,49,One year,103.0,0.1052,Low
8246-SHFGA,Male,No,No,No,17,Month-to-month,21.1,0.1051,Low
3001-UNBTL,Male,Yes,Yes,Yes,29,Month-to-month,103.95,0.105,Low
7872-RDDLZ,Female,Yes,No,No,67,Month-to-month,54.9,0.1049,Low
7808-DVWEP,Male,No,Yes,No,3,Month-to-month,20.0,0.1046,Low
6257-DTAYD,Male,No,Yes,No,71,Two year,104.15,0.1046,Low
9504-DSHWM,Male,No,No,No,20,Month-to-month,59.2,0.1044,Low
9405-GPBBG,Female,No,No,No,64,Two year,110.5,0.1044,Low
7470-DYNOE,Male,No,No,No,53,One year,61.1,0.1043,Low
0623-EJQEG,Male,No,No,No,65,One year,93.55,0.1042,Low
4626-OZDTJ,Female,No,Yes,No,51,One year,78.65,0.1039,Low
1498-DQNRX,Female,No,Yes,No,29,Month-to-month,19.85,0.1039,Low
5985-TBABQ,Female,No,No,No,32,One year,74.75,0.1039,Low
9031-ZVQPT,Male,No,Yes,No,72,Two year,108.2,0.1039,Low
3251-YMVWZ,Male,No,No,No,53,One year,24.05,0.1038,Low
9720-JJJOR,Male,No,Yes,No,41,One year,60.3,0.1037,Low
0708-SJDIS,Female,No,No,No,34,Month-to-month,65.0,0.1035,Low
3847-BAERP,Female,No,No,No,10,Month-to-month,20.9,0.1035,Low
6974-DAFLI,Female,No,Yes,No,55,One year,19.7,0.1034,Low
9788-YTFGE,Male,No,No,No,7,Month-to-month,19.95,0.1033,Low
8314-DPQHL,Male,No,No,No,9,One year,50.8,0.1032,Low
7654-YWJUF,Male,No,Yes,No,43,One year,84.25,0.1029,Low
4785-NKHCX,Male,Yes,No,No,5,Month-to-month,20.05,0.1028,Low
1116-DXXDF,Male,No,No,No,39,Two year,100.45,0.1027,Low
6296-DDOOR,Female,No,No,No,19,One year,58.2,0.1026,Low
0289-IVARM,Female,No,No,No,35,Month-to-month,60.55,0.1026,Low
3137-NYQQI,Male,No,Yes,No,17,One year,64.8,0.1022,Low
7596-LDUXP,Female,No,No,No,12,One year,85.15,0.1022,Low
0723-FDLAY,Male,No,No,No,44,One year,85.25,0.1019,Low
9054-FOWNV,Male,No,Yes,Yes,22,Month-to-month,88.75,0.1019,Low
5724-BIDBU,Male,No,Yes,No,49,One year,55.35,0.1019,Low
7799-DSEWS,Male,No,No,No,18,Month-to-month,68.35,0.1018,Low
7663-ZTEGJ,Male,No,No,No,29,One year,100.55,0.1018,Low
8268-YDIXR,Male,No,Yes,No,56,One year,93.15,0.1017,Low
6352-GIGGQ,Male,No,No,No,67,One year,88.8,0.1017,Low
9114-VEPUF,Male,No,Yes,No,62,One year,96.1,0.1017,Low
9970-QBCDA,Female,No,No,No,6,Month-to-month,19.7,0.1014,Low
9818-XQCUV,Female,No,No,No,2,Month-to-month,20.35,0.1012,Low
7016-NVRIC,Male,Yes,Yes,No,29,One year,90.1,0.1012,Low
8049-WJCLQ,Male,No,Yes,Yes,10,Month-to-month,60.2,0.1012,Low
7691-XVTZH,Female,No,Yes,No,68,Two year,89.95,0.1009,Low
6048-UWKAL,Female,Yes,Yes,No,69,Two year,105.4,0.1006,Low
4397-FRLTA,Female,No,No,No,4,Month-to-month,20.15,0.1003,Low
8672-OAUPW,Male,No,No,No,51,One year,47.85,0.1002,Low
6705-LNMDD,Male,No,No,No,20,Month-to-month,50.0,0.1,Low
0384-RVBPI,Male,No,No,No,20,Month-to-month,64.4,0.0999,Low
1325-USMEC,Male,No,Yes,No,70,Two year,99.35,0.0998,Low
3658-QQJYD,Male,No,No,No,62,One year,74.3,0.0998,Low
4456-RHSNB,Female,No,Yes,Yes,19,Month-to-month,49.6,0.0995,Low
4283-IVYCI,Male,No,No,No,9,Month-to-month,64.95,0.0995,Low
8777-MBMTS,Female,Yes,Yes,No,65,Two year,105.85,0.0993,Low
2978-XXSOG,Female,No,No,No,22,Month-to-month,59.05,0.0992,Low
7531-GQHME,Male,No,No,No,12,Month-to-month,20.05,0.0992,Low
8107-RZLNV,Male,No,Yes,No,72,Two year,106.3,0.0992,Low
6907-CQGPN,Male,No,No,No,29,Month-to-month,34.3,0.0991,Low
6726-WEXXK,Male,Yes,Yes,No,27,One year,85.9,0.0991,Low
9518-IMLHK,Male,No,No,No,31,Month-to-month,72.45,0.099,Low
3096-YXENJ,Female,No,Yes,No,65,Two year,107.65,0.099,Low
9800-ONTFE,Female,No,Yes,Yes,22,Month-to-month,75.8,0.099,Low
0655-YDGFJ,Male,No,No,No,29,Month-to-month,48.95,0.099,Low
3957-HHLMR,Female,No,Yes,No,70,One year,65.2,0.0989,Low
8659-HDIYE,Female,Yes,No,No,64,Month-to-month,74.65,0.0989,Low
8439-LTUGF,Male,No,No,No,10,Month-to-month,20.0,0.0988,Low
5327-CNLUQ,Male,No,Yes,No,48,Two year,96.9,0.0988,Low
8016-ZMGMO,Female,Yes,Yes,No,66,One year,70.85,0.0987,Low
0134-XWXCE,Female,Yes,No,No,44,One year,74.85,0.0987,Low
3363-EWLGO,Female,No,No,No,5,Month-to-month,19.95,0.0984,Low
3181-MIZBN,Male,No,Yes,Yes,16,Month-to-month,19.75,0.0983,Low
4860-YZGZM,Male,No,No,No,10,Month-to-month,20.0,0.0982,Low
3716-LRGXK,Male,No,Yes,No,60,Two year,101.15,0.0982,Low
5701-GUXDC,Female,No,Yes,No,26,One year,35.4,0.0979,Low
7995-ZHHNZ,Male,No,Yes,No,42,One year,56.1,0.0979,Low
8198-RKSZG,Female,No,Yes,Yes,14,Month-to-month,80.45,0.0979,Low
2560-PPCHE,Female,No,No,No,65,One year,105.05,0.0979,Low
8746-OQQRW,Male,No,No,No,4,Month-to-month,25.25,0.0979,Low
0750-EKNGL,Male,No,No,No,7,Month-to-month,20.75,0.0979,Low
1563-IWQEX,Female,No,No,No,12,Month-to-month,19.7,0.0978,Low
1335-HQMKX,Female,No,Yes,No,72,One year,101.35,0.0978,Low
8200-KLNYW,Female,No,Yes,No,21,One year,80.9,0.0978,Low
5555-RNPGT,Male,No,No,Yes,10,Month-to-month,24.8,0.0978,Low
9391-DXGGG,Female,Yes,No,No,44,One year,89.15,0.0978,Low
7674-YTAFD,Female,No,No,No,33,One year,79.95,0.0977,Low
4859-ZSRDZ,Female,No,Yes,No,58,Two year,55.5,0.0977,Low
6953-PBDIN,Male,No,Yes,No,70,Two year,72.95,0.0977,Low
3224-DFQNQ,Female,No,Yes,No,66,One year,89.0,0.0975,Low
3487-EARAT,Female,No,Yes,No,70,One year,74.1,0.0974,Low
7838-LAZFO,Male,No,Yes,No,45,One year,78.8,0.0973,Low
1376-HHBDV,Female,No,No,No,30,Month-to-month,48.8,0.0972,Low
1744-JHKYS,Female,No,Yes,No,34,Month-to-month,24.7,0.0972,Low
0484-FFVBJ,Male,No,No,No,32,One year,64.85,0.0969,Low
6278-FEPBZ,Female,No,No,No,9,Month-to-month,20.25,0.0967,Low
6671-NGWON,Female,No,No,No,7,Month-to-month,20.35,0.0967,Low
5850-BDWCY,Female,No,No,No,6,Month-to-month,20.2,0.0967,Low
4806-DXQCE,Female,Yes,Yes,No,70,Two year,113.65,0.0967,Low
8591-NXRCV,Female,No,No,No,41,Month-to-month,74.65,0.0966,Low
0104-PPXDV,Male,No,Yes,No,58,One year,50.3,0.0963,Low
0208-BPQEJ,Female,No,Yes,Yes,12,Month-to-month,19.4,0.0962,Low
0824-VWDPO,Female,No,No,No,45,One year,96.75,0.0961,Low
6972-SNKKW,Female,No,No,No,6,Month-to-month,20.0,0.0961,Low
9972-NKTFD,Female,No,No,No,28,Month-to-month,54.65,0.096,Low
5562-BETPV,Male,No,Yes,No,1,One year,19.65,0.0959,Low
1099-BTKWT,Female,No,Yes,No,68,One year,54.4,0.0959,Low
4939-KYYPY,Male,No,No,No,27,Month-to-month,59.45,0.0958,Low
0096-FCPUF,Male,No,No,No,30,Month-to-month,64.5,0.0958,Low
3948-FVVRP,Male,No,Yes,Yes,9,Month-to-month,54.8,0.0957,Low
6732-FZUGP,Female,No,No,No,47,One year,94.9,0.0956,Low
1666-JZPZT,Male,No,No,No,27,Month-to-month,49.0,0.0955,Low
4274-DRSQT,Female,No,No,No,66,One year,88.9,0.0954,Low
6040-CGACY,Female,No,No,No,15,Month-to-month,19.6,0.0954,Low
6319-QSUSR,Female,No,No,Yes,11,Month-to-month,19.7,0.0952,Low
1614-JBEBI,Female,No,No,No,8,Month-to-month,20.7,0.0952,Low
9691-HKOVS,Female,No,Yes,No,55,One year,90.15,0.0952,Low
5832-TRLPB,Male,No,No,No,29,One year,75.35,0.0951,Low
8548-AWOFC,Male,No,Yes,No,66,Month-to-month,63.85,0.095,Low
6502-KUGLL,Female,No,Yes,Yes,14,Month-to-month,59.45,0.095,Low
5268-DSMNQ,Female,Yes,Yes,No,62,One year,97.95,0.095,Low
3736-BLEPA,Male,No,No,No,28,One year,91.25,0.0949,Low
6394-HHHZM,Male,No,No,No,3,Month-to-month,20.7,0.0949,Low
9142-XMYJH,Female,No,No,No,29,Month-to-month,19.35,0.0948,Low
8646-JCOMS,Female,No,Yes,No,66,One year,90.55,0.0947,Low
3472-OAOOR,Male,No,Yes,Yes,19,Month-to-month,34.95,0.0946,Low
9959-WOFKT,Male,No,No,No,71,Two year,106.7,0.0945,Low
0347-UBKUZ,Female,No,No,No,15,Month-to-month,19.9,0.0944,Low
3229-USWAR,Female,No,No,No,34,One year,79.95,0.0944,Low
2391-IPLOP,Male,No,Yes,No,50,One year,69.65,0.0944,Low
8080-POTJR,Female,No,No,No,30,One year,79.3,0.0943,Low
6906-MPARY,Male,No,No,No,40,One year,89.6,0.094,Low
8910-ICHIU,Female,No,No,No,46,One year,95.65,0.0939,Low
7789-CRUVC,Female,Yes,Yes,No,61,Month-to-month,94.2,0.0937,Low
8595-SIZNC,Female,Yes,Yes,No,22,One year,25.6,0.0937,Low
2159-TURXX,Male,No,No,No,5,Month-to-month,20.05,0.0937,Low
5642-MHDQT,Female,No,Yes,No,53,One year,19.85,0.0936,Low
9763-GRSKD,Male,No,Yes,Yes,13,Month-to-month,49.95,0.0936,Low
6035-BXTTY,Female,Yes,No,No,32,Month-to-month,54.65,0.0934,Low
7088-FBAWU,Female,No,Yes,Yes,17,Month-to-month,74.55,0.0933,Low
1707-HABPF,Female,Yes,No,No,46,One year,91.3,0.0933,Low
7707-PYBBH,Male,No,No,No,40,Month-to-month,61.9,0.0932,Low
7029-IJEJK,Female,No,No,No,54,One year,44.1,0.0931,Low
9700-ISPUP,Female,No,Yes,Yes,10,Month-to-month,65.5,0.0931,Low
4936-YPJNK,Female,No,No,No,10,Month-to-month,19.9,0.093,Low
6131-JLWZM,Female,No,No,No,13,Month-to-month,20.3,0.093,Low
9013-AQORL,Female,No,No,Yes,48,Month-to-month,45.55,0.0929,Low
0787-LHDYT,Male,No,No,No,16,Month-to-month,20.6,0.0925,Low
8184-WMOFI,Male,No,Yes,No,62,One year,71.4,0.0925,Low
4163-KIUHY,Male,No,No,No,35,Month-to-month,25.6,0.0921,Low
9644-KVCNC,Female,No,No,No,66,One year,92.15,0.0921,Low
0707-HOVVN,Female,Yes,No,No,70,Two year,75.5,0.0921,Low
3524-WQDSG,Female,No,Yes,Yes,43,Month-to-month,99.3,0.0919,Low
6806-YDEUL,Female,Yes,No,No,6,Month-to-month,19.5,0.0918,Low
7336-RLLRH,Male,No,Yes,No,27,One year,80.85,0.0916,Low
1088-CNNKB,Male,No,Yes,No,63,One year,80.0,0.0915,Low
4182-BGSIQ,Female,No,Yes,Yes,10,Month-to-month,19.8,0.0915,Low
9779-DPNEJ,Female,No,Yes,Yes,22,Month-to-month,80.15,0.0915,Low
0547-HURJB,Male,No,No,Yes,12,Month-to-month,21.05,0.0914,Low
9251-WNSOD,Female,No,Yes,No,67,One year,75.1,0.0914,Low
0635-WKOLD,Male,No,Yes,No,40,One year,70.75,0.0914,Low
1641-RQDAY,Female,Yes,Yes,Yes,32,Month-to-month,100.4,0.0914,Low
2558-BUOZZ,Male,No,No,No,47,One year,94.8,0.0913,Low
9488-FYQAU,Female,No,Yes,No,63,Two year,109.25,0.0912,Low
7764-BDPEE,Male,No,No,Yes,3,Month-to-month,20.85,0.0912,Low
3221-CJMSG,Male,No,No,No,24,Month-to-month,51.1,0.0912,Low
4431-EDMIQ,Female,No,Yes,Yes,7,Month-to-month,75.7,0.091,Low
9730-DRTMJ,Male,No,Yes,No,32,One year,72.8,0.0909,Low
1696-MZVAU,Male,No,Yes,No,39,One year,25.25,0.0908,Low
5919-VCZYM,Male,No,No,No,2,Month-to-month,20.05,0.0908,Low
6088-BXMRG,Female,No,Yes,Yes,32,Month-to-month,98.85,0.0907,Low
1338-CECEE,Male,No,Yes,No,41,One year,68.5,0.0906,Low
5448-VWNAM,Female,No,No,Yes,19,Month-to-month,75.9,0.0904,Low
6195-MELTI,Male,No,No,No,57,One year,54.65,0.0903,Low
7841-FCRQD,Female,No,Yes,No,33,One year,53.75,0.0902,Low
1397-XKKWR,Male,No,No,No,7,One year,35.3,0.09,Low
6621-YOBKI,Male,No,No,No,5,Month-to-month,20.35,0.09,Low
4079-ULGFR,Male,No,No,No,16,Month-to-month,20.0,0.09,Low
3011-WQKSZ,Male,No,No,Yes,19,Month-to-month,20.0,0.09,Low
4020-KIUDI,Male,No,Yes,Yes,6,Month-to-month,19.85,0.0899,Low
3466-BYAVD,Male,No,Yes,Yes,15,Month-to-month,69.5,0.0898,Low
3259-KNMRR,Male,Yes,No,No,57,Two year,79.75,0.0898,Low
2439-QKJUL,Male,No,No,No,5,Month-to-month,20.25,0.0898,Low
0533-UCAAU,Male,Yes,Yes,No,57,One year,71.1,0.0897,Low
5223-UZAVK,Male,No,No,No,64,One year,100.3,0.0895,Low
4011-ARPHK,Male,No,No,No,27,Month-to-month,50.35,0.0892,Low
6377-KSLXC,Male,No,No,No,5,Month-to-month,19.95,0.0892,Low
2931-VUVJN,Female,Yes,Yes,No,59,One year,94.05,0.0891,Low
8929-KSWIH,Male,No,No,No,25,Two year,99.3,0.089,Low
1735-XMJVH,Male,No,Yes,Yes,8,Month-to-month,19.35,0.0889,Low
4837-QUSFT,Female,No,Yes,No,65,One year,100.15,0.0888,Low
0384-LPITE,Male,No,No,No,40,One year,62.05,0.0888,Low
3696-XRIEN,Female,No,No,No,50,One year,82.5,0.0885,Low
3214-IYUUQ,Female,No,Yes,No,61,One year,93.7,0.0883,Low
7203-OYKCT,Male,No,No,No,72,One year,104.95,0.0882,Low
1140-UKVZG,Female,No,No,No,17,Month-to-month,24.8,0.0882,Low
9974-JFBHQ,Male,No,No,Yes,64,Month-to-month,99.15,0.0882,Low
2511-MORQY,Male,No,Yes,No,50,One year,54.9,0.0879,Low
1385-TQOZW,Female,No,No,No,9,Month-to-month,20.45,0.0878,Low
1357-MVDOZ,Male,No,Yes,Yes,11,Month-to-month,59.65,0.0878,Low
7123-WQUHX,Male,No,No,No,38,One year,95.0,0.0877,Low
2882-DDZPG,Female,No,No,No,12,Month-to-month,19.45,0.0877,Low
5176-LDKUH,Female,No,No,No,48,One year,75.15,0.0876,Low
7909-FIOIY,Female,No,Yes,Yes,19,Month-to-month,24.85,0.0875,Low
7251-XFOIL,Female,No,No,No,61,Month-to-month,89.2,0.0875,Low
4429-WYGFR,Male,No,No,No,26,Month-to-month,49.15,0.0875,Low
3733-ZEECP,Male,No,Yes,Yes,22,Month-to-month,51.1,0.0874,Low
0868-VJRDR,Male,No,Yes,No,64,Two year,104.05,0.0874,Low
3675-EQOZA,Male,No,No,No,5,Month-to-month,20.65,0.0873,Low
1222-LRYKO,Male,No,No,Yes,6,Month-to-month,26.35,0.0873,Low
9308-ANMVE,Male,No,No,Yes,47,Month-to-month,55.3,0.0873,Low
6164-HXUGH,Female,No,Yes,Yes,6,Month-to-month,19.85,0.0873,Low
9481-IEBZY,Male,Yes,Yes,No,72,Month-to-month,112.9,0.0872,Low
9786-IJYDL,Female,No,No,No,35,Two year,113.2,0.0871,Low
9289-LBQVU,Male,No,Yes,No,64,One year,70.15,0.087,Low
2040-OBMLJ,Male,No,No,No,31,One year,81.7,0.0869,Low
0696-UKTOX,Male,No,No,Yes,23,Month-to-month,54.15,0.0869,Low
6067-NGCEU,Female,No,No,No,65,Month-to-month,111.05,0.0868,Low
5384-ZTTWP,Female,No,Yes,Yes,15,Month-to-month,19.8,0.0868,Low
2809-ILCYT,Female,No,Yes,No,25,One year,26.8,0.0868,Low
3640-JQGJG,Male,No,Yes,Yes,13,Month-to-month,44.8,0.0867,Low
7619-PLRLP,Female,No,Yes,No,53,One year,74.1,0.0867,Low
0380-ZCSBI,Male,No,No,No,10,Month-to-month,20.0,0.0867,Low
9762-YAQAA,Male,No,No,No,39,One year,81.4,0.0865,Low
3750-RNQKR,Female,No,No,No,12,Month-to-month,19.45,0.0865,Low
8879-ZKJOF,Female,No,No,No,41,One year,79.85,0.0864,Low
8313-AFGBW,Male,No,Yes,No,47,Two year,73.6,0.0864,Low
6250-CGGUN,Male,No,No,No,54,One year,84.4,0.0862,Low
8469-SNFFH,Male,No,Yes,No,70,One year,79.4,0.0862,Low
8123-QBNAZ,Female,No,Yes,Yes,36,Month-to-month,104.5,0.0861,Low
0549-CYCQN,Male,Yes,No,No,51,One year,79.6,0.086,Low
0997-YTLNY,Female,No,No,Yes,19,Month-to-month,48.8,0.0858,Low
0027-KWYKW,Female,No,Yes,Yes,23,Month-to-month,83.75,0.0858,Low
3061-BCKYI,Male,No,No,No,14,Month-to-month,19.9,0.0855,Low
9359-UGBTK,Female,No,No,No,67,One year,72.35,0.0854,Low
8707-RMEZH,Female,Yes,Yes,No,69,One year,87.3,0.0854,Low
5160-UXJED,Male,No,No,No,17,One year,44.6,0.0852,Low
5396-IZEPB,Male,No,No,No,9,Month-to-month,19.7,0.0851,Low
8747-UDCOI,Female,No,Yes,No,65,Two year,19.35,0.0851,Low
3635-JBPSG,Female,No,No,No,15,Two year,38.8,0.0851,Low
6473-ULUHT,Male,No,Yes,Yes,16,Month-to-month,84.9,0.085,Low
0820-FNRNX,Male,No,Yes,Yes,17,Month-to-month,66.7,0.0849,Low
7727-SHVZV,Female,No,No,No,9,Month-to-month,19.5,0.0847,Low
2348-KCJLT,Female,No,Yes,No,44,One year,61.5,0.0847,Low
3397-AVTKU,Male,No,No,No,43,Two year,60.0,0.0846,Low
0089-IIQKO,Female,No,Yes,Yes,39,Month-to-month,99.95,0.0844,Low
7219-TLZHO,Female,No,Yes,Yes,4,Month-to-month,20.85,0.0844,Low
5872-OEQNH,Female,No,No,No,60,One year,44.45,0.0843,Low
0750-EBAIU,Male,No,No,No,52,One year,91.25,0.0842,Low
4104-PVRPS,Male,No,Yes,No,24,Month-to-month,53.6,0.0841,Low
6147-CBCRA,Female,No,Yes,No,33,Month-to-month,20.05,0.0839,Low
0074-HDKDG,Male,No,Yes,No,25,One year,61.6,0.0836,Low
2150-WLKUW,Female,No,Yes,No,40,One year,63.9,0.0835,Low
7049-GKVZY,Female,No,No,No,17,One year,79.85,0.0834,Low
8100-HZZLJ,Female,No,No,Yes,43,Month-to-month,63.95,0.0833,Low
7951-VRDVK,Female,No,No,No,36,One year,85.85,0.0833,Low
6648-INWPS,Male,No,Yes,Yes,16,Month-to-month,20.15,0.0832,Low
4742-DRORA,Male,No,Yes,No,60,One year,95.4,0.0831,Low
3594-IVHJZ,Female,No,No,No,2,Month-to-month,20.45,0.0831,Low
9770-LXDBK,Female,No,No,No,3,Month-to-month,20.4,0.0831,Low
4770-QAZXN,Female,No,No,No,13,Month-to-month,19.45,0.0831,Low
8884-MRNSU,Male,No,Yes,No,17,One year,19.9,0.0829,Low
7102-JJVTX,Female,No,Yes,No,9,One year,48.6,0.0828,Low
0840-DCNZE,Male,No,No,No,47,One year,86.95,0.0828,Low
5671-RQRLP,Female,Yes,Yes,No,70,Two year,75.65,0.0824,Low
7361-YPXFS,Female,Yes,No,No,28,Month-to-month,64.45,0.0823,Low
7753-USQYQ,Male,No,No,No,55,One year,64.2,0.0821,Low
3407-QGWLG,Male,No,No,Yes,3,Month-to-month,20.05,0.0821,Low
2450-ZKEED,Female,No,No,No,11,One year,53.8,0.0821,Low
7669-LCRSD,Male,No,Yes,Yes,12,Month-to-month,56.3,0.082,Low
1465-WCZVT,Female,No,Yes,Yes,3,Month-to-month,19.65,0.082,Low
0080-EMYVY,Female,No,No,No,14,One year,51.45,0.0818,Low
2928-HLDBA,Female,No,No,No,6,Month-to-month,20.7,0.0817,Low
3530-CRZSB,Female,No,No,No,7,Month-to-month,20.65,0.0817,Low
2054-PJOCK,Female,No,No,No,60,One year,80.55,0.0816,Low
2911-IJORQ,Male,No,No,No,37,One year,90.6,0.0815,Low
4808-YNLEU,Female,No,Yes,No,35,One year,62.15,0.0814,Low
1702-CCFNJ,Male,No,Yes,No,52,Month-to-month,61.35,0.0813,Low
6171-ZTVYB,Male,No,Yes,No,43,Month-to-month,66.25,0.0811,Low
3417-TSCIC,Male,No,No,No,29,One year,24.85,0.0811,Low
2546-KZAAT,Male,No,Yes,No,52,One year,75.4,0.0811,Low
7576-JMYWV,Female,Yes,Yes,Yes,46,Month-to-month,110.2,0.081,Low
3915-ODIYG,Male,Yes,No,No,60,One year,71.75,0.0809,Low
3733-UOCWF,Male,Yes,Yes,No,61,One year,85.55,0.0808,Low
3655-SNQYZ,Female,No,Yes,No,69,Two year,113.25,0.0808,Low
6568-POCUI,Female,No,Yes,No,45,Two year,95.2,0.0807,Low
8822-KNBHV,Female,No,No,No,48,One year,83.45,0.0806,Low
5447-WZAFP,Female,No,No,No,53,One year,100.3,0.0806,Low
4023-RTIQM,Female,Yes,Yes,No,31,One year,50.4,0.0806,Low
3701-SFMUH,Male,No,Yes,Yes,7,Month-to-month,69.7,0.0803,Low
1410-RSCMR,Male,No,Yes,Yes,7,Month-to-month,71.35,0.0803,Low
3865-QBWSJ,Male,Yes,No,Yes,38,Month-to-month,80.45,0.0803,Low
0496-AHOOK,Male,No,Yes,No,24,One year,74.4,0.0802,Low
4430-YHXGG,Female,No,No,Yes,4,Month-to-month,25.45,0.0802,Low
6682-VCIXC,Female,No,Yes,No,43,One year,51.25,0.0801,Low
7269-JISCY,Female,No,No,No,55,One year,45.05,0.08,Low
7976-CICYS,Male,No,No,No,4,Month-to-month,20.7,0.0799,Low
8332-OSJDW,Male,No,Yes,No,12,One year,26.4,0.0798,Low
9229-RQABD,Male,No,No,No,18,One year,23.75,0.0797,Low
7521-YXVZY,Male,No,No,Yes,3,Month-to-month,19.95,0.0796,Low
9137-NOQKA,Male,Yes,No,No,2,Month-to-month,19.2,0.0795,Low
9199-PWQVC,Female,No,Yes,No,63,One year,79.7,0.0795,Low
2453-SAFNS,Female,Yes,No,No,54,One year,72.1,0.0792,Low
0206-TBWLC,Female,No,Yes,No,54,One year,114.65,0.079,Low
9921-EZKBY,Male,No,No,Yes,33,Month-to-month,95.3,0.0789,Low
9932-WBWIK,Male,No,No,No,11,Month-to-month,20.35,0.0788,Low
2371-JUNGC,Male,No,No,No,11,Month-to-month,20.25,0.0788,Low
7777-UNYHB,Female,No,Yes,Yes,12,Month-to-month,20.1,0.0788,Low
1336-EZFZY,Female,No,No,No,4,Month-to-month,20.05,0.0788,Low
4003-OCTMP,Female,No,Yes,No,31,One year,64.0,0.0787,Low
6718-BDGHG,Female,No,Yes,No,43,One year,64.85,0.0786,Low
3863-QSTYI,Male,No,No,No,59,Month-to-month,64.65,0.0785,Low
8498-XXGWA,Female,No,Yes,No,65,Month-to-month,55.15,0.0783,Low
4549-ZDQYY,Female,No,No,No,52,One year,57.95,0.0783,Low
6794-HKIAJ,Male,No,No,No,62,Month-to-month,90.7,0.0783,Low
5337-IIWKZ,Male,No,Yes,Yes,34,Month-to-month,44.85,0.0782,Low
3547-LQRIK,Female,No,Yes,No,47,One year,26.9,0.0782,Low
4694-PHWFW,Female,No,No,Yes,8,Month-to-month,19.95,0.0781,Low
6838-HVLXG,Female,No,No,No,12,Month-to-month,20.3,0.0781,Low
9955-QOPOY,Male,No,Yes,No,69,One year,60.8,0.0779,Low
6603-QWSPR,Female,No,No,No,46,Two year,104.4,0.0779,Low
6504-VBLFL,Male,No,Yes,No,55,Two year,58.6,0.0777,Low
9867-NNXLC,Female,No,No,No,22,Month-to-month,20.05,0.0775,Low
4616-EWBNJ,Female,No,No,No,16,One year,20.1,0.0773,Low
2368-GAKKQ,Female,No,No,No,70,Two year,113.65,0.0773,Low
4623-ZKHLY,Male,No,Yes,No,22,Month-to-month,20.45,0.0773,Low
0725-CXOTM,Female,No,No,No,36,One year,89.65,0.0772,Low
3115-JPJDD,Female,No,Yes,No,59,One year,81.25,0.0771,Low
7247-XOZPB,Male,No,Yes,No,53,One year,77.4,0.077,Low
9904-EHEVJ,Female,Yes,Yes,Yes,32,Month-to-month,91.35,0.077,Low
6784-XYJAE,Female,No,No,No,36,One year,55.8,0.077,Low
5245-VDBUR,Female,No,Yes,No,52,One year,35.45,0.0769,Low
3186-AJIEK,Male,No,No,No,66,Two year,105.65,0.0768,Low
0564-MUUQK,Female,No,Yes,Yes,20,Month-to-month,95.5,0.0767,Low
8404-VLQFB,Female,No,Yes,Yes,15,Month-to-month,25.25,0.0767,Low
6231-WFGFH,Male,No,Yes,Yes,4,Month-to-month,20.5,0.0766,Low
7997-EASSD,Female,No,Yes,No,63,One year,81.2,0.0766,Low
7746-QYVCO,Male,No,Yes,No,16,One year,55.85,0.0763,Low
2739-CCZMB,Male,No,No,Yes,5,Month-to-month,20.35,0.0761,Low
7140-ADSMJ,Male,No,No,No,8,Month-to-month,20.45,0.0761,Low
8869-LIHMK,Female,No,No,No,64,Two year,115.1,0.076,Low
1057-FOGLZ,Female,No,No,No,18,Month-to-month,19.65,0.0759,Low
9967-ATRFS,Female,No,No,No,19,Month-to-month,19.9,0.0759,Low
2890-WFBHU,Female,No,No,No,59,One year,79.85,0.0759,Low
1045-LTCYT,Female,No,Yes,Yes,8,Month-to-month,21.05,0.0758,Low
1543-LLLFT,Male,Yes,Yes,No,61,One year,98.3,0.0754,Low
2277-BKJKN,Female,Yes,Yes,No,71,Two year,99.2,0.0754,Low
9362-MWODR,Female,No,No,Yes,40,Month-to-month,64.1,0.0753,Low
2717-HVIZY,Female,No,No,Yes,8,Month-to-month,20.05,0.0753,Low
8815-LMFLX,Male,No,Yes,Yes,25,Month-to-month,25.4,0.0752,Low
7892-QVYKW,Female,No,Yes,Yes,23,Month-to-month,85.6,0.0751,Low
2324-EFHVG,Male,No,No,No,64,Two year,104.4,0.075,Low
4486-EFAEB,Male,No,No,No,13,Month-to-month,20.4,0.0748,Low
1095-WGNGG,Female,No,Yes,No,61,Two year,101.05,0.0748,Low
0621-TSSMU,Male,No,Yes,No,56,One year,19.95,0.0747,Low
4903-CNOZC,Male,No,No,No,29,One year,70.9,0.0747,Low
7542-CYDDM,Male,No,No,No,18,Month-to-month,20.05,0.0746,Low
4091-TVOCN,Male,No,No,No,48,One year,78.75,0.0746,Low
2801-NISEI,Male,No,No,No,24,Month-to-month,54.95,0.0745,Low
3190-FZATL,Male,No,No,Yes,14,Month-to-month,19.95,0.0745,Low
0983-TATYJ,Female,No,Yes,No,33,One year,51.45,0.0743,Low
3896-RCYYE,Female,No,No,No,67,Month-to-month,53.4,0.0742,Low
4881-GQJTW,Male,No,No,No,14,Month-to-month,19.6,0.0741,Low
9554-DFKIC,Male,No,Yes,Yes,30,Month-to-month,54.45,0.074,Low
3623-FQBOX,Male,No,No,No,21,Month-to-month,19.95,0.074,Low
3086-RUCRN,Female,No,No,No,66,Month-to-month,103.1,0.0739,Low
6490-FGZAT,Male,No,No,No,6,Month-to-month,20.65,0.0739,Low
0953-LGOVU,Male,No,Yes,Yes,12,Month-to-month,35.5,0.0739,Low
7994-XIRTR,Male,Yes,No,No,54,One year,65.25,0.0738,Low
9052-VKDUW,Female,Yes,Yes,No,65,Month-to-month,109.4,0.0738,Low
9391-TTOYH,Female,No,No,No,23,Month-to-month,19.5,0.0738,Low
3339-EAQNV,Male,Yes,Yes,No,72,One year,97.25,0.0737,Low
7244-QWYHG,Male,No,Yes,No,50,One year,44.45,0.0737,Low
4134-BSXLX,Male,No,Yes,No,28,Month-to-month,60.9,0.0737,Low
3585-YNADK,Female,No,Yes,No,57,One year,74.6,0.0734,Low
8152-VETUR,Female,No,Yes,No,72,Two year,97.7,0.0733,Low
5193-QLVZB,Male,No,No,No,63,Two year,104.75,0.0733,Low
1952-DVVSW,Female,No,Yes,No,10,One year,20.1,0.0731,Low
9367-OIUXP,Male,No,No,No,4,Month-to-month,20.7,0.0731,Low
8467-WYNSR,Male,No,No,No,22,Month-to-month,55.1,0.0731,Low
6478-HRRCZ,Male,No,Yes,No,32,One year,70.5,0.073,Low
4198-VFOEA,Female,No,No,No,12,One year,33.6,0.073,Low
8201-AAXCB,Male,No,Yes,Yes,25,Month-to-month,60.35,0.0723,Low
6252-DFGTK,Female,No,Yes,No,37,One year,68.1,0.0721,Low
7184-LRUUR,Female,No,No,No,22,One year,65.25,0.0718,Low
8034-RYTVV,Female,No,No,No,55,One year,84.25,0.0718,Low
7623-HKYRK,Male,No,No,Yes,6,Month-to-month,19.7,0.0717,Low
9575-IWCAZ,Male,No,Yes,No,6,One year,25.1,0.0716,Low
6900-RBKER,Male,No,No,No,52,Two year,89.45,0.0716,Low
3401-URHDA,Male,No,No,No,51,One year,59.9,0.0714,Low
6778-JFCMK,Male,No,No,No,24,One year,50.6,0.0714,Low
8738-JOKAR,Female,No,No,No,42,One year,67.7,0.0712,Low
7629-WFGLW,Female,Yes,Yes,No,56,One year,95.65,0.0712,Low
7879-CGSFV,Male,No,No,No,55,One year,100.9,0.0712,Low
3545-CNWRG,Female,No,Yes,Yes,49,Month-to-month,98.35,0.0712,Low
4063-EIKNQ,Male,No,Yes,Yes,11,Month-to-month,20.95,0.0711,Low
9867-JCZSP,Female,No,Yes,No,17,One year,20.75,0.0711,Low
4973-RLZVI,Female,No,No,No,30,One year,74.65,0.0711,Low
3378-AJRAO,Male,No,Yes,No,44,One year,24.85,0.0708,Low
6211-WWLTF,Male,No,Yes,No,63,Two year,99.7,0.0708,Low
4369-NYSCF,Male,No,No,No,56,One year,75.75,0.0708,Low
7874-ECPQJ,Female,No,No,Yes,4,Month-to-month,20.05,0.0707,Low
8075-GXIUB,Male,Yes,Yes,No,9,One year,19.85,0.0707,Low
1984-GPTEH,Female,No,No,No,29,Month-to-month,25.15,0.0705,Low
2085-JVGAD,Male,No,Yes,No,37,Month-to-month,20.35,0.0705,Low
6156-UZDLF,Female,No,No,No,26,One year,87.15,0.0704,Low
2233-FAGXV,Female,No,Yes,Yes,5,Month-to-month,24.3,0.0703,Low
3174-AKMAS,Female,No,Yes,No,46,Two year,64.2,0.0703,Low
0565-JUPYD,Male,No,No,No,63,One year,104.5,0.0702,Low
5693-PIPCS,Male,No,No,No,41,Two year,99.65,0.0702,Low
2882-WDTBA,Male,No,Yes,No,69,Two year,75.75,0.07,Low
2428-HYUNX,Male,Yes,Yes,No,44,Two year,19.35,0.0699,Low
9209-NWPGU,Male,No,No,No,44,One year,65.4,0.0699,Low
9880-TDQAC,Female,No,Yes,No,72,Two year,60.0,0.0698,Low
1154-HYWWO,Male,No,No,No,38,One year,70.6,0.0694,Low
7868-TMWMZ,Female,Yes,Yes,No,60,Two year,110.0,0.0693,Low
1866-NXPSP,Female,No,No,No,36,One year,75.55,0.0693,Low
5815-HGGHV,Male,No,Yes,No,20,One year,64.15,0.0692,Low
4445-KWOKW,Female,No,No,No,42,One year,60.15,0.0692,Low
4598-ZADCK,Female,No,No,No,53,One year,53.6,0.0691,Low
5934-TSSAU,Female,No,Yes,Yes,23,Month-to-month,75.3,0.0691,Low
7566-DSRLQ,Female,No,Yes,No,72,Two year,110.15,0.069,Low
7706-DZNKK,Male,No,No,No,11,Month-to-month,20.45,0.0689,Low
8098-TDCBU,Female,No,Yes,No,42,Two year,25.25,0.0688,Low
8668-KNZTI,Male,No,No,No,52,One year,53.75,0.0688,Low
0396-UKGAI,Male,No,No,Yes,23,Month-to-month,55.3,0.0688,Low
1345-GKDZZ,Male,No,No,Yes,6,Month-to-month,19.55,0.0686,Low
0076-LVEPS,Male,No,No,Yes,29,Month-to-month,45.0,0.0686,Low
1552-TKMXS,Female,No,Yes,No,42,Month-to-month,20.35,0.0686,Low
8847-GEOOQ,Male,No,Yes,No,60,Month-to-month,60.2,0.0685,Low
3410-YOQBQ,Female,No,No,No,31,Two year,79.2,0.0682,Low
1850-AKQEP,Male,No,No,Yes,8,Month-to-month,20.35,0.0682,Low
2578-JQPHZ,Male,No,No,No,44,Two year,100.1,0.0681,Low
6933-FHBZC,Female,No,No,No,26,One year,56.05,0.0681,Low
0373-AIVNJ,Male,No,No,No,9,One year,39.55,0.068,Low
2907-ILJBN,Female,No,Yes,No,11,One year,20.6,0.0678,Low
3059-NGMXB,Male,No,Yes,Yes,14,Month-to-month,69.2,0.0677,Low
5386-THSLQ,Female,Yes,Yes,No,66,One year,45.55,0.0677,Low
0621-JFHOL,Female,No,No,No,10,Two year,29.6,0.0677,Low
2040-LDIWQ,Male,No,Yes,No,65,Two year,84.2,0.0675,Low
6869-FGJJC,Male,No,No,No,68,One year,79.6,0.0675,Low
3077-RSNTJ,Female,No,Yes,Yes,6,Month-to-month,19.7,0.0675,Low
9489-DEDVP,Female,No,Yes,No,70,Two year,69.2,0.0674,Low
3181-VTHOE,Male,No,Yes,No,70,One year,51.05,0.0674,Low
8378-LKJAF,Male,No,Yes,Yes,38,Month-to-month,101.15,0.0674,Low
5327-XOKKY,Male,Yes,Yes,No,72,Two year,73.45,0.0674,Low
6476-YHMGA,Female,No,Yes,Yes,15,Month-to-month,76.5,0.0673,Low
2240-HSJQD,Male,No,No,Yes,38,Month-to-month,81.85,0.0671,Low
5777-KJIRB,Female,No,No,No,40,One year,50.25,0.0671,Low
3887-PBQAO,Female,No,Yes,No,45,One year,25.9,0.0669,Low
4890-VMUAV,Male,No,No,No,63,One year,71.5,0.0667,Low
5961-VUSRV,Female,No,No,No,12,One year,19.35,0.0665,Low
0357-NVCRI,Female,No,No,Yes,25,Month-to-month,20.05,0.0665,Low
0484-JPBRU,Male,No,No,No,41,Month-to-month,25.25,0.0664,Low
5092-STPKP,Female,No,No,No,24,Month-to-month,56.35,0.0663,Low
2753-JMMCV,Male,No,No,No,65,Two year,74.2,0.0663,Low
2636-SJDOU,Male,No,No,No,64,One year,84.3,0.0662,Low
1360-RCYRT,Male,No,Yes,Yes,23,Month-to-month,30.35,0.0661,Low
6408-OTUBZ,Female,No,No,No,66,One year,104.55,0.0661,Low
7089-RKVSZ,Male,No,Yes,No,8,One year,24.4,0.066,Low
3039-MJSLN,Male,No,No,Yes,3,Month-to-month,20.2,0.066,Low
4584-LBNMK,Male,Yes,Yes,No,45,One year,24.7,0.0659,Low
3209-ZPKFI,Male,No,Yes,Yes,47,Month-to-month,54.25,0.0659,Low
3605-JISKB,Male,Yes,Yes,No,55,One year,60.0,0.0657,Low
4049-ZPALD,Female,No,Yes,No,64,Two year,99.0,0.0657,Low
8958-JPTRR,Female,No,Yes,No,56,One year,24.3,0.0657,Low
5829-NVSQN,Female,No,Yes,No,23,One year,68.75,0.0657,Low
9000-PLFUZ,Female,Yes,Yes,No,60,Two year,49.45,0.0656,Low
2817-LVCPP,Female,No,No,No,50,Two year,19.4,0.0655,Low
3131-NWVFJ,Female,No,Yes,No,14,One year,19.55,0.0654,Low
3259-QMXUN,Male,No,Yes,No,58,Two year,86.1,0.0653,Low
6701-DHKWQ,Female,No,Yes,No,61,Two year,51.35,0.0652,Low
3920-HIHMQ,Female,No,No,Yes,26,Month-to-month,49.5,0.0652,Low
3354-OADJP,Female,No,No,No,8,One year,54.25,0.0652,Low
7047-YXDMZ,Male,No,No,No,21,Month-to-month,20.0,0.0651,Low
4719-UMSIY,Male,No,No,Yes,6,Month-to-month,19.65,0.0651,Low
7110-BDTWG,Female,No,Yes,No,71,Two year,47.05,0.0651,Low
1474-JUWSM,Female,No,Yes,No,58,One year,68.4,0.0651,Low
9845-PEEKO,Female,Yes,No,No,59,Two year,79.2,0.0651,Low
6620-HVDUJ,Male,No,No,No,24,Month-to-month,60.45,0.065,Low
4654-GGUII,Female,No,No,No,18,One year,40.2,0.0649,Low
9618-LFJRU,Female,No,No,No,4,Month-to-month,20.45,0.0648,Low
2580-ASVVY,Female,No,Yes,No,37,Two year,45.4,0.0648,Low
4403-BWPAY,Male,No,No,No,14,One year,24.8,0.0648,Low
2522-WLNSF,Female,Yes,Yes,No,34,One year,64.2,0.0648,Low
4163-NCJAK,Female,No,Yes,No,46,One year,24.45,0.0647,Low
3043-SUDUA,Female,No,No,No,32,Month-to-month,19.9,0.0646,Low
4622-YNKIJ,Male,No,No,No,33,Two year,88.95,0.0645,Low
8387-UGUSU,Female,No,Yes,Yes,15,Month-to-month,20.05,0.0645,Low
6516-NKQBO,Male,No,Yes,No,38,Two year,81.0,0.0644,Low
5256-SKJGO,Female,No,Yes,No,64,Two year,54.6,0.0642,Low
8007-YYPWD,Female,No,No,No,15,Two year,25.05,0.0641,Low
1110-KYLGQ,Female,No,No,No,63,Month-to-month,108.25,0.0639,Low
8999-XXGNS,Female,Yes,Yes,No,72,One year,105.75,0.0638,Low
6194-HBGQN,Male,No,No,No,51,One year,81.15,0.0637,Low
2077-DDHJK,Female,No,Yes,No,68,Two year,70.9,0.0636,Low
6838-YAUVY,Female,No,No,No,54,Two year,95.1,0.0635,Low
2925-MXLSX,Female,No,No,No,30,One year,68.95,0.0634,Low
3082-WQRVY,Male,Yes,Yes,No,14,One year,19.65,0.0633,Low
5032-USPKF,Female,No,No,No,38,One year,84.1,0.0632,Low
9143-CANJF,Female,No,Yes,Yes,24,Month-to-month,55.15,0.0632,Low
9788-HNGUT,Male,No,Yes,No,72,Two year,116.95,0.0632,Low
4043-MKDTV,Male,No,Yes,No,71,Two year,105.25,0.0631,Low
7833-PKIHD,Male,No,Yes,No,51,One year,76.4,0.063,Low
4418-LZMSV,Male,No,Yes,Yes,13,Month-to-month,61.8,0.0629,Low
3935-TBRZZ,Male,No,Yes,No,44,One year,25.7,0.0627,Low
5343-SGUBI,Female,No,No,No,52,One year,80.2,0.0627,Low
7801-CEDNV,Male,No,Yes,No,27,One year,48.7,0.0626,Low
4389-UEFCZ,Female,No,Yes,No,72,Two year,105.5,0.0626,Low
6353-BRMMA,Female,No,Yes,Yes,54,Month-to-month,104.1,0.0623,Low
5512-IDZEI,Male,No,Yes,No,46,One year,24.9,0.0623,Low
2834-JKOOW,Female,No,No,No,15,One year,45.9,0.0621,Low
2680-XKKNJ,Female,No,No,No,8,One year,58.2,0.0621,Low
4712-UYOOI,Female,No,Yes,Yes,20,Month-to-month,20.0,0.0621,Low
9513-DXHDA,Male,No,No,No,27,One year,81.7,0.062,Low
7284-ZZLOH,Male,No,Yes,No,45,Two year,53.3,0.0619,Low
3739-YBWAB,Male,No,Yes,No,36,One year,35.35,0.0618,Low
0594-UFTUL,Male,No,Yes,Yes,13,Month-to-month,19.85,0.0618,Low
7820-ZYGNY,Male,No,No,No,63,One year,90.45,0.0617,Low
9150-HEPMB,Male,No,No,No,56,One year,52.7,0.0615,Low
9929-PLVPA,Female,No,No,Yes,4,Month-to-month,20.4,0.0615,Low
9146-JRIOX,Female,No,Yes,Yes,14,Month-to-month,25.55,0.0614,Low
1568-BEKZM,Male,Yes,Yes,No,70,Two year,90.05,0.0614,Low
7989-AWGEH,Male,No,Yes,Yes,49,Month-to-month,39.2,0.0613,Low
6286-ZHAOK,Female,No,Yes,Yes,20,Month-to-month,25.55,0.0612,Low
0083-PIVIK,Male,No,No,No,64,One year,81.25,0.061,Low
9170-ARBTB,Female,No,Yes,No,52,One year,19.6,0.0609,Low
5049-MUBWG,Male,No,No,No,26,One year,75.0,0.0609,Low
1866-ZSLJM,Male,No,No,No,21,Month-to-month,20.5,0.0609,Low
9670-BPNXF,Female,No,No,No,45,One year,62.55,0.0609,Low
0396-HUJBP,Female,No,No,No,2,Month-to-month,19.3,0.0609,Low
0930-EHUZA,Female,No,No,No,36,One year,76.35,0.0608,Low
7570-WELNY,Female,No,Yes,No,68,Two year,84.7,0.0608,Low
2985-JUUBZ,Male,No,Yes,Yes,40,Month-to-month,74.55,0.0607,Low
0230-UBYPQ,Male,Yes,Yes,No,63,One year,36.1,0.0607,Low
0023-UYUPN,Female,Yes,Yes,No,50,One year,25.2,0.0606,Low
8752-IMQOS,Male,No,Yes,No,5,One year,20.1,0.0606,Low
9127-QRZMH,Male,No,Yes,No,44,One year,59.85,0.0605,Low
8033-ATFAS,Female,No,Yes,Yes,39,Month-to-month,59.85,0.0605,Low
4801-KFYKL,Male,No,No,Yes,8,Month-to-month,19.45,0.0604,Low
5791-KAJFD,Female,No,Yes,No,56,One year,68.75,0.0604,Low
8800-ZKRFW,Female,No,Yes,Yes,30,Month-to-month,107.5,0.0604,Low
3823-KYNQY,Male,No,No,No,12,One year,24.95,0.0603,Low
9102-OXKFY,Male,No,No,No,59,Two year,54.15,0.0603,Low
1216-JWVUX,Male,No,Yes,Yes,25,Month-to-month,75.5,0.0603,Low
2434-EEVDB,Female,No,Yes,No,64,Two year,94.6,0.0603,Low
0285-INHLN,Male,No,Yes,Yes,27,Month-to-month,54.75,0.0603,Low
5504-WSIUR,Female,No,No,No,70,One year,90.25,0.06,Low
1206-EHBDD,Female,No,Yes,No,56,Two year,80.3,0.06,Low
8097-VBQTZ,Male,No,No,No,54,Month-to-month,69.9,0.06,Low
3572-UOLYZ,Female,No,No,Yes,46,Month-to-month,84.8,0.0599,Low
0980-PVMRC,Female,No,Yes,Yes,40,Month-to-month,50.85,0.0598,Low
5203-XEHAX,Female,No,No,No,34,One year,64.35,0.0598,Low
9909-IDLEK,Male,No,Yes,Yes,20,Month-to-month,96.8,0.0598,Low
5414-OFQCB,Male,No,No,No,57,Two year,90.45,0.0597,Low
0516-QREYC,Female,Yes,No,No,24,Month-to-month,20.3,0.0596,Low
5110-CHOPY,Female,No,No,No,60,Two year,53.6,0.0596,Low
1353-GHZOS,Male,No,Yes,No,22,One year,59.75,0.0595,Low
2055-BFOCC,Male,Yes,Yes,No,63,One year,84.0,0.0595,Low
2931-SVLTV,Male,No,Yes,Yes,40,Month-to-month,110.1,0.0595,Low
3174-RKMOW,Male,No,Yes,Yes,35,Month-to-month,109.95,0.0594,Low
8405-IGQFX,Female,No,No,No,63,One year,90.05,0.0594,Low
1877-HKBQX,Female,No,No,No,11,One year,54.6,0.0594,Low
2351-RRBUE,Female,No,Yes,No,7,One year,20.65,0.0593,Low
6674-KVJHG,Female,No,No,No,11,One year,25.2,0.0592,Low
8406-LNMHF,Male,Yes,Yes,No,59,One year,82.95,0.0591,Low
3197-NNYNB,Male,No,No,No,65,Two year,105.1,0.059,Low
4422-QVIJA,Female,No,No,Yes,35,Month-to-month,50.15,0.059,Low
6727-IOTLZ,Male,No,Yes,No,14,Two year,81.95,0.0588,Low
3452-FLHYD,Male,No,Yes,No,25,One year,20.95,0.0587,Low
0114-IGABW,Female,No,Yes,No,71,Two year,58.25,0.0587,Low
3097-PYWXL,Female,No,Yes,Yes,4,Month-to-month,19.95,0.0584,Low
1229-RCALF,Female,No,Yes,No,64,One year,115.0,0.0584,Low
6765-MBQNU,Female,No,Yes,No,26,One year,26.0,0.0583,Low
4568-TTZRT,Male,No,No,No,9,Month-to-month,20.4,0.0583,Low
4717-GHADL,Female,No,No,No,50,Two year,79.6,0.0582,Low
0356-OBMAC,Female,Yes,No,No,56,Two year,99.9,0.058,Low
6726-NNFWD,Female,Yes,Yes,No,71,Two year,89.45,0.0578,Low
8044-BGWPI,Male,No,Yes,Yes,12,Month-to-month,21.15,0.0578,Low
8788-DOXSU,Male,No,No,No,59,One year,61.35,0.0578,Low
7279-NMVJC,Female,No,No,No,17,One year,19.9,0.0575,Low
5372-FBKBN,Female,No,No,Yes,21,Month-to-month,20.75,0.0575,Low
5447-VYTKW,Male,No,No,No,27,Month-to-month,53.45,0.0574,Low
4311-QTTAI,Female,No,No,No,16,One year,19.35,0.0573,Low
3167-SNQPL,Male,Yes,Yes,Yes,38,Month-to-month,101.15,0.0572,Low
7677-SJJJK,Male,No,Yes,No,8,One year,19.9,0.0572,Low
3724-UCSHY,Male,No,Yes,Yes,6,Month-to-month,19.55,0.0571,Low
0377-JBKKT,Male,No,Yes,Yes,22,Month-to-month,57.95,0.0571,Low
6925-BAYGL,Female,Yes,Yes,No,53,Two year,25.1,0.057,Low
6728-DKUCO,Female,No,Yes,No,72,One year,104.15,0.057,Low
1641-BYBTK,Male,No,No,Yes,6,Month-to-month,20.2,0.0569,Low
3682-YEUWS,Male,No,Yes,Yes,10,Month-to-month,24.4,0.0568,Low
7492-TAFJD,Male,No,Yes,No,7,Two year,38.55,0.0568,Low
8777-PVYGU,Female,No,Yes,No,52,One year,64.3,0.0567,Low
6773-LQTVT,Female,Yes,Yes,Yes,29,Month-to-month,35.65,0.0567,Low
9357-UJRUN,Male,No,Yes,No,24,One year,58.35,0.0567,Low
3340-QBBFM,Male,Yes,Yes,No,36,One year,54.1,0.0567,Low
9971-ZWPBF,Male,Yes,Yes,Yes,34,Month-to-month,108.9,0.0567,Low
7061-OVMIM,Female,No,Yes,No,30,One year,19.55,0.0566,Low
9891-NQDBD,Female,No,Yes,No,28,One year,25.55,0.0565,Low
2027-CWDNU,Male,No,Yes,Yes,18,Month-to-month,85.6,0.0565,Low
0201-MIBOL,Female,Yes,No,No,66,Two year,102.4,0.0565,Low
2649-HWLYB,Male,No,Yes,No,65,Two year,76.15,0.0564,Low
1414-YADCW,Male,No,Yes,No,70,Two year,84.6,0.0563,Low
2483-XSSMZ,Female,No,No,No,39,One year,47.85,0.0562,Low
8261-GWDBQ,Female,Yes,Yes,No,60,Two year,116.05,0.0562,Low
2958-NHPPS,Male,No,No,No,23,Month-to-month,20.85,0.0561,Low
2129-ALKBS,Female,No,Yes,Yes,40,Month-to-month,26.2,0.056,Low
0661-WCQNQ,Male,No,Yes,No,22,One year,56.25,0.0559,Low
9330-DHBFL,Female,No,Yes,No,23,One year,66.25,0.0559,Low
8041-TMEID,Male,Yes,Yes,No,63,Two year,108.5,0.0559,Low
2706-QZIHY,Female,No,Yes,No,15,Two year,25.2,0.0558,Low
8898-KASCD,Male,No,No,No,39,One year,35.55,0.0556,Low
5307-UVGNB,Female,No,Yes,Yes,53,Month-to-month,48.7,0.0556,Low
8871-JLMHM,Female,No,Yes,No,68,Two year,90.2,0.0555,Low
5170-PTRKA,Female,No,Yes,No,49,One year,35.8,0.0555,Low
9253-VIFJQ,Male,No,Yes,No,65,One year,67.05,0.0554,Low
4654-DLAMQ,Female,Yes,Yes,No,64,One year,97.0,0.0554,Low
0214-JHPFW,Female,No,Yes,No,70,Two year,57.8,0.0554,Low
2038-YSEZE,Female,No,No,No,29,Month-to-month,67.45,0.0554,Low
7595-EHCDL,Male,No,Yes,Yes,32,Month-to-month,50.6,0.0553,Low
4737-HOBAX,Male,No,Yes,No,63,Two year,79.8,0.0553,Low
8745-PVESG,Female,No,No,No,57,One year,41.1,0.0552,Low
7325-ENZFI,Female,No,No,No,39,One year,40.3,0.0551,Low
0743-HNPFG,Female,No,Yes,No,51,One year,69.75,0.0551,Low
0536-BGFMZ,Female,No,Yes,No,28,Month-to-month,20.5,0.055,Low
1845-CSBRZ,Female,Yes,Yes,Yes,22,Month-to-month,85.35,0.055,Low
9207-ZPANB,Male,No,No,No,37,One year,67.45,0.055,Low
0829-DDVLK,Female,No,No,No,15,One year,20.1,0.055,Low
5844-QVTAT,Female,No,Yes,No,33,One year,58.45,0.0549,Low
0111-KLBQG,Male,Yes,Yes,Yes,32,Month-to-month,93.95,0.0549,Low
1139-WUOAH,Male,No,No,No,57,Two year,53.35,0.0548,Low
4667-QONEA,Female,Yes,Yes,No,60,One year,74.85,0.0548,Low
1183-CANVH,Female,No,Yes,No,23,One year,60.0,0.0547,Low
1302-TPUBN,Male,No,No,No,66,Two year,19.35,0.0547,Low
0458-HEUZG,Female,No,No,No,13,Two year,35.4,0.0547,Low
4425-OWHWB,Female,No,No,No,20,One year,19.35,0.0547,Low
3926-YZVVX,Female,No,No,No,41,One year,50.05,0.0546,Low
3146-JTQHR,Male,No,Yes,No,10,One year,19.6,0.0546,Low
6891-JPYFF,Female,No,Yes,Yes,48,Month-to-month,105.25,0.0545,Low
7416-CKTEP,Female,No,Yes,No,57,Two year,19.6,0.0545,Low
4670-TABXH,Male,No,Yes,No,72,Two year,109.75,0.0545,Low
3370-GQEAL,Male,No,Yes,Yes,30,Month-to-month,85.45,0.0544,Low
0422-OHQHQ,Female,No,Yes,No,15,One year,20.55,0.0543,Low
3750-YHRYO,Male,No,Yes,No,7,One year,20.65,0.0543,Low
9294-TDIPC,Male,No,No,Yes,5,Month-to-month,20.2,0.0539,Low
4565-EVZMJ,Female,No,No,No,47,One year,58.9,0.0538,Low
3099-OONVS,Male,No,Yes,Yes,25,Month-to-month,54.3,0.0538,Low
6114-TCFID,Female,No,No,No,29,One year,39.5,0.0537,Low
2410-CIYFZ,Male,No,No,Yes,2,Month-to-month,20.4,0.0537,Low
5777-ZPQNC,Female,No,No,No,12,One year,20.15,0.0537,Low
0219-QAERP,Male,No,Yes,No,30,One year,19.8,0.0537,Low
4159-NAAIX,Female,No,No,No,63,Two year,97.45,0.0536,Low
9987-LUTYD,Female,No,No,No,13,One year,55.15,0.0536,Low
3800-LYTRK,Female,No,No,No,14,One year,55.7,0.0536,Low
9220-ZNKJI,Female,Yes,Yes,No,55,Two year,88.8,0.0535,Low
2959-EEXWB,Female,No,Yes,Yes,45,Month-to-month,50.9,0.0535,Low
0308-GIQJT,Male,Yes,No,No,71,One year,105.75,0.0535,Low
4318-RAJVY,Female,No,No,No,10,One year,19.8,0.0535,Low
9814-AOUDH,Male,No,No,No,53,Two year,19.5,0.0535,Low
4821-SJHJV,Female,No,Yes,Yes,32,Month-to-month,89.6,0.0535,Low
4121-AGSIN,Female,No,Yes,No,58,One year,24.5,0.0535,Low
1265-HVPZB,Male,No,Yes,No,59,One year,66.4,0.0534,Low
6103-QCKFX,Female,No,Yes,Yes,44,Month-to-month,56.25,0.0534,Low
6814-ZPWFQ,Male,Yes,No,No,51,One year,25.0,0.0529,Low
3486-KHMLI,Male,No,No,Yes,21,Month-to-month,24.7,0.0529,Low
8963-MQVYN,Female,No,No,Yes,22,Month-to-month,20.55,0.0529,Low
2242-MFOTG,Male,No,No,No,33,One year,80.1,0.0528,Low
1539-LNKHM,Female,No,No,No,12,Month-to-month,20.4,0.0528,Low
4560-WQAQW,Female,No,No,No,59,One year,68.7,0.0528,Low
6924-TDGMT,Male,No,Yes,No,11,One year,20.55,0.0527,Low
9040-KZVWO,Male,No,No,No,26,One year,75.5,0.0527,Low
0233-FTHAV,Female,No,No,No,60,One year,79.2,0.0527,Low
9137-UIYPG,Female,No,Yes,Yes,35,Month-to-month,106.9,0.0526,Low
4922-CVPDX,Female,No,Yes,No,26,Two year,73.5,0.0525,Low
6732-VAILE,Male,No,Yes,No,70,Two year,85.95,0.0523,Low
9754-CLVZW,Female,No,Yes,Yes,26,Month-to-month,38.85,0.0522,Low
2266-SJNAT,Female,No,Yes,No,72,One year,109.15,0.0521,Low
2361-FJWNO,Male,No,No,No,40,One year,36.0,0.052,Low
2824-MYYBN,Female,No,Yes,Yes,37,Month-to-month,95.25,0.052,Low
8204-TIFGJ,Female,No,No,No,23,Month-to-month,20.3,0.052,Low
5195-KPUNQ,Female,Yes,No,No,53,One year,96.75,0.0519,Low
8552-OBVRU,Female,Yes,Yes,Yes,48,Month-to-month,104.5,0.0518,Low
7471-WNSUF,Male,No,Yes,No,60,One year,24.15,0.0518,Low
6461-PPAXN,Female,No,Yes,No,35,One year,54.95,0.0517,Low
8292-FRFZQ,Female,No,No,No,39,One year,41.15,0.0515,Low
7032-LMBHI,Female,No,No,No,37,One year,64.65,0.0515,Low
0701-RFGFI,Female,No,Yes,Yes,49,Month-to-month,95.4,0.0515,Low
4189-NAKJS,Male,No,No,No,26,One year,51.55,0.0513,Low
9933-QRGTX,Female,No,Yes,No,60,Two year,97.2,0.0512,Low
9586-JGQKH,Female,No,Yes,No,64,Two year,105.4,0.051,Low
9052-DHNKM,Male,No,No,No,26,One year,61.55,0.051,Low
0657-DOGUM,Female,No,Yes,No,48,One year,60.6,0.0509,Low
5656-MJEFC,Male,No,Yes,No,42,Two year,48.15,0.0509,Low
2535-PBCGC,Female,No,Yes,No,70,Two year,64.55,0.0508,Low
7581-EBBOU,Female,No,No,No,60,One year,70.15,0.0508,Low
6476-EPYZR,Male,No,Yes,Yes,12,Month-to-month,20.5,0.0508,Low
7876-AEHIG,Female,No,No,No,51,One year,60.15,0.0507,Low
6371-NZYEG,Male,No,Yes,No,16,Two year,64.25,0.0507,Low
4111-BNXIF,Female,No,Yes,No,67,Two year,59.55,0.0505,Low
5278-PNYOX,Female,No,No,No,49,Two year,100.65,0.0504,Low
0732-OCQOC,Female,No,Yes,No,52,Two year,25.05,0.0503,Low
0813-TAXXS,Male,No,No,No,55,Two year,77.8,0.0503,Low
0455-ENTCR,Male,No,Yes,No,66,Two year,85.25,0.0501,Low
4018-KJYUY,Male,No,No,Yes,22,Month-to-month,20.15,0.0499,Low
2364-UFROM,Male,No,No,No,30,One year,70.4,0.0499,Low
9351-HXDMR,Male,No,Yes,No,72,Two year,110.9,0.0498,Low
9046-DQMTP,Male,No,No,No,35,Month-to-month,20.75,0.0498,Low
0142-GVYSN,Male,No,No,No,26,Month-to-month,20.3,0.0496,Low
9408-HRXRK,Female,No,Yes,Yes,45,Month-to-month,105.15,0.0496,Low
1813-JLKWR,Female,No,Yes,No,64,One year,19.8,0.0496,Low
2811-POVEX,Female,Yes,Yes,Yes,23,Month-to-month,88.45,0.0495,Low
9626-VFRGG,Female,No,No,Yes,41,Month-to-month,88.5,0.0494,Low
1760-CAZHT,Male,No,No,Yes,25,Month-to-month,20.8,0.0494,Low
1159-WFSGR,Female,No,Yes,Yes,16,Month-to-month,20.4,0.0494,Low
8434-PNQZX,Female,No,No,No,42,Two year,78.45,0.0493,Low
5756-OZRIO,Male,Yes,Yes,No,61,One year,64.05,0.0492,Low
2990-OGYTD,Female,No,Yes,No,67,Two year,86.15,0.0492,Low
5982-FPVQN,Female,No,Yes,Yes,37,Month-to-month,95.15,0.0491,Low
4980-URKXC,Male,No,Yes,No,36,One year,20.85,0.0491,Low
3999-WRNGR,Female,No,Yes,Yes,60,Month-to-month,49.75,0.0491,Low
6266-QHOJZ,Female,No,No,No,65,One year,89.85,0.049,Low
9560-BBZXK,Female,No,No,No,36,Two year,31.05,0.049,Low
7446-SFAOA,Female,No,Yes,No,37,One year,19.85,0.0489,Low
9068-VPWQQ,Male,No,Yes,No,61,Two year,75.35,0.0488,Low
3012-VFFMN,Female,No,Yes,Yes,7,Month-to-month,20.65,0.0488,Low
3530-VWVGU,Female,No,Yes,Yes,22,Month-to-month,19.9,0.0487,Low
4732-RRJZC,Male,No,Yes,Yes,7,Month-to-month,20.25,0.0486,Low
6374-AFWOX,Male,No,Yes,No,46,Two year,65.65,0.0485,Low
6121-TNHBO,Female,Yes,No,No,63,One year,83.0,0.0485,Low
5172-RKOCB,Male,No,Yes,No,72,Two year,108.95,0.0484,Low
0946-FKYTX,Male,No,No,No,52,One year,30.1,0.0484,Low
9746-UGFAC,Female,No,No,No,22,One year,20.85,0.0483,Low
9495-SKLKD,Male,No,Yes,Yes,45,Month-to-month,95.95,0.0483,Low
9480-BQJEI,Male,No,No,No,62,One year,92.3,0.0483,Low
2245-ADZFJ,Female,No,Yes,No,31,Two year,80.55,0.0482,Low
1430-SFQSA,Male,No,No,No,29,One year,35.6,0.0482,Low
6435-VWCCY,Male,Yes,Yes,No,65,Two year,92.7,0.0481,Low
3374-PZLXD,Male,No,No,No,34,Month-to-month,19.7,0.0481,Low
3646-ITDGM,Female,No,No,No,56,Two year,19.7,0.048,Low
4947-DSMXK,Male,No,Yes,Yes,34,Month-to-month,97.7,0.048,Low
8942-DBMHZ,Male,No,No,No,12,Month-to-month,20.45,0.048,Low
4115-BNPJY,Male,No,Yes,No,29,Two year,75.55,0.0479,Low
7338-ERIVA,Male,No,No,No,39,One year,45.05,0.0479,Low
9541-PWTWO,Female,No,No,No,52,Two year,80.95,0.0479,Low
7445-WMRBW,Female,No,No,No,48,One year,73.85,0.0478,Low
1345-ZUKID,Male,No,No,No,14,One year,19.35,0.0478,Low
1271-UODNO,Male,No,No,No,39,Two year,53.85,0.0478,Low
8735-NBLWT,Male,No,No,Yes,9,Month-to-month,20.4,0.0476,Low
8384-FZBJK,Female,No,Yes,Yes,57,Month-to-month,100.6,0.0476,Low
4223-BKEOR,Female,No,No,No,21,One year,64.85,0.0475,Low
2144-ESWKO,Male,No,No,No,43,One year,35.2,0.0475,Low
6681-ZSEXG,Male,No,Yes,No,56,Two year,59.5,0.0475,Low
0516-UXRMT,Female,No,No,No,62,One year,92.05,0.0474,Low
7094-MSZAO,Male,No,Yes,Yes,10,Month-to-month,20.05,0.0473,Low
6752-APNJL,Male,No,Yes,Yes,42,Month-to-month,54.5,0.0473,Low
2466-NEJOJ,Male,No,Yes,Yes,8,Month-to-month,19.65,0.0472,Low
4701-LKOZD,Female,No,No,No,70,Two year,89.75,0.0472,Low
3327-YBAKM,Female,No,Yes,No,64,One year,96.9,0.0472,Low
5716-EZXZN,Female,No,Yes,No,65,Two year,99.05,0.0471,Low
1257-SXUXQ,Male,No,Yes,Yes,5,Month-to-month,19.45,0.0471,Low
8573-JGCZW,Male,No,No,No,17,One year,19.65,0.0471,Low
3957-SQXML,Female,No,Yes,No,34,Two year,24.95,0.047,Low
0178-SZBHO,Male,No,Yes,Yes,47,Month-to-month,87.2,0.0469,Low
4615-PIVVU,Female,No,No,No,42,Two year,66.5,0.0467,Low
0727-BNRLG,Male,No,No,No,69,Two year,97.65,0.0466,Low
5313-FPXWG,Male,No,No,No,51,One year,24.6,0.0466,Low
4299-OPXEJ,Female,No,No,No,56,Two year,19.55,0.0466,Low
9674-EHPPG,Male,No,Yes,No,46,Two year,40.4,0.0464,Low
7779-ORAEL,Male,Yes,Yes,No,45,Two year,75.15,0.0464,Low
0756-MPZRL,Male,No,No,No,46,One year,33.7,0.0463,Low
0513-RBGPE,Male,No,Yes,No,37,Two year,62.8,0.0462,Low
5663-QBGIS,Male,Yes,Yes,No,72,Two year,98.35,0.0462,Low
0942-KOWSM,Female,No,Yes,No,30,Two year,80.8,0.0462,Low
9995-HOTOH,Male,No,Yes,No,63,Two year,59.0,0.0461,Low
1472-TNCWL,Male,No,No,Yes,36,Month-to-month,94.7,0.0461,Low
4697-LUPSU,Male,No,Yes,No,2,One year,20.2,0.046,Low
1661-CZBAU,Male,No,No,No,48,One year,70.95,0.046,Low
3055-VTCGS,Female,No,No,No,63,One year,58.55,0.0459,Low
8348-JLBUG,Male,Yes,Yes,No,64,One year,80.3,0.0459,Low
9555-SAHUZ,Female,No,Yes,Yes,38,Month-to-month,54.5,0.0459,Low
2812-ENYMO,Male,No,No,No,26,One year,54.55,0.0459,Low
4092-OFQZS,Male,No,Yes,No,20,One year,20.65,0.0458,Low
0014-BMAQU,Male,No,Yes,No,63,Two year,84.65,0.0458,Low
9432-RUVSL,Female,No,No,No,48,Two year,102.5,0.0458,Low
7901-IIDQV,Male,No,No,No,24,One year,54.6,0.0457,Low
9926-PJHDQ,Female,No,Yes,No,72,Two year,76.8,0.0457,Low
4825-XJGDM,Female,No,No,No,61,One year,43.7,0.0456,Low
2277-AXSDC,Female,No,No,No,32,One year,19.75,0.0456,Low
6827-IEAUQ,Female,No,Yes,No,27,One year,66.15,0.0456,Low
0979-MOZQI,Male,No,Yes,No,62,Two year,39.0,0.0456,Low
9894-QMIMJ,Female,No,No,No,23,One year,55.8,0.0455,Low
7299-GNVPL,Female,No,Yes,Yes,23,Month-to-month,84.4,0.0455,Low
3079-BCHLN,Male,No,Yes,No,47,One year,19.9,0.0454,Low
6810-VCAEX,Female,No,No,No,47,One year,39.65,0.0454,Low
5736-YEJAX,Male,No,No,No,69,Two year,79.45,0.0454,Low
4472-VESGY,Female,No,Yes,Yes,52,Month-to-month,98.15,0.0453,Low
5753-QQWPW,Female,No,No,No,28,One year,59.9,0.0453,Low
4115-UMJFQ,Male,No,No,No,69,One year,35.75,0.0453,Low
1455-HFBXA,Male,No,Yes,No,52,Two year,91.6,0.0452,Low
4797-MIWUM,Male,No,Yes,Yes,7,Month-to-month,20.25,0.0451,Low
9577-WJVCQ,Female,No,No,No,68,Month-to-month,54.45,0.045,Low
4538-WNTMJ,Female,No,Yes,No,46,One year,24.95,0.0449,Low
5977-CKHON,Female,No,Yes,Yes,43,Month-to-month,92.55,0.0448,Low
9074-KGVOX,Male,No,Yes,Yes,50,Month-to-month,39.45,0.0448,Low
8226-BXGES,Male,No,Yes,No,64,One year,89.45,0.0446,Low
6893-ODYYE,Male,No,No,No,50,One year,90.1,0.0445,Low
6440-DKQGE,Male,No,No,No,30,One year,64.5,0.0445,Low
0604-THJFP,Female,No,Yes,No,59,Two year,75.95,0.0445,Low
0907-HQNTS,Female,Yes,Yes,No,70,Two year,113.0,0.0444,Low
1179-INLAT,Male,No,No,No,3,One year,19.45,0.0444,Low
2164-SOQXL,Female,No,Yes,Yes,20,Month-to-month,20.05,0.0444,Low
9039-ZVJDC,Male,No,No,No,3,Month-to-month,19.1,0.0444,Low
8782-NUUOL,Male,No,No,No,60,One year,79.0,0.0443,Low
5522-NYKPB,Male,No,Yes,Yes,25,Month-to-month,85.9,0.0443,Low
3489-VSFRD,Female,No,No,No,56,One year,60.25,0.0442,Low
8109-YUOHE,Male,No,No,No,17,One year,56.1,0.0442,Low
5090-EMGTC,Female,No,Yes,No,59,Two year,100.05,0.0441,Low
2887-JPYLU,Female,No,No,Yes,41,Month-to-month,45.2,0.044,Low
8631-XVRZL,Male,No,No,No,9,One year,20.15,0.044,Low
9906-NHHVC,Female,Yes,No,No,65,Two year,53.5,0.044,Low
0716-BQNDX,Male,Yes,No,No,57,Two year,93.75,0.044,Low
3243-ZHOHY,Female,No,No,No,16,One year,20.1,0.0439,Low
4933-IKULF,Female,Yes,No,No,17,One year,20.65,0.0438,Low
0784-GTUUK,Male,No,Yes,No,62,One year,23.75,0.0438,Low
7609-YBPXG,Male,No,No,No,54,Two year,87.1,0.0438,Low
6551-ZCOTS,Male,Yes,No,No,33,One year,24.9,0.0438,Low
8496-DMZUK,Male,No,No,No,30,One year,90.4,0.0437,Low
9750-BOOHV,Female,No,No,No,32,One year,30.15,0.0437,Low
0536-ESJEP,Male,No,Yes,No,54,Two year,74.55,0.0436,Low
9350-ZXYJC,Female,No,No,No,4,Two year,25.3,0.0436,Low
8383-SGHJU,Female,No,No,No,33,One year,59.4,0.0435,Low
7975-JMZNT,Male,No,Yes,No,66,Two year,91.7,0.0434,Low
3642-GKTCT,Female,No,No,No,61,One year,115.1,0.0433,Low
1371-OJCEK,Female,No,No,No,48,One year,24.35,0.0431,Low
5229-DTFYB,Female,No,No,No,41,Two year,98.8,0.0431,Low
8430-TWCBX,Female,No,Yes,No,49,One year,20.7,0.0431,Low
5821-MMEIL,Female,No,Yes,No,57,Two year,19.9,0.043,Low
4504-YOULA,Female,No,Yes,Yes,35,Month-to-month,59.45,0.0429,Low
8680-CGLTP,Male,No,No,No,29,One year,58.75,0.0428,Low
9313-QOLTZ,Male,No,No,No,26,Month-to-month,20.9,0.0428,Low
8727-XDPUD,Male,No,No,No,37,Two year,35.8,0.0428,Low
9848-JQJTX,Male,No,No,No,72,Two year,100.9,0.0428,Low
1763-KUAAW,Female,Yes,No,No,18,One year,20.35,0.0427,Low
7601-DHFWZ,Female,No,No,No,48,Two year,24.0,0.0427,Low
3205-MXZRA,Male,No,No,No,26,One year,59.45,0.0427,Low
7435-ZNUYY,Male,No,No,No,6,One year,20.6,0.0427,Low
7795-CFOCW,Male,No,No,No,45,One year,42.3,0.0427,Low
5505-OVWQW,Female,No,No,No,17,One year,20.15,0.0425,Low
2039-JONDJ,Male,No,No,No,27,One year,55.45,0.0424,Low
3422-WJOYD,Male,No,Yes,No,28,One year,54.35,0.0424,Low
2239-CGBUZ,Female,No,Yes,No,51,One year,60.5,0.0423,Low
5820-PTRYM,Female,Yes,Yes,No,56,One year,68.45,0.0423,Low
4500-HKANN,Male,No,Yes,No,23,Two year,59.7,0.0422,Low
6746-WAUWT,Male,No,No,No,19,One year,19.7,0.0422,Low
6080-TCMYC,Male,No,Yes,Yes,40,Month-to-month,81.2,0.0421,Low
9621-OUPYD,Female,No,Yes,No,25,One year,20.2,0.0421,Low
8060-HIWJJ,Male,No,No,No,64,Two year,86.55,0.0421,Low
6661-EIPZC,Female,No,Yes,Yes,48,Month-to-month,29.5,0.042,Low
3785-KTYSH,Male,No,No,No,53,Two year,24.6,0.042,Low
5016-LIPDW,Male,No,Yes,Yes,57,One year,19.4,0.042,Low
5075-JSDKI,Female,No,No,No,59,Two year,24.45,0.042,Low
0810-DHDBD,Female,No,No,No,52,One year,74.0,0.042,Low
2926-JEJJC,Female,No,No,No,8,One year,20.2,0.042,Low
6543-JXSOO,Female,No,Yes,No,23,One year,57.75,0.0419,Low
7954-MLBUN,Male,No,No,No,31,Two year,99.45,0.0419,Low
5127-BZENZ,Female,No,Yes,No,56,One year,65.2,0.0419,Low
5917-HBSDW,Female,No,Yes,Yes,37,Month-to-month,19.35,0.0418,Low
1452-XRSJV,Female,No,Yes,Yes,39,Month-to-month,51.05,0.0418,Low
6292-TOSSS,Male,No,No,No,50,Two year,24.9,0.0418,Low
4359-INNWN,Female,No,No,No,17,One year,20.05,0.0418,Low
9297-FVVDH,Female,No,Yes,No,57,Two year,84.5,0.0418,Low
3062-ICYZQ,Female,No,Yes,Yes,51,Month-to-month,93.8,0.0417,Low
9447-YPTBX,Female,No,Yes,No,50,One year,19.85,0.0415,Low
1131-ALZWV,Female,No,No,No,24,One year,24.6,0.0414,Low
5232-NXPAY,Female,No,No,No,47,Two year,74.45,0.0414,Low
6407-GSJNL,Female,No,No,No,51,Two year,24.95,0.0414,Low
7311-MQJCH,Female,No,No,No,5,One year,19.55,0.0414,Low
2120-SMPEX,Male,No,No,No,25,Month-to-month,20.15,0.0413,Low
8630-QSGXK,Male,No,Yes,No,51,Two year,75.2,0.0413,Low
0334-ZFJSR,Female,No,Yes,No,55,One year,66.05,0.0412,Low
4750-UKWJK,Female,Yes,Yes,No,37,One year,19.6,0.041,Low
7639-OPLNG,Male,No,Yes,No,70,Two year,79.25,0.041,Low
4751-ERMAN,Male,No,Yes,No,72,Two year,75.4,0.041,Low
6100-FJZDG,Male,No,Yes,No,26,One year,20.05,0.041,Low
2126-GSEGL,Female,No,Yes,No,70,Two year,84.8,0.0409,Low
6419-ZTTLE,Male,Yes,Yes,No,23,One year,20.75,0.0409,Low
4957-TIALW,Female,No,No,No,15,One year,65.6,0.0408,Low
1163-ONYEY,Male,No,Yes,Yes,41,Month-to-month,74.55,0.0408,Low
3280-MRDOF,Male,Yes,No,No,30,Two year,69.1,0.0407,Low
1568-LJSZU,Male,No,Yes,No,68,Two year,92.2,0.0407,Low
0064-YIJGF,Male,No,Yes,Yes,27,Month-to-month,75.75,0.0407,Low
6754-LZUKA,Male,No,Yes,No,61,Two year,80.9,0.0406,Low
8220-OCUFY,Female,No,No,No,21,One year,60.25,0.0406,Low
9386-LDCZR,Male,No,No,No,43,One year,90.65,0.0406,Low
2933-XEUJM,Female,No,No,No,46,Two year,79.2,0.0405,Low
5451-MHQOF,Male,No,Yes,No,56,One year,24.45,0.0405,Low
5442-BXVND,Female,No,Yes,Yes,33,Month-to-month,24.25,0.0404,Low
5641-DMBFJ,Female,No,Yes,No,58,Two year,84.3,0.0403,Low
7813-TKCVO,Female,No,Yes,No,20,One year,20.35,0.0402,Low
0106-UGRDO,Female,No,Yes,No,69,Two year,116.0,0.0402,Low
7989-VCQOH,Male,No,Yes,Yes,18,Month-to-month,83.25,0.0401,Low
2996-XAUVF,Male,No,No,No,70,Two year,40.05,0.0399,Low
8205-VSLRB,Male,No,Yes,No,70,Two year,77.3,0.0398,Low
0257-KXZGU,Female,No,Yes,Yes,32,Month-to-month,62.45,0.0397,Low
7639-LIAYI,Male,No,No,No,52,Two year,79.75,0.0396,Low
2749-CTKAJ,Male,No,Yes,No,22,One year,20.15,0.0396,Low
9477-LGWQI,Male,No,Yes,No,70,Two year,80.15,0.0395,Low
1545-JFUML,Male,No,Yes,No,71,Two year,99.0,0.0394,Low
5485-ITNPC,Male,No,Yes,No,66,Two year,85.9,0.0393,Low
8106-GWQOK,Male,No,Yes,No,38,Two year,60.0,0.0392,Low
2589-AYCRP,Female,No,No,No,50,One year,19.75,0.0392,Low
6258-PVZWJ,Male,No,Yes,No,68,Two year,90.8,0.0392,Low
6685-GBWJZ,Male,No,Yes,No,63,One year,70.8,0.0392,Low
0608-JDVEC,Male,No,Yes,No,50,Two year,19.8,0.0391,Low
3298-QEICA,Female,No,Yes,No,23,Two year,34.6,0.039,Low
8909-BOLNL,Male,No,No,No,3,One year,21.2,0.0389,Low
3399-BMLVW,Male,No,Yes,No,51,Two year,60.5,0.0389,Low
0895-UADGO,Male,No,No,No,8,Two year,44.55,0.0388,Low
2324-AALNO,Female,No,No,No,48,One year,24.55,0.0388,Low
7353-YOWFP,Female,No,No,No,7,One year,20.25,0.0388,Low
5155-AZQPB,Female,No,Yes,Yes,28,Month-to-month,49.9,0.0387,Low
9796-MVYXX,Female,Yes,No,No,14,Two year,39.7,0.0387,Low
4254-QPEDE,Female,No,Yes,No,52,Two year,66.25,0.0386,Low
6295-OSINB,Male,No,Yes,No,72,Two year,109.65,0.0386,Low
9442-JTWDL,Female,No,No,No,11,One year,20.05,0.0386,Low
9152-AMKAK,Male,No,No,No,6,Two year,80.25,0.0385,Low
0459-SPZHJ,Male,No,Yes,No,63,Two year,83.5,0.0385,Low
1841-YSJGV,Male,No,Yes,No,72,Two year,109.95,0.0384,Low
1074-AMIOH,Female,No,Yes,Yes,53,Month-to-month,108.25,0.0384,Low
8100-PNJMH,Male,No,Yes,No,68,Two year,88.85,0.0384,Low
3721-CNZHX,Male,No,No,No,15,One year,19.8,0.0383,Low
5060-TQUQN,Male,No,Yes,Yes,30,Month-to-month,83.55,0.0383,Low
0956-SYCWG,Female,No,No,No,13,One year,19.65,0.0383,Low
5774-XZTQC,Female,No,Yes,Yes,7,Month-to-month,20.45,0.0382,Low
3413-DHLPB,Male,No,Yes,Yes,60,Month-to-month,103.75,0.0382,Low
7501-IWUNG,Female,No,Yes,No,61,Two year,73.8,0.0382,Low
6174-NRBTZ,Male,No,No,No,46,One year,30.75,0.0381,Low
1104-FEJAM,Male,No,Yes,Yes,28,Month-to-month,64.4,0.0381,Low
8085-MSNLK,Female,No,Yes,No,62,Two year,113.95,0.038,Low
8331-ZXFOE,Female,No,No,No,58,One year,71.1,0.0379,Low
8400-WZICQ,Female,No,Yes,Yes,55,Month-to-month,55.7,0.0379,Low
1162-ECVII,Male,Yes,Yes,No,72,Two year,109.75,0.0378,Low
7945-HLKEA,Female,No,No,No,60,One year,64.75,0.0378,Low
4676-WLUHT,Male,No,No,No,54,Two year,46.2,0.0378,Low
8859-YSTWS,Male,No,No,No,48,One year,19.95,0.0378,Low
7407-SUJIZ,Male,No,No,No,25,Month-to-month,20.6,0.0378,Low
1535-VTJOQ,Female,No,No,No,24,Two year,25.15,0.0377,Low
5986-WWXDV,Male,No,No,No,39,One year,19.35,0.0377,Low
0872-CASZJ,Male,No,Yes,No,59,One year,69.1,0.0377,Low
9194-GFVOI,Female,No,Yes,No,42,Two year,84.35,0.0376,Low
0913-XWSCN,Male,No,Yes,Yes,55,Month-to-month,85.5,0.0375,Low
5898-IGSLP,Male,No,Yes,Yes,31,Month-to-month,89.3,0.0375,Low
1970-KKFWL,Female,No,No,No,35,Two year,23.3,0.0374,Low
8975-SKGRX,Male,No,Yes,No,71,Two year,116.1,0.0374,Low
5297-MDOIR,Female,No,Yes,No,63,One year,81.15,0.0373,Low
4709-LKHYG,Female,No,Yes,No,29,One year,20.0,0.0372,Low
2683-JXWQQ,Male,No,Yes,Yes,61,Month-to-month,33.6,0.0372,Low
4940-KHCWD,Female,No,Yes,No,60,Two year,37.7,0.0372,Low
6518-KZXCB,Male,No,No,No,22,Two year,25.25,0.0371,Low
1552-CZCLL,Female,No,Yes,Yes,55,Month-to-month,20.0,0.0371,Low
5914-XRFQB,Male,No,Yes,No,72,Two year,115.8,0.0371,Low
2673-ZALNP,Female,No,No,No,7,One year,19.9,0.0371,Low
7670-ZBPOQ,Female,No,Yes,No,58,One year,61.05,0.037,Low
6510-UPNKS,Female,No,No,No,23,One year,24.8,0.037,Low
5393-HJZSM,Female,No,Yes,Yes,32,Month-to-month,76.3,0.037,Low
8734-FNWVH,Male,No,Yes,Yes,31,Month-to-month,59.7,0.037,Low
1657-DYMBM,Male,No,Yes,No,53,Two year,19.9,0.037,Low
5339-TJFEK,Male,No,Yes,Yes,62,Month-to-month,105.5,0.037,Low
4664-NJCMS,Female,No,Yes,No,33,Two year,59.55,0.0369,Low
1038-RQOST,Male,No,Yes,Yes,19,Month-to-month,20.6,0.0369,Low
6248-TKCQV,Female,No,Yes,No,70,Two year,80.6,0.0369,Low
5789-LDFXO,Male,No,No,No,24,One year,24.6,0.0368,Low
6650-BWFRT,Female,No,Yes,No,72,Two year,117.15,0.0368,Low
3556-BVQGL,Female,No,Yes,No,20,One year,20.0,0.0368,Low
6131-IUNXN,Female,No,Yes,Yes,19,Month-to-month,20.2,0.0368,Low
0835-DUUIQ,Female,No,No,No,24,One year,21.05,0.0368,Low
9445-ZUEQE,Male,No,Yes,Yes,27,Month-to-month,85.2,0.0368,Low
7025-WCBNE,Male,Yes,No,No,47,Two year,59.6,0.0368,Low
6202-JVYEU,Male,No,No,No,9,One year,19.9,0.0368,Low
7107-UBYKY,Female,No,Yes,Yes,35,Month-to-month,25.75,0.0367,Low
0017-DINOC,Male,No,No,No,54,Two year,45.2,0.0367,Low
5989-AXPUC,Female,No,Yes,No,68,Two year,118.6,0.0366,Low
3506-OVLKD,Male,No,No,No,35,One year,26.2,0.0366,Low
6112-KTHFQ,Female,No,No,No,13,Month-to-month,19.3,0.0365,Low
3911-RSNHI,Female,No,Yes,No,71,Two year,61.4,0.0365,Low
4137-JOPHL,Female,No,No,No,50,Two year,89.7,0.0365,Low
8361-LBRDI,Female,No,No,No,58,Two year,24.35,0.0365,Low
9661-JALZV,Female,No,No,No,58,Two year,24.7,0.0364,Low
2091-GPPIQ,Female,No,Yes,No,72,Two year,78.95,0.0364,Low
8461-EFQYM,Female,No,No,No,38,One year,24.25,0.0362,Low
0412-UCCNP,Male,No,No,No,55,Two year,59.2,0.0361,Low
3638-WEABW,Female,No,Yes,No,58,Two year,59.9,0.0361,Low
2387-KDZQY,Male,No,No,No,17,One year,20.1,0.0361,Low
8071-SBTRN,Female,No,No,No,70,Two year,111.15,0.036,Low
8050-DVOJX,Male,Yes,No,No,49,Two year,81.35,0.036,Low
3154-CFSZG,Male,No,Yes,Yes,47,Month-to-month,90.05,0.0358,Low
5651-YLPRD,Female,No,Yes,Yes,32,Month-to-month,86.1,0.0358,Low
5356-KZCKT,Male,No,No,No,58,Two year,24.45,0.0358,Low
5893-PYOLZ,Male,No,No,No,56,Two year,81.8,0.0358,Low
7305-ZWMAJ,Male,No,Yes,No,30,One year,20.7,0.0357,Low
8174-TBVCF,Female,No,Yes,No,70,Two year,94.8,0.0357,Low
5998-DZLYR,Female,No,Yes,No,61,Two year,94.35,0.0355,Low
3474-BAFSJ,Male,No,Yes,No,57,Two year,57.5,0.0355,Low
7349-ALMUX,Male,No,No,No,37,Two year,65.6,0.0355,Low
7622-FWGEW,Male,Yes,Yes,No,56,Two year,85.65,0.0354,Low
1686-STUHN,Male,No,No,No,42,One year,19.8,0.0354,Low
7266-GSSJX,Male,No,Yes,Yes,11,Month-to-month,20.45,0.0353,Low
1492-QGCLU,Male,No,Yes,Yes,53,Month-to-month,85.7,0.0353,Low
0945-TSONX,Female,No,Yes,No,47,Two year,85.3,0.0353,Low
2332-TODQS,Female,No,No,No,48,One year,25.05,0.0352,Low
4942-VZZOM,Male,No,Yes,No,64,One year,66.15,0.0351,Low
9871-ELEYA,Female,No,No,No,34,Two year,67.65,0.0351,Low
6837-BJYDQ,Male,No,No,No,3,One year,19.6,0.0351,Low
5619-XZZKR,Male,No,No,No,4,One year,19.95,0.035,Low
6563-VRERX,Male,No,Yes,No,33,One year,20.6,0.035,Low
2123-VSCOT,Female,No,Yes,No,59,Two year,72.1,0.035,Low
6177-PEVRA,Female,No,No,No,48,Two year,55.5,0.035,Low
5846-QFDFI,Female,No,Yes,Yes,33,Month-to-month,88.6,0.0349,Low
3249-VHRIP,Female,No,No,No,62,Two year,43.6,0.0349,Low
6260-XLACS,Male,No,No,No,4,One year,19.7,0.0349,Low
0839-JTCUD,Female,No,Yes,No,66,Two year,89.9,0.0348,Low
1084-MNSMJ,Female,No,Yes,No,51,Two year,85.5,0.0348,Low
1178-PZGAB,Female,No,No,No,19,One year,20.25,0.0347,Low
0383-CLDDA,Female,No,No,No,69,Two year,85.35,0.0346,Low
3404-JNXAX,Female,No,Yes,Yes,51,Month-to-month,80.75,0.0346,Low
7483-IQWIB,Male,No,Yes,Yes,37,Month-to-month,92.95,0.0345,Low
5095-ETBRJ,Female,No,Yes,No,55,Two year,56.8,0.0345,Low
6082-OQFBA,Male,No,Yes,No,23,One year,19.65,0.0345,Low
1386-ZIKUV,Male,No,No,No,7,Month-to-month,18.95,0.0345,Low
5954-BDFSG,Female,No,No,No,72,Two year,107.5,0.0344,Low
2682-KEVRP,Female,Yes,No,No,22,One year,20.05,0.0343,Low
4178-EGMON,Male,No,Yes,No,70,Two year,88.0,0.0343,Low
0454-OKRCT,Male,No,No,No,33,Two year,80.6,0.0343,Low
3161-GETRM,Male,No,Yes,Yes,34,Month-to-month,90.05,0.0343,Low
0619-OLYUR,Male,No,Yes,No,72,Two year,111.9,0.0342,Low
5993-BQHEA,Male,No,No,No,12,One year,20.05,0.0342,Low
6963-EZQEE,Male,Yes,Yes,No,70,Two year,88.55,0.0342,Low
9553-DLCLU,Female,No,No,No,13,Two year,88.95,0.0342,Low
4098-NAUKP,Male,Yes,Yes,Yes,68,Month-to-month,84.65,0.034,Low
3134-DSHVC,Female,No,No,No,63,Two year,98.0,0.0338,Low
6048-NJXHX,Male,No,Yes,No,41,Two year,19.75,0.0338,Low
3638-VBZTA,Male,No,No,No,68,Two year,86.5,0.0338,Low
8221-HVAYI,Male,No,Yes,No,35,Two year,69.15,0.0338,Low
8540-ZQGEA,Female,No,Yes,No,54,Two year,20.05,0.0336,Low
2581-VKIRT,Female,No,Yes,No,59,One year,65.5,0.0336,Low
4657-FWVFY,Female,No,Yes,Yes,40,Month-to-month,96.35,0.0335,Low
7817-OMJNA,Male,No,No,No,14,One year,20.4,0.0335,Low
7114-AEOZE,Female,No,No,No,60,Two year,19.85,0.0335,Low
0303-WMMRN,Male,No,No,No,5,Month-to-month,19.25,0.0335,Low
1785-BPHTP,Male,No,Yes,Yes,28,Month-to-month,85.45,0.0335,Low
7217-JYHOQ,Male,No,Yes,Yes,24,Month-to-month,70.3,0.0335,Low
5985-BEHZK,Female,Yes,Yes,No,72,One year,105.0,0.0334,Low
0428-AXXLJ,Male,No,No,No,25,One year,19.5,0.0334,Low
2550-QHZGP,Male,No,No,No,7,One year,19.5,0.0334,Low
8752-GHJFU,Male,Yes,Yes,No,71,One year,92.0,0.0334,Low
3985-HOYPM,Male,No,No,No,26,One year,19.4,0.0334,Low
7554-NEWDD,Male,No,No,No,10,Two year,25.7,0.0333,Low
1964-SVLEA,Male,No,No,No,20,One year,19.7,0.0332,Low
9522-ZSINC,Male,No,No,No,13,One year,19.95,0.0332,Low
6217-KDYWC,Male,No,No,No,57,Two year,19.6,0.0331,Low
3280-NMUVX,Male,No,Yes,No,34,One year,19.6,0.0331,Low
9589-ABEPT,Male,No,Yes,No,69,Two year,92.45,0.0331,Low
4393-OBCRR,Female,No,No,No,3,One year,20.25,0.033,Low
1459-QNFQT,Male,No,Yes,No,70,Two year,59.5,0.033,Low
5995-WWKKG,Female,No,No,No,37,One year,19.8,0.033,Low
8181-YHCMF,Female,No,Yes,No,68,Two year,60.3,0.033,Low
0392-BZIUW,Female,No,Yes,No,72,Two year,105.0,0.0329,Low
9134-WYRVP,Male,No,No,No,51,One year,86.35,0.0329,Low
1866-DIOQZ,Female,No,Yes,No,71,One year,66.8,0.0329,Low
3654-ARMGP,Female,No,No,No,61,Two year,88.65,0.0327,Low
7665-VIGUD,Male,No,No,No,10,One year,20.35,0.0327,Low
8208-EUMTE,Male,No,No,No,16,Two year,54.85,0.0327,Low
4072-IPYLT,Female,No,Yes,Yes,36,Month-to-month,51.05,0.0327,Low
0674-GCDXG,Male,No,No,No,63,Two year,71.9,0.0327,Low
1642-HMARX,Female,No,Yes,No,68,Two year,91.7,0.0326,Low
9885-MFVSU,Female,No,Yes,No,35,Two year,46.35,0.0326,Low
3200-MNQTF,Male,No,Yes,No,67,Two year,70.9,0.0325,Low
8144-DGHXP,Female,No,No,No,54,Two year,80.6,0.0325,Low
8792-AOROI,Female,No,Yes,No,8,Two year,65.5,0.0325,Low
3727-OWVYD,Male,No,No,No,35,One year,61.2,0.0325,Low
8746-BFOAJ,Male,Yes,No,No,21,One year,20.5,0.0324,Low
0519-DRGTI,Female,No,Yes,Yes,20,Month-to-month,20.35,0.0324,Low
4353-HYOJD,Female,No,Yes,Yes,27,Month-to-month,49.85,0.0323,Low
8590-YFFQO,Male,No,Yes,No,70,Two year,64.95,0.0322,Low
8084-OIVBS,Female,No,No,No,11,One year,20.0,0.0322,Low
6870-ECSHE,Female,No,No,No,2,One year,20.45,0.0322,Low
6872-HXFNF,Female,No,Yes,No,64,One year,58.35,0.0321,Low
3933-DQPWX,Female,No,No,No,50,Two year,39.7,0.0321,Low
9620-QJREV,Male,No,No,No,47,One year,20.55,0.0321,Low
7356-IWLFW,Male,No,Yes,Yes,46,Month-to-month,80.0,0.032,Low
9610-WCESF,Male,No,No,No,67,Two year,43.9,0.0319,Low
5125-CNDSP,Male,No,No,No,63,One year,40.6,0.0317,Low
8241-JUIQO,Female,No,No,No,61,One year,19.45,0.0317,Low
6349-JDHQP,Female,No,No,No,53,Two year,19.85,0.0317,Low
4835-YSJMR,Male,No,No,No,39,Two year,49.8,0.0317,Low
6080-LNESI,Male,No,No,No,51,Two year,24.75,0.0317,Low
2612-PHGOX,Male,No,Yes,No,64,Two year,76.1,0.0316,Low
5039-LZRQT,Female,No,No,No,13,One year,20.2,0.0316,Low
3128-YOVTD,Female,No,Yes,Yes,51,Month-to-month,79.15,0.0315,Low
1023-BQXZE,Male,No,No,No,57,Two year,74.35,0.0314,Low
1810-MVMAI,Male,No,Yes,Yes,30,Month-to-month,67.6,0.0314,Low
3594-BDSOA,Female,No,Yes,No,24,One year,20.4,0.0314,Low
6339-TBELP,Male,No,No,No,71,Two year,86.4,0.0314,Low
5387-ASZNZ,Female,Yes,No,No,66,One year,63.85,0.0313,Low
0121-SNYRK,Male,No,No,No,50,One year,35.4,0.0313,Low
1525-LNLOJ,Male,No,Yes,No,66,Two year,63.3,0.0313,Low
1934-MKPXS,Male,No,Yes,No,33,One year,20.1,0.0312,Low
7401-JIXNM,Female,No,Yes,No,54,Two year,91.3,0.0311,Low
5061-PBXFW,Female,No,Yes,Yes,32,Month-to-month,61.4,0.0311,Low
7197-VOJMM,Male,No,Yes,No,67,Two year,69.2,0.031,Low
1839-UMACK,Male,No,No,No,42,One year,25.05,0.031,Low
2812-REYAT,Female,No,Yes,No,49,One year,20.05,0.0309,Low
3740-RLMVT,Male,Yes,Yes,No,67,One year,60.95,0.0309,Low
4702-HDRKD,Male,No,No,No,67,One year,49.35,0.0309,Low
1429-UYJSV,Female,No,No,No,12,One year,19.7,0.0309,Low
2672-TGEFF,Female,No,Yes,Yes,37,Month-to-month,88.8,0.0309,Low
9570-KYEUA,Male,No,No,No,64,Two year,99.25,0.0308,Low
3284-SVCRO,Female,No,Yes,No,45,Two year,25.5,0.0308,Low
9309-BZGNT,Male,Yes,Yes,No,69,One year,29.8,0.0307,Low
6625-FLENO,Male,No,Yes,No,58,Two year,20.75,0.0307,Low
3192-LNKRK,Male,No,Yes,Yes,34,Month-to-month,84.05,0.0306,Low
2188-SXWVT,Female,No,No,No,34,One year,55.0,0.0305,Low
4054-CUMIA,Female,No,Yes,Yes,18,Month-to-month,20.25,0.0305,Low
6061-PQHMK,Female,No,No,No,25,One year,19.9,0.0305,Low
7609-NRNCA,Female,No,No,No,17,One year,19.55,0.0305,Low
0048-PIHNL,Female,No,Yes,No,49,One year,20.45,0.0304,Low
6505-OZNPG,Female,No,No,No,6,Two year,63.4,0.0303,Low
1291-CUOCY,Male,No,Yes,No,72,Two year,110.6,0.0303,Low
5294-DMSFH,Female,No,Yes,Yes,29,Month-to-month,87.8,0.0303,Low
5546-BYZSM,Female,No,No,No,41,Month-to-month,20.45,0.0302,Low
5312-TSZVC,Female,No,No,No,15,One year,19.65,0.0302,Low
9770-KXGQU,Female,No,No,No,53,One year,98.6,0.03,Low
1265-BCFEO,Female,No,Yes,No,71,Two year,80.45,0.0298,Low
6506-EYCNH,Female,No,Yes,Yes,28,Month-to-month,19.55,0.0298,Low
1090-ESELR,Male,No,Yes,No,72,Two year,105.5,0.0297,Low
8510-BBWMU,Female,No,No,No,41,One year,19.75,0.0297,Low
9140-CZQZZ,Female,No,Yes,No,68,Two year,79.6,0.0297,Low
3541-ZNUHK,Female,No,Yes,Yes,55,Month-to-month,85.1,0.0296,Low
7138-GIRSH,Male,No,No,No,50,Two year,69.5,0.0296,Low
5129-HHMZC,Female,No,Yes,No,43,Two year,86.45,0.0295,Low
0042-JVWOJ,Male,No,No,No,26,One year,19.6,0.0295,Low
8234-GSZYK,Male,No,No,No,43,Two year,26.45,0.0295,Low
1684-FLBGS,Female,No,Yes,Yes,23,Month-to-month,69.5,0.0295,Low
5876-QMYLD,Female,No,Yes,No,23,One year,20.05,0.0294,Low
3752-CQSJI,Female,No,Yes,Yes,13,Month-to-month,20.45,0.0294,Low
4785-FCIFB,Female,No,Yes,No,61,Two year,24.4,0.0294,Low
3156-QLHBO,Male,No,No,Yes,2,Month-to-month,19.25,0.0294,Low
7771-ZONAT,Male,No,No,No,22,Two year,56.75,0.0294,Low
8647-SDTWQ,Male,No,Yes,Yes,57,Month-to-month,74.3,0.0293,Low
9860-LISIZ,Female,No,No,No,34,Month-to-month,20.35,0.0292,Low
8999-YPYBV,Male,No,Yes,No,45,Two year,84.35,0.0292,Low
5018-LXQQG,Female,No,Yes,Yes,30,Month-to-month,66.3,0.0292,Low
3720-DBRWL,Male,No,Yes,No,51,Two year,83.85,0.0291,Low
9928-BZVLZ,Female,No,No,No,12,Two year,49.85,0.0291,Low
8390-FESFV,Female,No,No,No,62,Two year,84.5,0.029,Low
6729-FZWSY,Male,No,No,No,67,One year,19.45,0.029,Low
2302-OUZXB,Male,No,Yes,No,72,Two year,82.15,0.029,Low
6848-HJTXY,Female,No,Yes,No,64,Two year,19.45,0.0289,Low
4018-PPNDW,Female,No,Yes,No,61,Two year,24.1,0.0289,Low
2521-NPUZR,Male,No,Yes,No,70,Two year,101.0,0.0288,Low
9473-CBZOP,Female,No,No,No,28,One year,59.0,0.0287,Low
5918-VUKWP,Female,No,No,No,32,One year,20.55,0.0287,Low
7136-IHZJA,Female,No,Yes,Yes,40,Month-to-month,71.35,0.0287,Low
8766-PAFNE,Male,No,Yes,No,71,Two year,79.1,0.0287,Low
1074-WVEVG,Female,No,Yes,No,59,One year,20.35,0.0287,Low
5930-GBIWP,Male,No,No,No,69,Two year,81.5,0.0286,Low
9018-PCIOK,Female,No,No,No,55,Two year,64.75,0.0286,Low
7427-AUFPY,Male,No,No,No,54,Two year,19.65,0.0285,Low
5318-YKDPV,Male,No,Yes,No,43,Two year,79.15,0.0285,Low
4648-YPBTM,Male,No,No,No,53,Two year,73.9,0.0284,Low
7010-ZMVBF,Female,No,Yes,Yes,18,Month-to-month,20.45,0.0284,Low
5917-RYRMG,Male,Yes,No,No,32,One year,19.8,0.0284,Low
0129-QMPDR,Male,No,Yes,No,44,One year,20.5,0.0283,Low
8570-KLJYJ,Female,No,No,No,36,One year,54.45,0.0283,Low
5827-MWCZK,Male,No,Yes,Yes,56,Month-to-month,96.95,0.0282,Low
8859-AXJZP,Male,No,Yes,No,39,Two year,23.8,0.0282,Low
9027-TMATR,Female,No,Yes,No,43,Two year,78.8,0.0282,Low
2088-IEBAU,Female,No,No,No,68,Two year,88.15,0.0282,Low
3125-RAHBV,Male,No,No,No,22,One year,20.3,0.0281,Low
7682-AZNDK,Male,No,Yes,Yes,34,Month-to-month,89.85,0.028,Low
8309-PPCED,Female,No,Yes,No,72,Two year,110.45,0.028,Low
2788-CJQAQ,Male,No,No,No,13,One year,19.45,0.028,Low
6339-RZCBJ,Male,No,No,No,48,Two year,78.9,0.0279,Low
6922-NCEDI,Male,No,No,No,56,One year,21.2,0.0279,Low
6479-OAUSD,Male,No,No,No,25,One year,19.9,0.0279,Low
5044-XDPYX,Female,No,Yes,No,51,Two year,25.5,0.0278,Low
2282-YGNOR,Female,No,No,No,29,One year,58.0,0.0278,Low
5762-TJXGK,Female,No,No,No,52,Two year,58.75,0.0278,Low
7803-XOCCZ,Female,No,Yes,Yes,52,Month-to-month,84.05,0.0278,Low
9822-BIIGN,Male,No,Yes,Yes,53,Month-to-month,71.85,0.0277,Low
0731-EBJQB,Female,No,Yes,No,52,One year,20.4,0.0277,Low
3308-JSGML,Male,Yes,Yes,No,59,Two year,64.05,0.0277,Low
3347-YJZZE,Male,No,Yes,Yes,29,Month-to-month,80.1,0.0277,Low
6549-BTYPG,Female,No,Yes,No,60,Two year,60.8,0.0277,Low
3166-PNEOF,Female,No,No,No,61,Two year,86.45,0.0276,Low
6322-HRPFA,Male,No,Yes,Yes,49,Month-to-month,59.6,0.0275,Low
2829-HYVZP,Male,No,No,No,29,One year,19.8,0.0275,Low
0602-DDUML,Female,No,No,No,57,Two year,69.75,0.0274,Low
8076-FEZKJ,Male,No,No,No,10,One year,19.5,0.0274,Low
7649-PHJVR,Male,No,No,No,11,One year,19.5,0.0274,Low
9847-HNVGP,Male,No,No,No,17,One year,19.95,0.0273,Low
0019-GFNTW,Female,No,No,No,56,Two year,45.05,0.0273,Low
2208-NQBCT,Female,No,Yes,Yes,26,Month-to-month,81.95,0.0272,Low
6152-ONASV,Female,No,Yes,No,68,One year,58.25,0.0272,Low
4277-UDIEF,Male,No,Yes,Yes,24,Month-to-month,81.0,0.0271,Low
9782-LGXMC,Female,No,Yes,Yes,49,Month-to-month,61.75,0.0271,Low
3712-PKXZA,Male,No,Yes,No,61,One year,20.55,0.0271,Low
1187-WILMM,Male,No,Yes,No,63,Two year,89.4,0.0271,Low
1480-BKXGA,Male,Yes,Yes,No,72,Two year,116.05,0.027,Low
6509-TSGWN,Female,No,Yes,Yes,37,Month-to-month,26.45,0.027,Low
5575-GNVDE,Male,No,No,No,34,One year,56.95,0.027,Low
2192-CKRLV,Female,No,Yes,No,72,Two year,49.2,0.027,Low
9236-NDUCW,Female,No,No,No,21,Two year,35.1,0.027,Low
2676-SSLTO,Male,No,No,No,49,Two year,66.15,0.027,Low
4378-BZYFP,Male,No,No,No,17,One year,20.5,0.0269,Low
8039-EQPIM,Male,No,Yes,No,69,Two year,60.25,0.0269,Low
3778-FOAQW,Female,No,Yes,No,24,One year,20.15,0.0269,Low
6188-UXBBR,Female,No,Yes,No,38,One year,20.25,0.0269,Low
1752-OZXFY,Male,No,Yes,No,60,One year,59.8,0.0269,Low
0556-FJEGU,Male,No,No,No,58,Two year,70.1,0.0268,Low
7137-NAXML,Male,No,No,No,23,One year,20.15,0.0268,Low
8169-SAEJD,Male,Yes,Yes,No,69,Two year,56.55,0.0268,Low
1073-XXCZD,Male,No,Yes,No,55,Two year,25.7,0.0267,Low
0536-ACXIP,Female,No,Yes,No,72,Two year,109.55,0.0267,Low
4872-VXRIL,Male,No,No,No,56,One year,64.65,0.0267,Low
8969-PRHFK,Male,No,No,No,18,One year,19.65,0.0267,Low
5474-LAMUQ,Male,No,Yes,No,24,One year,20.1,0.0266,Low
1544-JJMYL,Male,No,No,No,27,One year,69.35,0.0266,Low
6447-EGDIV,Female,No,No,No,31,One year,20.95,0.0266,Low
4795-UXVCJ,Male,No,No,No,26,One year,19.8,0.0265,Low
6418-HNFED,Male,No,Yes,No,51,Two year,83.25,0.0265,Low
2967-MXRAV,Male,No,Yes,No,1,One year,18.8,0.0264,Low
5537-UXXVS,Female,No,Yes,No,20,Month-to-month,19.25,0.0263,Low
3908-MKIMJ,Male,Yes,Yes,No,68,Two year,41.95,0.0262,Low
2863-IMQDR,Female,No,No,No,61,Two year,89.65,0.0262,Low
7297-DVYGA,Female,No,No,No,51,One year,19.85,0.0262,Low
5995-LFTLE,Male,No,No,No,58,Two year,25.3,0.0262,Low
3027-YNWZU,Female,No,Yes,No,64,Two year,25.0,0.0261,Low
8763-KIAFH,Female,No,Yes,No,27,One year,20.55,0.0261,Low
4849-PYRLQ,Female,Yes,No,No,56,Two year,73.25,0.0261,Low
8819-WFGGJ,Male,No,Yes,No,68,Two year,54.1,0.0261,Low
5676-CFLYY,Male,No,Yes,No,71,Two year,73.35,0.0261,Low
2296-DKZFP,Female,No,Yes,No,65,Two year,71.0,0.026,Low
0187-WZNAB,Female,No,Yes,Yes,27,Month-to-month,74.4,0.0259,Low
4385-ZKVNW,Male,No,Yes,Yes,44,Month-to-month,54.9,0.0259,Low
5093-FEGLU,Female,No,Yes,No,47,Two year,19.65,0.0259,Low
9795-NREXC,Female,No,Yes,No,64,Two year,85.0,0.0258,Low
8022-BECSI,Male,No,No,No,22,One year,19.6,0.0258,Low
9824-QCJPK,Male,No,Yes,No,36,One year,20.0,0.0258,Low
0505-SPOOW,Female,No,Yes,No,70,Two year,19.8,0.0258,Low
9968-FFVVH,Male,No,No,No,63,One year,68.8,0.0258,Low
0292-WEGCH,Female,No,Yes,Yes,54,Month-to-month,86.2,0.0257,Low
4884-TVUQF,Female,Yes,No,No,57,Two year,101.3,0.0257,Low
3178-CIFOT,Female,No,No,No,23,One year,19.65,0.0257,Low
5012-YSPJJ,Male,No,Yes,Yes,31,Month-to-month,54.35,0.0257,Low
4458-KVRBJ,Male,No,No,No,59,Two year,25.0,0.0257,Low
4526-EXKKN,Male,No,No,No,40,Two year,24.6,0.0256,Low
1247-QBVSH,Female,No,Yes,Yes,43,Month-to-month,50.2,0.0256,Low
6120-RJKLU,Female,Yes,Yes,No,62,Two year,79.95,0.0256,Low
4188-PCPIG,Female,No,Yes,No,57,Two year,70.35,0.0256,Low
5546-QUERU,Male,No,No,No,13,One year,19.95,0.0256,Low
3786-WOVKF,Female,Yes,Yes,No,72,One year,106.85,0.0254,Low
3230-IUALN,Female,No,Yes,No,45,Two year,81.0,0.0254,Low
6614-YWYSC,Male,Yes,Yes,No,61,Two year,25.0,0.0253,Low
0848-SOMKO,Male,No,No,No,70,Two year,48.4,0.0253,Low
9805-FILKB,Male,No,Yes,No,46,One year,20.2,0.0252,Low
3482-ABPKK,Female,No,No,No,28,One year,54.3,0.0252,Low
7375-WMVMT,Male,Yes,Yes,No,71,Two year,95.5,0.0251,Low
6122-EFVKN,Male,No,No,No,24,Two year,35.75,0.0251,Low
2639-UGMAZ,Male,Yes,No,No,71,One year,56.45,0.0251,Low
5173-ZXXXL,Male,No,No,No,2,One year,19.95,0.025,Low
2320-TZRRH,Female,No,No,No,20,One year,19.5,0.025,Low
7520-HQWJU,Female,No,Yes,Yes,66,Month-to-month,67.45,0.025,Low
5716-LIBJC,Female,No,No,Yes,13,One year,104.15,0.0248,Low
5726-CVNYA,Female,No,Yes,No,8,Two year,19.85,0.0248,Low
2000-DHJUY,Female,Yes,Yes,No,70,Two year,92.2,0.0247,Low
8046-DNVTL,Male,No,Yes,No,62,Two year,38.6,0.0247,Low
7560-QJAVJ,Female,No,No,No,70,Two year,79.6,0.0247,Low
2977-CEBSX,Female,No,No,No,66,Two year,90.05,0.0247,Low
2320-YKQBO,Female,No,No,No,7,Month-to-month,19.3,0.0246,Low
1328-EUZHC,Female,No,Yes,No,18,Two year,20.1,0.0245,Low
2252-ISRNH,Male,No,Yes,Yes,9,One year,90.35,0.0245,Low
2150-OEGBV,Male,No,No,No,27,One year,20.1,0.0245,Low
1485-YDHMM,Male,No,Yes,Yes,52,Month-to-month,93.25,0.0245,Low
7148-XZPHA,Male,No,Yes,Yes,55,Month-to-month,79.4,0.0244,Low
6010-DDPPW,Male,No,Yes,No,70,Two year,25.15,0.0243,Low
8191-XWSZG,Female,No,No,No,52,One year,20.65,0.0242,Low
5847-MXBEO,Male,No,No,No,22,One year,20.3,0.0242,Low
5832-EXGTT,Male,No,Yes,Yes,29,Month-to-month,60.2,0.0242,Low
9073-ZZIAY,Male,No,Yes,No,62,Two year,86.1,0.0242,Low
4213-HKBJO,Female,No,No,No,33,Two year,25.7,0.0241,Low
8069-RHUXK,Female,No,Yes,No,67,Two year,35.7,0.0239,Low
1837-YQUCE,Female,No,No,No,70,Two year,58.35,0.0239,Low
1122-YJBCS,Male,No,Yes,No,69,One year,53.65,0.0239,Low
4381-MHQDC,Female,No,No,No,47,Two year,65.0,0.0239,Low
2632-TACXW,Female,No,Yes,No,62,Two year,23.65,0.0238,Low
5003-XZWWO,Male,No,Yes,No,71,Two year,84.2,0.0237,Low
8513-OLYGY,Male,No,Yes,No,72,Two year,115.8,0.0237,Low
6691-CCIHA,Female,No,Yes,No,62,Two year,84.95,0.0237,Low
6064-ZATLR,Female,No,No,No,27,Two year,52.85,0.0236,Low
5862-BRIXZ,Male,No,No,No,46,Two year,60.75,0.0236,Low
6614-YOLAC,Female,No,Yes,No,71,Two year,58.65,0.0236,Low
2171-UDMFD,Male,No,Yes,Yes,32,Month-to-month,19.45,0.0235,Low
8263-QMNTJ,Male,No,Yes,No,72,Two year,115.55,0.0235,Low
8499-BRXTD,Male,No,No,No,18,One year,20.1,0.0234,Low
5656-JAMLX,Male,No,No,No,62,Two year,19.85,0.0234,Low
0943-ZQPXH,Male,No,Yes,Yes,44,Month-to-month,92.95,0.0234,Low
7799-LGRDP,Female,No,No,No,43,Two year,25.7,0.0232,Low
5816-JMLGY,Female,No,Yes,No,70,Two year,80.4,0.0232,Low
7426-WEIJX,Male,Yes,Yes,Yes,60,Month-to-month,80.95,0.0232,Low
4203-QGNZA,Female,No,No,Yes,28,Month-to-month,20.25,0.0231,Low
9313-CDOGY,Male,No,Yes,Yes,38,Month-to-month,19.6,0.023,Low
1133-KXCGE,Female,No,No,No,18,One year,20.1,0.023,Low
0670-ANMUU,Male,No,No,No,71,One year,97.65,0.023,Low
4366-CTOUZ,Female,No,No,No,50,Two year,100.2,0.0229,Low
9087-EYCPR,Female,No,No,No,60,Two year,25.0,0.0228,Low
7131-ZQZNK,Female,No,Yes,No,60,Two year,59.85,0.0228,Low
8231-BSWXX,Male,No,No,No,71,One year,79.05,0.0228,Low
3162-ZJZFU,Male,No,Yes,Yes,53,Month-to-month,92.55,0.0228,Low
9426-SXNHE,Female,No,No,No,2,Month-to-month,18.75,0.0228,Low
5056-FIMPT,Female,No,No,Yes,43,One year,106.0,0.0228,Low
5197-LQXXH,Female,No,Yes,No,71,Two year,83.3,0.0227,Low
9639-BUJXT,Male,No,No,No,63,One year,20.5,0.0227,Low
3795-GWTRD,Female,No,Yes,No,63,Two year,75.55,0.0226,Low
7925-PNRGI,Female,No,Yes,Yes,45,Month-to-month,81.3,0.0226,Low
5740-YHGTW,Male,No,Yes,Yes,70,Month-to-month,97.55,0.0226,Low
1862-QRWPE,Female,No,Yes,No,48,Two year,20.65,0.0225,Low
2984-RGEYA,Female,No,Yes,No,69,Two year,19.75,0.0225,Low
9070-BCKQP,Female,No,Yes,No,72,Two year,110.15,0.0224,Low
1022-RKXDR,Female,No,No,No,41,One year,24.85,0.0224,Low
8242-PDSGJ,Male,No,Yes,No,70,Two year,39.15,0.0224,Low
0689-DSXGL,Female,No,Yes,Yes,52,Month-to-month,85.8,0.0224,Low
2675-IJRGJ,Male,No,No,No,53,Two year,19.65,0.0223,Low
7449-HVPIV,Male,No,Yes,Yes,55,Month-to-month,90.4,0.0223,Low
8628-MFKAX,Female,Yes,Yes,No,72,Two year,116.75,0.0223,Low
0559-CKHUS,Female,No,Yes,No,29,Two year,19.55,0.0223,Low
0248-PGHBZ,Female,Yes,No,No,67,Two year,92.45,0.0222,Low
1194-BHJYC,Male,No,Yes,No,61,Two year,62.15,0.0222,Low
6288-CHQJB,Female,No,Yes,No,54,Two year,69.95,0.0222,Low
4950-HKQTE,Female,No,No,No,22,Two year,26.25,0.0222,Low
7552-KEYGT,Male,No,Yes,No,27,Two year,19.55,0.0222,Low
8717-VCTXJ,Male,No,No,No,42,One year,19.55,0.0222,Low
4671-VJLCL,Female,No,No,No,63,Two year,79.85,0.0221,Low
1972-XMUWV,Female,No,Yes,No,65,Two year,59.8,0.0221,Low
0909-SELIE,Male,No,Yes,No,61,Two year,80.8,0.0221,Low
5304-EFJLP,Male,Yes,Yes,No,72,Two year,111.65,0.0221,Low
5871-DGTXZ,Male,No,No,No,32,One year,19.8,0.022,Low
3525-DVKFN,Female,No,No,No,17,Two year,19.4,0.022,Low
9066-QRSDU,Female,No,Yes,No,69,One year,26.3,0.022,Low
1215-EXRMO,Male,No,Yes,No,50,Two year,20.55,0.022,Low
0742-LAFQK,Male,No,Yes,No,72,Two year,99.15,0.022,Low
3161-ONRWK,Male,No,Yes,No,60,One year,65.85,0.0219,Low
9507-HSMMZ,Male,No,No,No,54,Two year,20.0,0.0219,Low
4589-IUAJB,Male,No,Yes,No,70,Two year,24.25,0.0219,Low
8347-GDTMP,Female,No,Yes,No,64,Two year,19.45,0.0219,Low
2999-AANRQ,Female,No,No,No,21,Two year,71.05,0.0216,Low
2408-PSJVE,Male,No,Yes,Yes,44,Month-to-month,61.9,0.0216,Low
1460-UZPRJ,Male,No,Yes,No,60,Two year,19.95,0.0215,Low
6203-HBZPA,Male,No,No,No,52,Two year,63.9,0.0215,Low
9030-QGZNL,Female,No,No,No,8,Two year,20.85,0.0215,Low
5025-GOOKI,Female,No,No,No,20,Month-to-month,18.9,0.0215,Low
0343-QLUZP,Male,No,No,No,60,Two year,39.6,0.0215,Low
7508-DQAKK,Female,No,No,No,64,Two year,86.4,0.0214,Low
9755-JHNMN,Female,No,No,No,49,Two year,67.4,0.0214,Low
2252-NKNSI,Male,No,No,No,52,Two year,85.15,0.0214,Low
0361-HJRDX,Female,No,No,No,68,Two year,64.35,0.0213,Low
9350-VLHMB,Male,No,Yes,Yes,67,Month-to-month,89.55,0.0213,Low
0487-CRLZF,Female,No,No,No,49,Two year,74.45,0.0213,Low
1930-BZLHI,Male,No,No,No,21,One year,20.35,0.0212,Low
3780-DDGSE,Male,Yes,Yes,Yes,35,Month-to-month,76.05,0.0211,Low
3239-TPHPZ,Female,No,Yes,No,12,Two year,20.05,0.0211,Low
7839-NUIAA,Female,No,Yes,Yes,61,Month-to-month,59.8,0.021,Low
5792-JALQC,Female,Yes,No,No,52,Two year,59.85,0.021,Low
8050-WYBND,Female,No,No,Yes,22,One year,49.45,0.021,Low
6979-TNDEU,Female,No,No,No,8,Month-to-month,19.2,0.0209,Low
6023-GSSXW,Female,No,Yes,No,69,Two year,61.45,0.0209,Low
9993-LHIEB,Male,No,Yes,No,67,Two year,67.85,0.0209,Low
8512-WIWYV,Male,No,No,No,32,One year,20.35,0.0209,Low
7633-MVPUY,Male,No,Yes,No,57,Two year,59.75,0.0209,Low
8884-FEEWR,Male,No,No,No,35,One year,20.6,0.0208,Low
2710-WYVXG,Female,No,No,No,3,Two year,71.1,0.0208,Low
5394-MEITZ,Female,No,Yes,No,60,Two year,80.6,0.0208,Low
3212-KXOCR,Male,No,No,No,52,Two year,21.0,0.0208,Low
8029-XYPWT,Male,Yes,Yes,No,71,Two year,115.05,0.0207,Low
4999-IEZLT,Male,No,No,No,66,One year,29.45,0.0206,Low
8028-PNXHQ,Male,No,Yes,No,62,Two year,24.25,0.0206,Low
3806-YAZOV,Female,No,No,No,3,Month-to-month,18.8,0.0206,Low
1293-HHSHJ,Female,No,No,No,35,One year,21.1,0.0206,Low
9924-JPRMC,Male,No,No,No,72,Two year,118.2,0.0205,Low
7605-BDWDC,Female,No,No,No,31,Two year,49.85,0.0205,Low
1699-UOTXU,Male,No,No,No,60,Two year,61.4,0.0204,Low
5176-OLSKT,Female,No,Yes,No,66,Two year,66.9,0.0204,Low
6603-YRDCJ,Male,No,Yes,No,33,Two year,61.05,0.0204,Low
8587-XYZSF,Male,No,No,No,67,Two year,50.55,0.0203,Low
4376-KFVRS,Male,No,Yes,No,72,Two year,114.05,0.0202,Low
1658-XUHBX,Female,Yes,Yes,Yes,59,Month-to-month,88.75,0.0202,Low
9509-MPYOD,Female,No,No,No,35,One year,20.75,0.0201,Low
2805-AUFQN,Female,No,No,No,25,Two year,19.8,0.0201,Low
0993-OSGPT,Female,Yes,Yes,No,68,One year,60.65,0.0201,Low
3768-VHXQO,Male,No,Yes,No,67,Two year,24.85,0.02,Low
9548-LERKT,Male,No,Yes,No,24,Two year,19.75,0.02,Low
8413-YNHNV,Male,No,No,No,69,Two year,90.65,0.02,Low
8879-XUAHX,Male,No,Yes,No,71,Two year,116.25,0.0199,Low
9565-FLVCG,Male,No,Yes,No,65,Two year,69.55,0.0199,Low
7244-KXYZN,Female,No,No,No,24,One year,20.45,0.0198,Low
1051-EQPZR,Female,No,Yes,Yes,44,Month-to-month,19.6,0.0197,Low
5130-YPIRV,Female,No,Yes,No,62,Two year,72.0,0.0197,Low
6169-PGNCD,Female,No,No,No,57,Two year,74.3,0.0197,Low
0420-TXVSG,Male,No,Yes,No,66,Two year,66.1,0.0197,Low
2696-RZVZW,Male,No,Yes,No,68,Two year,25.05,0.0197,Low
7026-YMSBE,Male,No,No,No,30,One year,19.7,0.0197,Low
6741-QRLUP,Female,No,No,No,63,Two year,80.3,0.0197,Low
5274-XHAKY,Female,No,Yes,Yes,41,Month-to-month,94.3,0.0196,Low
7073-QETQY,Male,No,Yes,No,66,One year,20.35,0.0196,Low
9534-NSXEM,Male,No,No,No,26,One year,20.65,0.0196,Low
7706-YLMQA,Female,No,No,No,70,One year,19.7,0.0196,Low
3057-VJJQE,Male,No,No,No,35,Two year,55.25,0.0196,Low
4194-WHFCB,Female,No,Yes,Yes,59,Month-to-month,96.65,0.0196,Low
4909-JOUPP,Male,Yes,Yes,No,72,Two year,109.7,0.0195,Low
7109-CQYUZ,Male,No,No,No,52,Two year,89.25,0.0194,Low
1241-FPMOF,Male,No,No,No,52,Two year,19.65,0.0194,Low
3521-HTQTV,Male,No,No,No,34,Two year,26.1,0.0194,Low
2845-KDHVX,Female,No,Yes,No,64,Two year,68.3,0.0194,Low
7167-PCEYD,Male,No,No,No,67,Two year,19.8,0.0192,Low
6370-ZVHDV,Female,No,Yes,No,61,Two year,25.3,0.0192,Low
4767-HZZHQ,Male,No,Yes,Yes,30,Month-to-month,82.05,0.0192,Low
1352-VHKAJ,Male,No,Yes,Yes,27,Month-to-month,71.6,0.0192,Low
7054-DMVAS,Male,No,No,No,54,Two year,65.3,0.019,Low
0440-EKDCF,Male,No,Yes,No,62,Two year,60.15,0.0189,Low
4990-ALDGW,Male,No,No,No,57,Two year,20.75,0.0189,Low
7328-OWMOM,Female,No,No,No,31,One year,20.1,0.0189,Low
2122-SZZZD,Male,No,No,No,44,One year,19.5,0.0189,Low
4568-KNYWR,Male,No,No,No,52,Two year,63.25,0.0189,Low
2192-OZITF,Female,No,No,No,45,Two year,73.55,0.0189,Low
9359-JANWS,Female,No,Yes,No,65,Two year,58.9,0.0188,Low
9803-FTJCG,Male,No,Yes,No,71,One year,66.85,0.0188,Low
6134-KWTBV,Male,No,No,No,62,Two year,23.4,0.0187,Low
8345-MVDYC,Female,No,No,No,45,Two year,81.65,0.0187,Low
6139-ZZRBQ,Male,Yes,No,No,64,Two year,20.05,0.0187,Low
0780-XNZFN,Male,No,No,No,57,Two year,20.65,0.0186,Low
1032-MAELW,Female,No,Yes,Yes,68,One year,78.45,0.0185,Low
8434-VGEQQ,Male,No,Yes,No,61,Two year,20.55,0.0185,Low
3067-SVMTC,Female,No,Yes,No,68,One year,55.9,0.0185,Low
1619-YWUBB,Female,No,Yes,No,68,Two year,24.95,0.0184,Low
9544-PYPSJ,Female,Yes,Yes,Yes,62,Month-to-month,96.1,0.0184,Low
6119-SPUDB,Male,No,No,No,46,Two year,38.25,0.0183,Low
9495-REDIY,Male,No,No,Yes,25,One year,40.65,0.0183,Low
2072-ZVJJX,Male,No,Yes,No,68,Two year,25.25,0.0183,Low
4312-GVYNH,Female,No,Yes,No,70,Two year,49.85,0.0183,Low
7941-RCJOW,Male,No,No,No,65,Two year,19.55,0.0183,Low
4525-VZCZG,Male,No,No,Yes,54,One year,105.85,0.0182,Low
0839-QNXME,Female,No,No,No,30,Two year,19.4,0.0182,Low
1705-GUHPV,Female,No,No,No,63,Two year,24.2,0.0182,Low
7969-FFOWG,Male,No,Yes,No,65,Two year,19.9,0.0182,Low
2143-LJULT,Female,No,Yes,No,67,Two year,25.25,0.0181,Low
6388-TABGU,Male,No,No,No,62,One year,56.15,0.0181,Low
9953-ZMKSM,Male,No,No,No,63,Two year,25.25,0.0181,Low
5148-ORICT,Female,No,Yes,No,64,Two year,74.35,0.018,Low
0013-SMEOE,Female,Yes,Yes,No,71,Two year,109.7,0.0179,Low
4006-HKYHO,Male,No,No,No,63,Two year,86.7,0.0179,Low
6695-AMZUF,Female,No,Yes,No,70,Two year,86.45,0.0179,Low
4001-TSBTV,Female,No,Yes,Yes,58,Month-to-month,91.55,0.0178,Low
9646-NMHXE,Male,No,Yes,No,47,Two year,19.65,0.0178,Low
9298-WGMRW,Female,No,Yes,No,72,Two year,115.5,0.0177,Low
2616-FLVQC,Male,No,No,No,64,Two year,19.55,0.0177,Low
0971-QIFJK,Female,No,Yes,No,69,Two year,24.25,0.0177,Low
5131-PONJI,Male,No,Yes,Yes,49,Month-to-month,90.4,0.0177,Low
4521-WFJAI,Male,No,No,No,56,Two year,25.95,0.0177,Low
3170-NMYVV,Female,No,Yes,No,50,Two year,20.15,0.0177,Low
6082-GLJIX,Male,No,No,No,18,Month-to-month,19.25,0.0176,Low
2662-NNTDK,Male,No,No,No,65,One year,24.8,0.0175,Low
3148-AOIQT,Female,No,Yes,No,69,Two year,24.95,0.0175,Low
5260-UMPWX,Female,No,Yes,Yes,26,Month-to-month,20.25,0.0175,Low
4879-GZLFH,Female,No,Yes,Yes,42,Month-to-month,92.15,0.0174,Low
5208-FVQKB,Male,No,Yes,No,70,Two year,67.95,0.0174,Low
3982-DQLUS,Male,Yes,Yes,Yes,65,Month-to-month,85.75,0.0174,Low
8592-PLTMQ,Female,No,No,No,64,One year,24.7,0.0173,Low
7776-QGYJC,Female,No,Yes,Yes,39,Month-to-month,81.5,0.0173,Low
1821-BUCWY,Male,No,No,No,30,Two year,55.65,0.0173,Low
3635-QQRQD,Male,No,No,No,62,Two year,20.05,0.0173,Low
7493-GVFIO,Male,No,No,No,57,Two year,20.55,0.0173,Low
4807-IZYOZ,Female,No,No,No,51,Two year,20.65,0.0173,Low
7963-SHNDT,Female,No,No,No,52,Two year,39.1,0.0172,Low
8174-LNWMW,Female,No,No,No,31,Two year,20.9,0.0172,Low
2430-RRYUW,Male,No,No,No,66,One year,54.8,0.0171,Low
5567-GZKQY,Male,No,No,No,58,Two year,20.3,0.0171,Low
0795-LAFGP,Male,No,Yes,No,71,Two year,90.4,0.017,Low
9361-YNQWJ,Female,No,No,No,64,One year,24.4,0.017,Low
5924-SNGKP,Female,No,No,No,41,One year,20.25,0.0169,Low
4837-PZTIC,Female,No,No,No,47,Two year,41.9,0.0169,Low
9110-HSGTV,Female,No,No,No,69,Two year,82.45,0.0169,Low
4250-WAROZ,Male,Yes,Yes,Yes,60,Month-to-month,93.25,0.0168,Low
3891-NLXJB,Male,No,No,No,37,Two year,40.55,0.0168,Low
9084-OAYKL,Male,No,No,No,58,Two year,20.8,0.0168,Low
2773-MADBQ,Female,No,No,No,36,Two year,53.1,0.0167,Low
1627-AFWVJ,Female,No,No,No,29,Two year,19.4,0.0167,Low
5666-MBJPT,Male,No,No,No,65,Two year,25.1,0.0167,Low
1098-KFQEC,Female,No,Yes,Yes,55,Two year,19.4,0.0167,Low
0936-NQLJU,Female,No,Yes,No,41,Two year,20.65,0.0167,Low
9067-YGSCA,Female,No,No,No,70,One year,26.05,0.0166,Low
3796-ENZGF,Male,No,Yes,No,63,Two year,67.25,0.0166,Low
3557-HTYWR,Female,No,No,No,47,Two year,74.05,0.0166,Low
0595-ITUDF,Male,No,Yes,Yes,64,Month-to-month,91.8,0.0166,Low
3902-MIVLE,Male,No,Yes,No,63,Two year,75.7,0.0166,Low
9504-YAZWB,Female,No,No,No,53,Two year,20.25,0.0165,Low
2525-GVKQU,Female,No,No,No,60,Two year,20.6,0.0165,Low
6060-QBMGV,Male,No,Yes,No,70,Two year,19.85,0.0165,Low
5227-JSCFE,Male,Yes,Yes,No,71,Two year,46.35,0.0165,Low
8559-WNQZS,Male,No,No,No,1,Two year,20.45,0.0164,Low
4716-MRVEN,Female,No,No,No,29,One year,20.0,0.0164,Low
7663-YJHSN,Female,No,Yes,No,72,Two year,103.95,0.0164,Low
2969-VAPYH,Female,No,No,No,67,One year,60.5,0.0163,Low
7233-PAHHL,Male,No,Yes,No,66,Two year,84.0,0.0163,Low
9470-XCCEM,Male,No,Yes,Yes,35,Month-to-month,89.65,0.0163,Low
5222-JCXZT,Male,No,No,No,4,Month-to-month,19.0,0.0163,Low
6463-MVYRY,Female,Yes,No,No,57,Two year,69.85,0.0162,Low
2954-PIBKO,Female,No,Yes,No,69,Two year,64.15,0.0162,Low
6166-YIPFO,Male,No,Yes,No,72,Two year,64.7,0.0161,Low
1488-SYSFC,Male,No,Yes,Yes,31,Month-to-month,20.65,0.0161,Low
1956-YIFGE,Male,No,Yes,Yes,22,One year,100.05,0.0161,Low
5248-KWLAR,Male,No,Yes,No,71,Two year,90.35,0.0161,Low
8388-DMKAE,Female,No,No,No,8,Two year,20.25,0.0161,Low
0078-XZMHT,Male,No,Yes,No,72,Two year,85.15,0.0161,Low
6625-IUTTT,Male,No,No,No,67,Two year,65.55,0.0161,Low
3813-DHBBB,Male,No,Yes,No,67,Two year,50.95,0.016,Low
8780-RSYYU,Female,No,No,No,25,Month-to-month,19.2,0.016,Low
8908-SLFCJ,Female,No,No,No,21,Two year,20.85,0.016,Low
9397-TZSHA,Female,No,No,No,69,Two year,24.6,0.016,Low
3841-NFECX,Female,Yes,Yes,No,71,Two year,96.35,0.016,Low
2359-KLTEK,Female,No,Yes,Yes,41,Month-to-month,94.9,0.016,Low
9588-YRFHY,Male,No,No,No,49,Two year,19.9,0.0159,Low
8329-GWVPJ,Female,No,Yes,Yes,50,Month-to-month,69.75,0.0159,Low
5063-IUOKK,Male,No,No,No,13,Two year,19.75,0.0159,Low
9227-UAQFT,Male,No,No,No,16,Two year,19.75,0.0159,Low
1245-HARPS,Female,No,Yes,No,14,Two year,20.4,0.0159,Low
9602-WCXPI,Male,No,No,No,50,One year,20.15,0.0159,Low
2499-AJYUA,Female,Yes,Yes,No,72,Two year,110.8,0.0159,Low
8327-WKMIE,Male,No,No,No,37,One year,20.15,0.0159,Low
8990-YOZLV,Female,No,No,No,69,Two year,66.9,0.0158,Low
7274-CGTOD,Male,No,No,No,62,Two year,43.7,0.0158,Low
2075-PUEPR,Male,No,Yes,Yes,55,Two year,19.35,0.0158,Low
9866-OCCKE,Female,Yes,Yes,No,72,Two year,109.75,0.0157,Low
6919-ELBGL,Male,Yes,Yes,No,72,Two year,114.95,0.0157,Low
4803-LBYPN,Male,No,Yes,Yes,34,Month-to-month,20.8,0.0157,Low
1930-WNXSB,Male,No,Yes,Yes,58,Month-to-month,92.85,0.0157,Low
4825-FUREZ,Male,No,Yes,No,42,Two year,20.25,0.0157,Low
5915-ANOEI,Male,No,Yes,No,70,Two year,79.15,0.0156,Low
0442-TDYUO,Male,No,Yes,No,48,Two year,20.05,0.0156,Low
9150-KPBJQ,Female,No,No,No,6,Two year,19.65,0.0156,Low
7359-WWYJV,Male,No,Yes,No,72,Two year,114.45,0.0155,Low
8316-BBQAY,Female,No,No,No,65,Two year,59.95,0.0155,Low
3982-JGSFD,Male,No,No,No,36,One year,20.35,0.0155,Low
9281-CEDRU,Female,No,Yes,No,68,Two year,64.1,0.0154,Low
4116-IQRFR,Male,No,Yes,Yes,4,One year,24.1,0.0154,Low
1872-EBWSC,Female,No,No,No,29,One year,20.35,0.0154,Low
7196-LIWRH,Female,No,No,No,6,Two year,19.55,0.0154,Low
2017-CCBLH,Female,No,No,No,8,Two year,20.0,0.0154,Low
7785-RDVIG,Female,No,Yes,Yes,3,Month-to-month,19.3,0.0153,Low
2632-IVXVF,Female,No,Yes,Yes,68,Two year,111.75,0.0153,Low
3662-FXJFO,Female,No,No,No,54,Two year,20.5,0.0153,Low
4450-MDZFX,Male,No,Yes,Yes,60,Month-to-month,74.35,0.0151,Low
5146-YYFRZ,Male,No,No,No,67,Two year,19.95,0.0151,Low
5456-ITGIC,Male,Yes,Yes,No,72,Two year,64.45,0.0151,Low
2333-KWEWW,Male,No,No,No,18,Two year,20.05,0.0151,Low
1061-PNTHC,Female,No,Yes,Yes,56,Month-to-month,109.6,0.015,Low
3518-FSTWG,Male,Yes,Yes,No,72,Two year,109.55,0.015,Low
2228-BZDEE,Female,No,No,No,54,Two year,20.1,0.015,Low
5214-CHIWJ,Male,No,No,No,27,One year,20.3,0.015,Low
1241-EZFMJ,Male,No,Yes,No,61,Two year,25.45,0.015,Low
0932-YIXYU,Female,No,No,No,47,Two year,20.25,0.0149,Low
3486-NPGST,Female,No,No,No,36,One year,19.55,0.0149,Low
2121-JAFOM,Female,No,Yes,No,72,Two year,115.55,0.0147,Low
6916-HIJSE,Female,No,No,No,65,Two year,84.85,0.0147,Low
1755-FZQEC,Male,No,No,No,39,One year,19.9,0.0147,Low
8285-ABVLB,Female,No,Yes,No,70,Two year,19.85,0.0147,Low
7398-HPYZQ,Male,No,Yes,No,71,Two year,90.55,0.0147,Low
2233-TXSIU,Male,No,Yes,Yes,17,One year,44.45,0.0147,Low
0310-SUCIN,Female,No,Yes,No,71,One year,84.8,0.0147,Low
4981-FLTMF,Female,No,Yes,Yes,57,Month-to-month,65.2,0.0146,Low
6518-PPLMZ,Male,No,Yes,Yes,53,Two year,19.4,0.0145,Low
9558-IHEZX,Female,No,No,No,71,Two year,106.75,0.0145,Low
4334-HOWRP,Male,Yes,Yes,No,72,Two year,64.95,0.0145,Low
6980-CDGFC,Female,No,Yes,No,67,One year,20.85,0.0144,Low
8780-YRMTT,Female,No,No,No,66,Two year,47.4,0.0143,Low
6551-VLJMV,Male,No,Yes,No,34,Two year,20.05,0.0143,Low
0562-KBDVM,Female,No,No,No,70,Two year,44.6,0.0143,Low
7560-QRBXH,Female,No,No,No,48,One year,19.95,0.0143,Low
6223-DHJGV,Female,No,No,No,42,One year,20.65,0.0143,Low
8200-LGKSR,Male,No,Yes,No,71,Two year,83.2,0.0142,Low
1682-VCOIO,Male,No,No,No,23,One year,20.45,0.0142,Low
4176-RELJR,Male,Yes,No,No,67,Two year,25.1,0.0142,Low
5380-XPJNZ,Female,No,No,No,38,One year,20.05,0.0142,Low
7277-KAMWT,Male,No,No,No,13,Two year,20.0,0.0141,Low
4776-XSKYQ,Female,No,Yes,Yes,12,One year,30.25,0.0141,Low
4656-CAURT,Male,No,No,No,69,Two year,23.95,0.0141,Low
0906-QVPMS,Male,No,Yes,No,72,Two year,115.15,0.014,Low
4513-CXYIX,Female,Yes,Yes,No,71,Two year,80.7,0.014,Low
6631-HMANX,Male,No,Yes,No,72,Two year,85.45,0.014,Low
2239-CFOUJ,Male,No,Yes,Yes,1,One year,20.4,0.014,Low
3458-IDMFK,Male,No,No,No,25,Two year,20.75,0.014,Low
2294-DMMUS,Female,No,Yes,Yes,62,Month-to-month,70.45,0.0139,Low
7945-PRBVF,Male,No,No,No,35,Two year,21.45,0.0139,Low
3546-GHEAE,Male,No,No,No,7,Two year,19.45,0.0138,Low
1985-MBRYP,Female,No,No,No,43,Two year,19.65,0.0138,Low
9470-YFUYI,Male,Yes,Yes,No,71,One year,71.0,0.0138,Low
5495-GPSRW,Male,No,No,No,20,Two year,19.7,0.0138,Low
2848-YXSMW,Male,No,Yes,No,72,Two year,19.4,0.0138,Low
8065-QBYTO,Female,Yes,No,No,71,One year,99.65,0.0138,Low
2250-IVBWA,Male,No,Yes,Yes,64,Month-to-month,81.05,0.0138,Low
5321-NTRKC,Male,No,Yes,Yes,66,Two year,79.85,0.0137,Low
1915-OAKWD,Female,No,No,No,16,One year,19.3,0.0137,Low
9286-BHDQG,Male,No,Yes,No,72,Two year,45.25,0.0136,Low
9637-CDTKZ,Male,No,Yes,No,72,Two year,114.1,0.0136,Low
8966-SNIZF,Female,No,Yes,No,70,Two year,19.45,0.0136,Low
8626-PTQGE,Male,No,No,No,69,Two year,60.05,0.0136,Low
1087-GRUYI,Male,No,Yes,No,38,Two year,20.4,0.0136,Low
2400-XIWIO,Female,No,Yes,No,71,Two year,90.1,0.0135,Low
2068-WWXQZ,Male,No,No,No,46,Two year,20.05,0.0133,Low
5614-DNZCE,Female,No,No,No,58,Two year,64.9,0.0133,Low
1955-IBMMB,Male,No,No,No,59,Two year,20.2,0.0133,Low
5514-YQENT,Male,No,No,Yes,41,Two year,111.15,0.0133,Low
7722-VJRQD,Male,No,Yes,No,72,Two year,60.95,0.0132,Low
1080-BWSYE,Male,Yes,Yes,No,64,Two year,25.65,0.0132,Low
8042-RNLKO,Male,No,No,No,66,One year,25.45,0.0132,Low
3766-EJLFL,Female,No,Yes,Yes,68,Two year,109.05,0.0131,Low
9225-BZLNZ,Male,No,Yes,No,72,Two year,85.25,0.0131,Low
9154-QDGTH,Male,No,Yes,Yes,43,One year,104.3,0.0131,Low
2451-YMUXS,Male,Yes,No,No,67,Two year,64.55,0.0131,Low
6016-LVTJQ,Female,No,Yes,Yes,34,Month-to-month,20.65,0.0131,Low
9758-MFWGD,Female,Yes,Yes,Yes,48,One year,29.9,0.0131,Low
7996-MHXLW,Female,No,No,No,66,Two year,25.15,0.0131,Low
8232-UTFOZ,Male,No,No,No,69,Two year,19.95,0.013,Low
2146-EGVDT,Male,No,Yes,No,59,Two year,19.3,0.013,Low
0318-ZOPWS,Female,No,Yes,No,49,Two year,20.15,0.0129,Low
9861-PDSZP,Female,No,No,No,72,Two year,108.05,0.0129,Low
0902-RFHOF,Male,No,No,No,38,One year,20.1,0.0129,Low
8401-EMUWF,Male,No,Yes,Yes,42,Month-to-month,69.4,0.0129,Low
9916-AYHTC,Male,No,No,No,48,Two year,19.85,0.0129,Low
5451-YHYPW,Female,Yes,Yes,No,72,Two year,115.75,0.0129,Low
5171-EPLKN,Male,No,No,No,27,Two year,19.85,0.0129,Low
8681-ICONS,Male,No,Yes,Yes,29,Month-to-month,20.65,0.0129,Low
3154-HMWUU,Male,No,Yes,No,60,Two year,20.5,0.0129,Low
6695-FRVEC,Male,No,Yes,No,67,Two year,60.4,0.0129,Low
6461-SZMCV,Female,No,Yes,No,71,Two year,87.95,0.0128,Low
6994-FGRHH,Male,No,Yes,Yes,70,One year,106.15,0.0128,Low
3719-TDVQB,Female,Yes,Yes,No,54,Two year,18.95,0.0128,Low
1337-BOZWO,Male,No,Yes,Yes,18,One year,46.4,0.0128,Low
9372-TXXPS,Female,No,Yes,No,60,Two year,59.85,0.0127,Low
4544-RXFMG,Male,No,Yes,Yes,8,One year,43.45,0.0127,Low
0281-CNTZX,Male,No,Yes,No,63,Two year,19.95,0.0127,Low
0885-HMGPY,Male,No,No,No,62,Two year,69.4,0.0127,Low
5696-EXCYS,Male,No,No,No,17,Two year,19.45,0.0126,Low
7134-HBPBS,Female,Yes,No,No,72,Two year,108.1,0.0126,Low
2190-PHBHR,Female,No,Yes,No,72,Two year,94.45,0.0126,Low
9548-LIGTA,Male,No,Yes,No,61,Two year,81.05,0.0126,Low
7968-QUXNS,Male,No,No,No,6,Month-to-month,18.95,0.0125,Low
3948-KXDUF,Male,No,No,No,66,Two year,68.75,0.0125,Low
3669-WHAFY,Female,No,Yes,No,71,Two year,115.15,0.0125,Low
5542-NKVRU,Female,No,No,No,42,Two year,20.75,0.0125,Low
2987-BJXIK,Female,No,No,No,70,Two year,84.7,0.0124,Low
0835-JKADZ,Female,No,No,No,71,Two year,111.25,0.0124,Low
1991-VOPLL,Female,No,No,No,9,Month-to-month,19.05,0.0124,Low
4452-ROHMO,Female,No,No,No,15,Two year,19.6,0.0123,Low
4335-BSMJS,Female,No,No,No,62,Two year,25.8,0.0123,Low
3898-BSJYF,Female,No,No,Yes,10,One year,73.55,0.0123,Low
7234-KMNRQ,Male,No,No,No,4,Month-to-month,19.0,0.0123,Low
9479-HYNYL,Female,No,Yes,No,71,Two year,80.7,0.0122,Low
7691-KGKGP,Male,No,Yes,Yes,53,Month-to-month,65.0,0.0122,Low
0230-WEQUW,Male,No,Yes,No,66,Two year,56.6,0.0122,Low
0744-GKNGE,Female,No,Yes,Yes,64,Month-to-month,86.8,0.0122,Low
5730-DBDSI,Male,No,No,No,66,Two year,19.7,0.0122,Low
1945-XISKS,Female,No,Yes,No,67,Two year,19.65,0.012,Low
5329-KRDTM,Male,Yes,Yes,No,72,Two year,77.35,0.012,Low
6465-GSRCL,Female,No,No,Yes,67,One year,106.6,0.012,Low
2176-OSJUV,Male,No,Yes,No,71,Two year,65.15,0.012,Low
6345-FZOQH,Male,No,Yes,No,69,Two year,19.9,0.0119,Low
8466-PZBLH,Male,No,Yes,Yes,67,Two year,104.6,0.0119,Low
2272-WUSPA,Female,No,Yes,No,72,Two year,110.75,0.0118,Low
5317-FLPJF,Female,No,No,No,66,Two year,61.35,0.0118,Low
5702-KVQRD,Male,No,Yes,No,71,Two year,82.55,0.0117,Low
9746-YKGXB,Male,No,Yes,Yes,52,One year,44.25,0.0117,Low
0164-XAIRP,Female,No,No,No,24,Two year,19.55,0.0117,Low
9798-OPFEM,Female,No,No,No,46,Two year,21.1,0.0116,Low
0436-TWFFZ,Female,No,No,No,67,Two year,85.25,0.0116,Low
3913-RDSJZ,Female,No,Yes,No,64,Two year,25.55,0.0116,Low
2194-IIQOF,Female,No,Yes,No,71,Two year,89.3,0.0116,Low
0526-SXDJP,Male,No,Yes,No,72,Two year,42.1,0.0115,Low
8207-VVMYB,Female,No,Yes,No,70,Two year,26.0,0.0115,Low
6253-WRFHY,Male,No,Yes,Yes,13,One year,64.75,0.0115,Low
9498-FIMXL,Female,No,No,No,8,One year,19.2,0.0115,Low
5038-ETMLM,Female,No,Yes,No,72,Two year,113.65,0.0115,Low
5863-OOKCL,Female,No,No,No,10,Month-to-month,18.85,0.0115,Low
0704-VCUMB,Female,No,Yes,No,61,Two year,20.25,0.0115,Low
3721-WKIIL,Female,No,No,No,27,Two year,19.6,0.0115,Low
6242-FEGFD,Male,No,Yes,No,66,Two year,96.6,0.0115,Low
8652-YHIYU,Female,No,No,Yes,16,One year,79.5,0.0115,Low
5680-LQOGP,Female,No,No,No,68,Two year,82.45,0.0115,Low
0489-WMEMG,Female,No,No,Yes,23,One year,49.45,0.0114,Low
2560-WBWXF,Male,No,No,No,68,Two year,24.15,0.0114,Low
6904-JLBGY,Female,Yes,No,No,72,Two year,117.35,0.0114,Low
5148-HKFIR,Female,No,No,No,20,Two year,19.7,0.0114,Low
5014-GSOUQ,Male,No,No,No,13,Two year,19.95,0.0113,Low
9837-FWLCH,Male,No,Yes,Yes,12,Month-to-month,19.2,0.0113,Low
9705-ZJBCG,Female,No,Yes,Yes,13,One year,54.15,0.0113,Low
3865-ZFZIB,Male,No,No,No,19,Two year,19.65,0.0112,Low
8277-RVRSV,Female,No,Yes,Yes,33,One year,24.15,0.0112,Low
3873-WOSBC,Male,No,Yes,No,67,Two year,25.6,0.0112,Low
6981-TDRFT,Male,No,Yes,Yes,44,One year,54.3,0.0111,Low
1395-WSWXR,Male,No,No,No,24,Two year,20.75,0.0111,Low
4567-AKPIA,Female,No,Yes,Yes,41,One year,109.1,0.0111,Low
5699-BNCAS,Male,Yes,No,No,71,Two year,24.65,0.0111,Low
2023-VQFDL,Male,No,No,No,18,Month-to-month,19.0,0.0111,Low
6047-SUHPR,Male,No,Yes,Yes,39,One year,59.8,0.0111,Low
3633-CDBUW,Male,No,No,Yes,17,One year,80.85,0.0111,Low
0301-KOBTQ,Male,No,No,No,32,Two year,20.05,0.011,Low
3118-UHVVQ,Female,No,Yes,No,68,Two year,25.8,0.011,Low
6614-FHDBO,Male,No,No,No,72,Two year,109.2,0.011,Low
4685-TFLLS,Male,No,Yes,Yes,18,One year,19.8,0.011,Low
0305-SQECB,Female,No,No,Yes,11,One year,36.05,0.011,Low
1696-HXOWK,Female,No,Yes,No,71,One year,95.65,0.0109,Low
5781-RFZRP,Male,No,Yes,No,71,Two year,73.5,0.0109,Low
6937-GCDGQ,Male,No,Yes,Yes,19,One year,48.95,0.0109,Low
1779-PWPMG,Female,Yes,Yes,No,72,Two year,114.65,0.0109,Low
1093-YSWCA,Male,No,No,No,11,Two year,19.55,0.0109,Low
6176-YJWAS,Male,No,Yes,No,72,Two year,97.95,0.0108,Low
4884-LEVMQ,Male,No,Yes,No,39,Two year,20.45,0.0108,Low
3468-DRVQJ,Female,No,Yes,Yes,10,One year,70.3,0.0108,Low
1036-GUDCL,Male,No,Yes,Yes,60,Month-to-month,79.05,0.0108,Low
3910-MRQOY,Female,No,Yes,No,72,Two year,19.4,0.0108,Low
1222-KJNZD,Male,No,Yes,Yes,40,Month-to-month,20.4,0.0108,Low
9135-MGVPY,Male,No,Yes,No,69,Two year,84.7,0.0107,Low
6094-ZIVKX,Female,No,No,No,68,One year,54.45,0.0107,Low
9091-WTUUY,Male,No,Yes,No,64,Two year,69.25,0.0107,Low
1767-CJKBA,Male,No,No,No,66,Two year,25.1,0.0107,Low
5310-NOOVA,Male,No,No,No,46,Two year,19.95,0.0106,Low
4815-TUMEQ,Female,No,No,No,10,One year,19.3,0.0106,Low
5993-JSUWV,Female,No,No,No,66,Two year,61.15,0.0106,Low
1536-YHDOE,Male,No,Yes,Yes,17,One year,62.1,0.0105,Low
4703-MQYKT,Male,No,No,No,21,Two year,19.6,0.0105,Low
2900-PHPLN,Female,Yes,Yes,No,70,Two year,19.55,0.0105,Low
0362-RAOQO,Female,No,No,No,40,Two year,19.65,0.0104,Low
9184-GALIL,Female,No,Yes,Yes,38,Month-to-month,20.45,0.0104,Low
0961-ZWLVI,Male,No,No,Yes,49,One year,109.2,0.0104,Low
8701-DGLVH,Male,No,No,No,51,Two year,20.45,0.0103,Low
1221-GHZEP,Female,No,No,No,62,Two year,65.1,0.0103,Low
0320-DWVTU,Female,No,No,No,53,Two year,99.5,0.0103,Low
4713-ZBURT,Male,No,No,Yes,45,Two year,99.7,0.0103,Low
4291-HYEBC,Female,Yes,Yes,Yes,28,One year,39.1,0.0103,Low
9668-PUGNU,Male,No,Yes,No,71,Two year,24.5,0.0103,Low
8421-WZOOW,Female,Yes,Yes,Yes,57,Month-to-month,95.3,0.0103,Low
8404-VIOMB,Female,No,No,No,66,Two year,62.5,0.0102,Low
8917-FAEMR,Female,No,No,No,37,Two year,19.85,0.0102,Low
9624-EGDEQ,Female,No,No,No,37,Two year,19.8,0.0102,Low
7596-IIWYC,Female,No,No,No,27,Two year,20.25,0.0101,Low
3963-RYFNS,Female,No,No,No,72,Two year,116.45,0.0101,Low
6967-QIQRV,Male,No,Yes,Yes,15,One year,101.9,0.0101,Low
5055-BRMNE,Female,No,Yes,Yes,67,Two year,106.7,0.0101,Low
5006-MXVRN,Female,No,No,No,39,Two year,20.7,0.01,Low
5469-NUJUR,Male,No,No,No,19,Two year,19.95,0.01,Low
5406-KGRMX,Female,No,No,No,71,Two year,24.55,0.01,Low
2380-DAMQP,Female,No,Yes,No,72,Two year,115.15,0.01,Low
5857-XRECV,Female,No,No,Yes,2,One year,20.5,0.0099,Low
0743-HRVFF,Female,No,Yes,Yes,51,One year,56.15,0.0099,Low
4102-HLENU,Female,No,Yes,No,67,Two year,65.65,0.0099,Low
8984-HPEMB,Female,No,No,No,71,Two year,118.65,0.0099,Low
7919-ZODZZ,Female,No,Yes,Yes,10,One year,65.9,0.0099,Low
2878-RMWXY,Male,Yes,Yes,No,72,Two year,102.65,0.0099,Low
3779-OSWCF,Female,No,Yes,No,71,Two year,93.2,0.0099,Low
1096-ADRUX,Female,No,Yes,Yes,66,One year,74.25,0.0099,Low
9795-SHUHB,Female,No,Yes,No,66,Two year,58.2,0.0099,Low
5982-XMDEX,Female,No,No,No,65,Two year,26.5,0.0099,Low
4012-YCFAI,Male,No,Yes,No,60,Two year,61.35,0.0099,Low
6265-FRMTQ,Male,No,No,No,31,Two year,20.4,0.0098,Low
3569-VLDHH,Male,No,Yes,Yes,66,One year,75.1,0.0098,Low
1297-VQDRP,Male,Yes,Yes,Yes,68,One year,107.15,0.0098,Low
4139-DETXS,Female,No,Yes,No,72,Two year,64.45,0.0098,Low
2384-OVPSA,Female,Yes,No,No,38,Two year,20.2,0.0098,Low
4698-KVLLG,Female,Yes,No,No,51,Two year,19.6,0.0098,Low
5174-ITUMV,Male,No,Yes,Yes,67,One year,105.4,0.0097,Low
2796-NNUFI,Female,No,Yes,No,46,Two year,19.95,0.0097,Low
6586-PSJOX,Male,No,No,Yes,15,One year,55.2,0.0096,Low
7205-BAIAD,Female,No,No,No,40,Two year,20.6,0.0096,Low
1697-BCSHV,Female,No,Yes,Yes,58,Month-to-month,66.8,0.0096,Low
8707-HOEDG,Female,No,Yes,Yes,70,Two year,110.2,0.0096,Low
9239-GZHZE,Female,No,Yes,No,72,Two year,113.65,0.0096,Low
3612-YVGSJ,Female,No,Yes,No,71,Two year,24.45,0.0095,Low
0254-FNMCI,Female,No,No,No,72,Two year,109.9,0.0095,Low
1047-RNXZV,Male,No,No,No,43,Two year,19.55,0.0095,Low
3454-JFUBC,Male,Yes,No,No,68,Two year,20.0,0.0095,Low
8414-OOEEL,Male,No,No,Yes,66,Two year,79.5,0.0095,Low
7105-BENQF,Male,No,No,Yes,15,One year,64.85,0.0095,Low
9435-JMLSX,Male,No,Yes,No,71,Two year,86.1,0.0095,Low
9541-ZPSEA,Male,No,Yes,Yes,68,Two year,80.35,0.0094,Low
2550-AEVRU,Female,No,Yes,Yes,57,One year,53.45,0.0094,Low
8328-SKJNO,Male,No,No,Yes,23,One year,40.65,0.0094,Low
2274-XUATA,Male,Yes,Yes,No,72,Two year,63.1,0.0094,Low
8204-YJCLA,Male,Yes,Yes,No,72,Two year,64.8,0.0094,Low
6484-LATFU,Male,No,No,No,68,Two year,24.55,0.0094,Low
5472-CVMDX,Female,No,No,No,68,Two year,38.9,0.0094,Low
4129-LYCOI,Female,No,No,Yes,67,Two year,104.0,0.0093,Low
6961-MJKBO,Male,No,No,No,47,Two year,20.45,0.0093,Low
4644-PIZRT,Male,No,Yes,Yes,17,One year,70.35,0.0093,Low
9964-WBQDJ,Female,No,Yes,No,71,Two year,24.4,0.0093,Low
7014-ZZXAW,Female,No,Yes,No,71,Two year,24.25,0.0093,Low
1929-ZCBHE,Male,No,Yes,Yes,47,One year,40.3,0.0093,Low
0191-EQUUH,Female,No,No,Yes,25,Two year,35.05,0.0093,Low
7643-RCHXS,Female,No,Yes,Yes,63,Two year,19.35,0.0092,Low
2346-CZYIL,Male,No,No,No,27,Two year,20.35,0.0092,Low
1094-BKOSX,Female,No,Yes,Yes,45,One year,51.0,0.0091,Low
6698-OXETB,Male,No,No,No,11,Two year,20.4,0.0091,Low
8213-TAZPM,Female,No,Yes,Yes,69,One year,108.75,0.0091,Low
5231-FIQPA,Female,No,No,No,41,Two year,19.85,0.0091,Low
1064-FBXNK,Male,No,Yes,Yes,1,One year,19.85,0.009,Low
6668-CNMFP,Female,No,Yes,Yes,19,One year,89.35,0.009,Low
2388-LAESQ,Female,Yes,Yes,No,72,Two year,114.85,0.009,Low
0336-KXKFK,Male,No,No,No,72,Two year,61.2,0.0089,Low
3549-ZTMNH,Male,No,Yes,Yes,12,Two year,24.0,0.0089,Low
0853-TWRVK,Male,No,Yes,No,72,Two year,105.6,0.0089,Low
0052-YNYOT,Female,No,No,No,67,One year,20.55,0.0089,Low
3372-CDXFJ,Male,No,Yes,Yes,13,One year,24.5,0.0089,Low
7163-OCEQI,Male,No,Yes,Yes,22,One year,78.65,0.0089,Low
0123-CRBRT,Female,No,Yes,No,61,Two year,88.1,0.0088,Low
4826-DXMUP,Male,No,No,Yes,35,One year,72.1,0.0088,Low
7996-BPXHY,Female,No,Yes,Yes,13,Two year,25.0,0.0088,Low
5529-GIBVH,Female,No,No,No,47,Two year,20.15,0.0088,Low
8859-DZTGQ,Male,No,No,No,33,Two year,20.35,0.0087,Low
4979-HPRFL,Male,No,Yes,Yes,56,Two year,24.15,0.0087,Low
1790-NESIO,Female,No,No,No,13,Two year,20.4,0.0087,Low
4097-YODCF,Male,No,No,Yes,34,One year,103.8,0.0087,Low
9919-FZDED,Male,Yes,Yes,No,72,Two year,84.1,0.0087,Low
4443-EMBNA,Female,No,Yes,No,71,Two year,24.75,0.0087,Low
1174-FGIFN,Female,No,Yes,Yes,28,One year,90.45,0.0086,Low
6754-WKSHP,Male,No,No,Yes,30,One year,25.35,0.0086,Low
7446-KQISO,Male,No,Yes,Yes,45,Two year,109.75,0.0086,Low
5269-NRGDP,Male,No,Yes,Yes,42,One year,73.15,0.0086,Low
4937-QPZPO,Male,No,Yes,Yes,61,One year,99.9,0.0086,Low
5808-TOTXO,Female,No,No,Yes,3,One year,20.55,0.0086,Low
7103-ZGVNT,Female,No,Yes,Yes,69,One year,73.7,0.0085,Low
2097-YVPKN,Male,No,No,No,65,Two year,25.75,0.0085,Low
1231-YNDEK,Male,No,No,No,58,Two year,19.15,0.0085,Low
9617-UDPEU,Female,No,No,No,22,One year,19.25,0.0085,Low
2056-EVGZL,Male,No,Yes,Yes,68,One year,105.75,0.0085,Low
2292-XQWSV,Male,No,Yes,Yes,40,One year,60.3,0.0085,Low
6559-RAKOZ,Male,No,Yes,Yes,49,One year,97.95,0.0085,Low
5914-GXMDA,Female,No,Yes,No,32,One year,19.3,0.0084,Low
9339-FIIJL,Male,No,Yes,No,72,Two year,85.95,0.0084,Low
6418-PIQSP,Female,No,Yes,No,62,Two year,81.0,0.0084,Low
1987-AUELQ,Female,No,Yes,No,71,Two year,25.05,0.0084,Low
0916-KNFAJ,Male,No,Yes,No,61,Two year,69.9,0.0084,Low
9844-FELAJ,Female,Yes,Yes,Yes,70,One year,107.9,0.0084,Low
2796-UUZZO,Male,No,Yes,Yes,63,Month-to-month,80.3,0.0084,Low
7826-VVKWT,Female,Yes,Yes,Yes,24,Two year,96.55,0.0084,Low
4565-NLZBV,Female,No,Yes,No,71,Two year,24.65,0.0084,Low
6967-PEJLL,Male,No,Yes,Yes,37,One year,40.2,0.0083,Low
9242-TKFSV,Male,No,Yes,No,72,Two year,65.1,0.0083,Low
5275-PMFUT,Male,No,Yes,No,72,Two year,64.8,0.0083,Low
4625-LAMOB,Male,No,No,No,44,Two year,20.4,0.0083,Low
3022-BEXHZ,Male,No,Yes,Yes,67,Two year,111.2,0.0083,Low
7596-ZYWBB,Female,No,No,No,65,Two year,59.6,0.0083,Low
8853-TZDGH,Female,No,No,No,72,Two year,111.6,0.0083,Low
8619-IJNDK,Female,No,Yes,No,71,Two year,64.05,0.0083,Low
1163-VIPRI,Female,No,Yes,Yes,65,Two year,109.3,0.0083,Low
8249-THVEC,Male,No,Yes,Yes,51,One year,19.4,0.0082,Low
5199-FPUSP,Male,No,No,Yes,33,One year,34.05,0.0082,Low
4700-UBQMV,Male,No,Yes,Yes,21,One year,75.9,0.0082,Low
4361-FEBGN,Male,No,No,No,48,Two year,20.15,0.0082,Low
8148-NLEGT,Female,No,Yes,Yes,42,Two year,22.95,0.0082,Low
9648-BCHKM,Female,No,Yes,Yes,18,Two year,24.65,0.0082,Low
5848-FHRFC,Female,No,No,No,68,Two year,20.05,0.0081,Low
3620-EHIMZ,Female,No,Yes,Yes,52,Two year,19.35,0.0081,Low
0234-TEVTT,Female,No,Yes,Yes,48,One year,45.0,0.008,Low
0859-YGKFW,Male,No,Yes,Yes,18,One year,20.05,0.008,Low
8402-OOOHJ,Female,No,No,No,41,Two year,20.65,0.008,Low
2519-TWKFS,Male,No,Yes,Yes,25,One year,55.1,0.008,Low
7544-ZVIKX,Male,No,Yes,Yes,58,One year,105.05,0.0079,Low
6617-WLBQC,Female,No,Yes,Yes,23,One year,81.85,0.0079,Low
1043-UXOVO,Female,No,No,No,71,Two year,113.15,0.0079,Low
4032-RMHCI,Female,No,Yes,Yes,41,One year,35.4,0.0079,Low
2969-WGHQO,Female,No,Yes,Yes,7,One year,69.45,0.0079,Low
1729-VLAZJ,Female,No,No,Yes,10,One year,40.25,0.0078,Low
5375-XLDOF,Male,No,Yes,Yes,69,Two year,114.35,0.0078,Low
9153-BTBVV,Female,No,Yes,No,71,Two year,25.0,0.0078,Low
8812-ZRHFP,Female,No,Yes,Yes,30,One year,86.45,0.0078,Low
5197-YPYBZ,Female,No,Yes,Yes,12,Two year,25.25,0.0078,Low
6840-RESVB,Male,No,Yes,Yes,24,One year,84.8,0.0078,Low
5186-PEIZU,Female,No,No,No,35,Month-to-month,19.25,0.0078,Low
8896-RAZCR,Female,No,No,No,44,Two year,19.9,0.0077,Low
3097-FQTVJ,Female,No,No,No,41,Two year,20.0,0.0077,Low
8966-OIQHG,Female,No,Yes,Yes,22,One year,20.75,0.0077,Low
6103-LIANB,Male,No,Yes,Yes,59,Two year,99.5,0.0077,Low
4419-UJMUS,Male,No,Yes,Yes,69,Two year,99.35,0.0077,Low
0020-INWCK,Female,No,Yes,Yes,71,Two year,95.75,0.0077,Low
5837-LXSDN,Female,No,Yes,Yes,21,One year,58.85,0.0077,Low
7898-PDWQE,Male,No,Yes,No,71,Two year,80.4,0.0076,Low
6725-TPKJO,Male,No,No,No,44,Two year,20.05,0.0076,Low
0374-FIUCA,Male,No,Yes,No,65,Two year,20.4,0.0076,Low
3836-FZSDJ,Male,Yes,Yes,No,71,Two year,24.85,0.0076,Low
0048-LUMLS,Male,No,Yes,Yes,37,One year,91.2,0.0075,Low
4872-JCVCA,Female,No,Yes,No,71,Two year,47.6,0.0075,Low
3774-VBNXY,Female,No,Yes,No,64,Two year,20.2,0.0075,Low
4883-KCPZJ,Female,No,Yes,Yes,22,Two year,25.25,0.0075,Low
8099-MZPUJ,Male,No,Yes,Yes,48,Two year,111.8,0.0074,Low
5846-ABOBJ,Male,No,Yes,No,71,Two year,24.45,0.0074,Low
5602-BVFMK,Female,No,No,No,12,One year,19.3,0.0074,Low
2207-RYYRL,Male,No,Yes,Yes,52,Two year,24.55,0.0074,Low
9677-AVKED,Female,No,No,Yes,53,One year,84.6,0.0073,Low
5684-FJVYR,Female,No,Yes,No,72,Two year,90.35,0.0073,Low
7722-CVFXN,Male,No,Yes,Yes,54,One year,105.2,0.0073,Low
4227-OJHAL,Female,No,Yes,Yes,68,One year,73.0,0.0073,Low
8319-QBEHW,Male,No,No,Yes,26,One year,39.95,0.0073,Low
2541-YGPKE,Male,No,Yes,Yes,42,One year,63.7,0.0073,Low
5846-NEQVZ,Male,No,Yes,No,71,Two year,70.85,0.0073,Low
5062-CJJKH,Male,No,Yes,Yes,25,One year,53.65,0.0073,Low
0056-EPFBG,Male,No,Yes,Yes,20,Two year,39.4,0.0073,Low
7515-LODFU,Male,Yes,No,No,69,Two year,20.3,0.0072,Low
8608-OZTLB,Male,No,Yes,Yes,38,One year,74.05,0.0072,Low
9769-TSBZE,Female,No,No,Yes,70,Two year,66.0,0.0072,Low
3567-PQTSO,Male,No,Yes,Yes,53,One year,105.25,0.0072,Low
3648-GZPHF,Male,No,Yes,Yes,32,One year,36.25,0.0071,Low
1004-NOZNR,Male,Yes,No,Yes,56,One year,94.8,0.0071,Low
6885-PKOAM,Female,No,Yes,No,71,Two year,85.75,0.0071,Low
3649-JPUGY,Male,No,No,No,72,Two year,88.6,0.0071,Low
2300-RQGOI,Female,No,No,No,38,Two year,20.05,0.0071,Low
2724-FJDYW,Male,No,No,Yes,39,One year,54.85,0.0071,Low
9746-MDMBK,Male,No,Yes,Yes,47,One year,113.45,0.007,Low
1937-OTUKY,Female,No,Yes,No,72,Two year,98.2,0.007,Low
9483-GCPWE,Male,No,No,Yes,9,One year,20.1,0.007,Low
2330-PQGDQ,Male,No,Yes,Yes,51,One year,84.2,0.007,Low
9467-ROOLM,Female,No,No,No,25,Month-to-month,19.05,0.007,Low
6670-MFRPK,Male,No,Yes,Yes,69,Two year,79.2,0.007,Low
1442-OKRJE,Male,No,Yes,Yes,66,One year,103.15,0.007,Low
6000-UKLWI,Male,No,No,No,41,Two year,20.15,0.007,Low
5126-RCXYW,Male,No,Yes,Yes,54,Two year,46.0,0.007,Low
6164-HAQTX,Male,No,No,No,71,Two year,53.95,0.0069,Low
1131-QQZEB,Male,Yes,Yes,No,71,Two year,23.95,0.0069,Low
2690-DVRVK,Male,No,Yes,Yes,5,One year,20.55,0.0069,Low
5593-SUAOO,Female,No,Yes,Yes,24,One year,83.15,0.0069,Low
1402-PTHGN,Female,No,Yes,Yes,18,One year,61.5,0.0069,Low
0582-AVCLN,Female,No,No,No,38,Two year,20.3,0.0069,Low
8292-ITGYJ,Female,No,Yes,Yes,45,Two year,24.65,0.0069,Low
4915-BFSXL,Male,No,Yes,Yes,70,Two year,68.95,0.0069,Low
6933-VLYFX,Male,No,Yes,Yes,31,One year,59.95,0.0068,Low
7161-DFHUF,Female,No,Yes,No,71,Two year,23.85,0.0068,Low
8464-EETCQ,Male,No,No,No,57,Two year,18.8,0.0068,Low
5324-KTGCG,Male,No,Yes,No,71,One year,20.85,0.0068,Low
7021-XSNYE,Male,No,Yes,Yes,7,Two year,49.65,0.0068,Low
2466-FCCPT,Female,No,Yes,Yes,20,One year,19.7,0.0068,Low
8610-ZIKJJ,Female,No,Yes,Yes,2,One year,20.3,0.0068,Low
1265-ZFOSD,Female,No,Yes,No,64,Two year,81.3,0.0068,Low
1599-EAHXY,Male,No,Yes,Yes,60,One year,23.95,0.0068,Low
7572-KPVKK,Male,No,No,Yes,62,Two year,104.05,0.0068,Low
6598-KELSS,Male,No,No,Yes,50,One year,43.05,0.0068,Low
0020-JDNXP,Female,No,Yes,Yes,34,One year,61.25,0.0067,Low
9581-GVBXT,Male,No,Yes,Yes,59,One year,34.8,0.0067,Low
5334-AFQJB,Male,Yes,No,No,72,Two year,25.1,0.0067,Low
9178-JHUVJ,Male,No,Yes,Yes,24,Two year,24.1,0.0067,Low
3812-LRZIR,Female,No,Yes,Yes,27,Two year,24.5,0.0067,Low
1042-HFUCW,Female,No,No,Yes,25,One year,54.75,0.0067,Low
0057-QBUQH,Female,No,No,Yes,43,Two year,25.1,0.0067,Low
5176-LMJXE,Female,No,No,No,47,Two year,20.55,0.0067,Low
2995-YWTCD,Female,No,Yes,Yes,19,Two year,24.9,0.0067,Low
8823-RLPWL,Female,No,Yes,No,72,Two year,110.65,0.0067,Low
6574-MCOEH,Female,No,Yes,Yes,33,One year,79.15,0.0067,Low
6061-GWWAV,Male,No,No,Yes,41,One year,70.2,0.0066,Low
4377-VDHYI,Male,No,Yes,Yes,32,One year,90.8,0.0066,Low
9680-NIAUV,Female,No,Yes,No,72,Two year,109.7,0.0066,Low
3973-SKMLN,Male,No,No,No,71,Two year,19.9,0.0065,Low
9764-REAFF,Female,No,Yes,No,59,Two year,18.4,0.0065,Low
3696-DFHHB,Female,No,No,No,68,Two year,25.5,0.0065,Low
9347-AERRL,Male,No,Yes,No,23,One year,19.3,0.0065,Low
2530-FMFXO,Male,No,Yes,Yes,56,Two year,103.2,0.0065,Low
8441-SHIPE,Female,No,No,No,67,Two year,25.6,0.0065,Low
4735-BJKOU,Female,No,No,No,40,Two year,20.15,0.0065,Low
7508-KBIMB,Male,No,Yes,Yes,24,One year,56.25,0.0065,Low
9710-NJERN,Female,No,No,No,39,Two year,20.15,0.0065,Low
5124-EOGYE,Male,No,No,No,31,Two year,20.45,0.0064,Low
4024-CSNBY,Female,No,Yes,No,72,Two year,94.25,0.0064,Low
9830-ECLEN,Male,No,Yes,Yes,58,One year,50.0,0.0064,Low
8849-PRIQJ,Female,No,Yes,Yes,67,One year,109.4,0.0064,Low
4829-ZLJTK,Female,Yes,Yes,No,72,Two year,112.4,0.0064,Low
7781-HVGMK,Female,No,Yes,No,72,Two year,65.2,0.0063,Low
5135-GRQJV,Male,Yes,Yes,No,72,Two year,114.5,0.0063,Low
3970-XGJDU,Female,No,No,No,62,Two year,19.2,0.0063,Low
6778-EICRF,Male,No,Yes,Yes,24,One year,74.8,0.0063,Low
9593-CVZKR,Female,No,Yes,Yes,56,Two year,24.45,0.0063,Low
6437-UDQJM,Female,Yes,Yes,No,72,Two year,84.1,0.0063,Low
1573-LGXBA,Male,No,Yes,Yes,57,One year,97.55,0.0063,Low
4393-GEADV,Male,No,Yes,Yes,70,Two year,114.75,0.0063,Low
2904-GGUAZ,Female,No,Yes,No,72,Two year,84.05,0.0063,Low
7688-AWMDX,Male,No,Yes,No,71,Two year,54.5,0.0063,Low
9845-QOMAD,Male,No,Yes,Yes,14,One year,19.75,0.0062,Low
0487-VVUVK,Male,No,Yes,Yes,25,Month-to-month,19.15,0.0062,Low
2592-HODOV,Male,No,No,No,13,One year,19.3,0.0062,Low
5549-ZGHFB,Male,No,Yes,Yes,50,Two year,24.95,0.0062,Low
3258-SYSWS,Male,Yes,No,No,72,Two year,113.8,0.0062,Low
8670-ERCJH,Male,No,No,No,72,Two year,113.4,0.0061,Low
7872-BAAZR,Female,No,Yes,Yes,53,One year,19.55,0.0061,Low
1561-BWHIN,Male,No,Yes,Yes,19,One year,19.8,0.0061,Low
1389-WNUIB,Female,No,Yes,Yes,20,One year,76.0,0.0061,Low
6481-LXPWL,Male,No,Yes,Yes,56,One year,36.1,0.0061,Low
2898-MRKPI,Male,No,Yes,Yes,68,One year,101.05,0.0061,Low
6813-GZQCG,Female,No,Yes,Yes,45,Two year,24.65,0.0061,Low
6421-SZVEM,Female,No,Yes,Yes,28,One year,82.85,0.0061,Low
8612-GXIDD,Male,No,Yes,Yes,12,Two year,25.4,0.006,Low
5494-WOZRZ,Female,No,Yes,No,71,Two year,82.0,0.006,Low
0221-NAUXK,Male,No,No,Yes,10,One year,19.95,0.006,Low
7815-PDTHL,Male,No,No,No,35,Two year,20.2,0.006,Low
1492-KGETH,Male,No,Yes,Yes,70,One year,78.35,0.006,Low
8146-QQKZH,Female,No,Yes,No,71,Two year,81.85,0.006,Low
9419-IPPBE,Female,No,Yes,Yes,51,One year,90.15,0.0059,Low
1448-CYWKC,Female,No,Yes,Yes,58,One year,105.2,0.0059,Low
4782-OSFXZ,Female,Yes,Yes,No,71,Two year,82.7,0.0059,Low
1439-LCGVL,Female,No,Yes,No,26,One year,19.2,0.0059,Low
1240-HCBOH,Female,No,No,No,67,Two year,26.1,0.0059,Low
5003-OKNNK,Female,No,Yes,Yes,15,One year,20.35,0.0059,Low
8922-NPKBJ,Male,No,Yes,Yes,42,Two year,19.35,0.0059,Low
0386-CWRGM,Female,No,Yes,Yes,46,Two year,19.4,0.0058,Low
2234-EOFPT,Male,No,Yes,No,72,Two year,79.35,0.0058,Low
1092-WPIVQ,Female,No,Yes,Yes,18,Two year,25.1,0.0058,Low
0197-PNKNK,Female,No,Yes,Yes,69,One year,84.45,0.0058,Low
0463-TXOAK,Male,No,No,Yes,52,Two year,25.6,0.0058,Low
0369-ZGOVK,Female,No,Yes,Yes,28,One year,70.4,0.0058,Low
3441-CGZJH,Female,No,Yes,Yes,43,One year,60.4,0.0058,Low
4135-FRWKJ,Female,Yes,Yes,Yes,55,One year,76.25,0.0058,Low
6762-NSODU,Female,No,Yes,Yes,46,Two year,19.4,0.0058,Low
1722-LDZJS,Male,No,Yes,Yes,53,One year,20.2,0.0058,Low
1734-ZMNTZ,Female,No,Yes,Yes,11,Two year,25.0,0.0057,Low
7636-PEPNS,Female,No,Yes,Yes,58,One year,44.1,0.0057,Low
8597-CTXVJ,Male,No,No,Yes,70,One year,64.95,0.0057,Low
7157-SMCFK,Male,No,No,Yes,61,Two year,19.75,0.0057,Low
3120-FAZKD,Male,No,Yes,Yes,54,Two year,24.05,0.0057,Low
3389-KTRXV,Female,No,Yes,Yes,23,Two year,23.85,0.0057,Low
6064-PUPMC,Male,No,Yes,Yes,23,One year,57.2,0.0057,Low
6719-FGEDO,Female,No,Yes,No,72,Two year,97.0,0.0057,Low
0071-NDAFP,Male,No,Yes,Yes,25,Two year,25.5,0.0057,Low
7005-CYUIL,Female,Yes,Yes,No,71,Two year,99.4,0.0057,Low
2626-VEEWG,Male,No,Yes,Yes,67,Two year,19.4,0.0056,Low
1167-OYZJF,Female,Yes,Yes,No,67,Two year,20.05,0.0056,Low
3301-VKTGC,Male,No,Yes,Yes,68,One year,85.5,0.0056,Low
7579-KKLOE,Male,No,Yes,No,71,Two year,91.25,0.0056,Low
1470-PSXNM,Male,No,Yes,Yes,49,One year,93.65,0.0056,Low
9912-OMZDS,Female,No,Yes,Yes,59,One year,106.15,0.0056,Low
9385-NXKDA,Female,No,Yes,No,72,Two year,82.65,0.0056,Low
3108-PCCGG,Male,Yes,Yes,No,72,Two year,84.45,0.0056,Low
7527-QNRUS,Male,No,Yes,Yes,17,Two year,25.15,0.0056,Low
0327-WFZSY,Male,No,Yes,Yes,39,One year,100.0,0.0056,Low
3896-ZVNET,Female,No,Yes,Yes,24,Two year,24.7,0.0055,Low
2057-BOYKM,Female,Yes,Yes,No,72,Two year,96.6,0.0055,Low
8779-YIQQA,Male,No,Yes,Yes,21,One year,19.8,0.0055,Low
7322-OCWHC,Male,Yes,Yes,No,72,Two year,93.05,0.0055,Low
6837-HAEVO,Male,No,Yes,Yes,69,Two year,105.0,0.0055,Low
6901-GOGZG,Male,No,No,Yes,60,Two year,84.95,0.0055,Low
3244-CQPHU,Female,Yes,No,No,72,Two year,110.1,0.0055,Low
9138-EFSMO,Male,No,Yes,Yes,26,One year,78.95,0.0054,Low
2725-IWWBA,Male,No,Yes,Yes,46,One year,56.9,0.0054,Low
8606-OEGQZ,Female,No,No,Yes,18,Two year,25.3,0.0054,Low
8838-GPHZP,Female,No,No,No,63,Two year,20.6,0.0054,Low
1309-XGFSN,Male,Yes,Yes,Yes,52,One year,80.85,0.0054,Low
1904-WAJAA,Female,No,Yes,Yes,24,Two year,64.35,0.0054,Low
1775-KWJKQ,Male,No,Yes,No,72,Two year,89.85,0.0054,Low
7762-ONLJY,Female,No,Yes,Yes,6,One year,19.7,0.0054,Low
3423-HHXAO,Female,No,Yes,Yes,14,One year,19.5,0.0054,Low
7319-ZNRTR,Male,No,Yes,Yes,25,One year,19.6,0.0054,Low
4537-CIBHB,Female,No,Yes,Yes,9,One year,20.25,0.0054,Low
9640-ZSLDC,Female,No,Yes,Yes,53,One year,60.6,0.0054,Low
3410-MHHUM,Female,No,Yes,Yes,44,One year,94.4,0.0054,Low
4636-OLWOE,Male,No,No,Yes,54,One year,61.0,0.0053,Low
1926-QUZNN,Female,No,Yes,No,72,Two year,25.25,0.0053,Low
0479-HMSWA,Female,No,No,Yes,26,Two year,105.45,0.0053,Low
2335-GSODA,Male,No,No,Yes,23,Two year,40.1,0.0053,Low
8450-LUGUK,Female,No,Yes,Yes,37,Two year,24.1,0.0053,Low
5553-AOINX,Female,Yes,Yes,Yes,66,One year,104.9,0.0053,Low
9451-WLYRI,Female,No,Yes,No,53,One year,19.05,0.0053,Low
8417-GSODA,Male,No,Yes,Yes,28,One year,92.2,0.0053,Low
7641-TQFHN,Male,No,No,Yes,39,Two year,100.55,0.0052,Low
2868-LLSKM,Female,No,Yes,Yes,68,One year,83.65,0.0052,Low
3274-NSDWE,Female,No,No,No,68,Two year,19.6,0.0052,Low
3078-ZKNTS,Female,No,Yes,Yes,13,Two year,19.75,0.0052,Low
9931-DCEZH,Male,No,No,Yes,28,One year,54.4,0.0052,Low
3865-YIOTT,Male,No,Yes,Yes,72,One year,106.1,0.0052,Low
0516-OOHAR,Male,No,Yes,Yes,28,One year,100.35,0.0052,Low
1301-LOPVR,Male,No,Yes,Yes,29,One year,55.35,0.0052,Low
0397-ZXWQF,Male,No,No,No,67,Two year,20.5,0.0052,Low
2511-ALLCS,Female,No,Yes,Yes,35,Two year,24.3,0.0052,Low
7860-KSUGX,Male,No,Yes,No,72,Two year,64.45,0.0052,Low
7129-AZJDE,Male,No,Yes,Yes,34,One year,78.95,0.0052,Low
9705-IOVQQ,Male,Yes,Yes,Yes,61,One year,99.0,0.0051,Low
2256-YLYLP,Male,No,Yes,Yes,68,Two year,72.95,0.0051,Low
2027-DNKIV,Male,No,Yes,Yes,37,One year,58.75,0.0051,Low
3088-FVYWK,Male,No,Yes,Yes,53,Two year,25.55,0.0051,Low
9742-XOKTS,Male,No,Yes,Yes,67,One year,89.55,0.0051,Low
3470-OBUET,Female,No,Yes,Yes,67,Two year,74.0,0.0051,Low
6693-DJWTY,Female,No,No,Yes,35,One year,55.6,0.0051,Low
4451-RWASJ,Male,No,Yes,Yes,15,One year,19.5,0.0051,Low
4644-OBGFZ,Male,No,Yes,Yes,55,One year,19.5,0.0051,Low
5198-HQAEN,Male,No,Yes,Yes,35,One year,89.7,0.0051,Low
5315-CKEQK,Male,Yes,Yes,Yes,28,One year,51.0,0.0051,Low
7432-FFVAR,Female,No,Yes,Yes,46,One year,90.95,0.005,Low
4291-YZODP,Female,No,No,Yes,7,One year,20.05,0.005,Low
2167-FQSTQ,Female,No,Yes,No,72,Two year,92.4,0.005,Low
2808-CHTDM,Female,No,Yes,Yes,23,Two year,25.1,0.005,Low
5183-KLYEM,Female,No,No,No,72,Two year,112.75,0.005,Low
6736-DHUQI,Female,No,Yes,Yes,67,One year,84.8,0.005,Low
4973-MGTON,Female,No,Yes,No,71,Two year,84.4,0.005,Low
7564-GHCVB,Female,No,Yes,No,72,Two year,79.05,0.005,Low
7550-WIQVA,Male,No,Yes,Yes,50,One year,108.25,0.005,Low
1069-QJOEE,Male,No,Yes,Yes,25,One year,19.9,0.0049,Low
1015-JPFYW,Male,No,No,Yes,7,One year,19.45,0.0049,Low
5811-IWXYM,Female,No,Yes,Yes,52,One year,101.25,0.0049,Low
0960-HUWBM,Male,No,Yes,Yes,65,Two year,104.1,0.0049,Low
7816-VGHTO,Female,No,Yes,Yes,6,Two year,40.55,0.0049,Low
7758-UJWYS,Male,No,Yes,Yes,34,Two year,40.55,0.0049,Low
7301-ABVAD,Female,No,No,No,72,Two year,86.6,0.0049,Low
1591-XWLGB,Female,No,Yes,No,71,Two year,19.85,0.0049,Low
9715-SBVSU,Male,No,Yes,Yes,14,Two year,61.4,0.0049,Low
4000-VGMQP,Male,No,Yes,Yes,38,One year,78.95,0.0049,Low
3523-BRGUW,Male,Yes,No,No,26,One year,19.3,0.0049,Low
0895-LNKRC,Male,No,Yes,Yes,6,One year,19.45,0.0049,Low
3315-IKYZQ,Male,No,Yes,Yes,28,One year,50.8,0.0048,Low
1333-PBMXB,Female,No,Yes,Yes,54,One year,24.75,0.0048,Low
5578-NKCXI,Female,No,Yes,Yes,58,One year,99.25,0.0048,Low
4323-ELYYB,Male,No,Yes,Yes,13,One year,20.0,0.0048,Low
4378-MYPGO,Male,No,Yes,Yes,68,Two year,105.25,0.0048,Low
8338-QIUNR,Male,No,Yes,No,72,Two year,66.5,0.0048,Low
3258-ZKPAI,Male,No,Yes,Yes,72,Two year,116.6,0.0047,Low
6508-NJYRO,Male,No,Yes,No,15,One year,18.8,0.0047,Low
7340-KEFQE,Female,No,Yes,Yes,51,Two year,34.2,0.0047,Low
0378-CJKPV,Female,No,Yes,No,72,Two year,112.1,0.0047,Low
2877-VDUER,Female,No,Yes,Yes,35,One year,40.9,0.0047,Low
7153-CHRBV,Female,No,Yes,Yes,57,One year,59.3,0.0047,Low
3283-WCWXT,Male,No,Yes,Yes,6,Two year,25.4,0.0047,Low
0298-XACET,Male,No,Yes,Yes,52,Two year,50.2,0.0047,Low
7173-TETGO,Female,Yes,Yes,No,72,Two year,78.5,0.0047,Low
2169-RRLFW,Female,No,Yes,No,71,Two year,25.6,0.0047,Low
9108-EQPNQ,Female,No,Yes,Yes,10,Two year,26.1,0.0047,Low
5248-YGIJN,Male,No,Yes,No,72,Two year,90.25,0.0047,Low
9675-ICXCT,Male,No,Yes,No,72,Two year,80.8,0.0047,Low
2418-TPEUN,Female,No,Yes,Yes,56,Two year,19.8,0.0047,Low
5939-SXWHM,Male,No,Yes,Yes,48,Two year,26.3,0.0047,Low
6072-NUQCB,Male,No,Yes,Yes,22,One year,20.25,0.0047,Low
3026-ATZYV,Female,No,Yes,Yes,37,One year,75.1,0.0046,Low
5743-KHMNA,Male,No,No,No,71,Two year,25.55,0.0046,Low
6348-SNFUS,Male,No,Yes,No,72,Two year,55.45,0.0046,Low
4652-ODEVH,Male,No,Yes,Yes,45,Two year,24.45,0.0046,Low
0679-TDGAK,Male,No,Yes,Yes,50,One year,75.5,0.0046,Low
2862-JVEOY,Male,No,No,No,6,One year,19.15,0.0046,Low
2961-VNFKL,Female,No,Yes,No,71,Two year,25.95,0.0046,Low
6546-OPBBH,Male,No,Yes,Yes,51,One year,23.95,0.0046,Low
3387-PLKUI,Female,No,Yes,Yes,13,Month-to-month,18.8,0.0046,Low
2606-PKWJB,Male,No,No,Yes,40,One year,40.25,0.0045,Low
1635-NZATJ,Male,Yes,Yes,No,71,Two year,25.45,0.0045,Low
3460-TJBWI,Male,No,Yes,Yes,24,Two year,24.2,0.0045,Low
4534-WGCIR,Female,No,Yes,Yes,58,Two year,25.15,0.0045,Low
3566-CAAYU,Female,No,Yes,Yes,64,Two year,49.85,0.0045,Low
7607-QKKTJ,Male,No,Yes,Yes,45,One year,95.0,0.0045,Low
1272-ILHFG,Male,No,Yes,Yes,15,One year,19.65,0.0045,Low
7452-FOLON,Male,No,No,Yes,39,One year,25.45,0.0045,Low
9778-OGKQZ,Male,No,Yes,No,72,Two year,92.0,0.0045,Low
2469-DTSGX,Female,Yes,No,No,72,Two year,111.65,0.0045,Low
2208-NKVVH,Male,No,Yes,Yes,43,Two year,24.25,0.0045,Low
9531-NSBMR,Female,No,No,No,36,One year,19.25,0.0045,Low
8216-AZUUZ,Female,No,Yes,Yes,42,Two year,100.4,0.0045,Low
6445-TNRXS,Male,No,Yes,Yes,68,Two year,114.7,0.0045,Low
4868-AADLV,Male,Yes,Yes,Yes,66,One year,116.25,0.0045,Low
1017-FBQMM,Female,No,Yes,Yes,62,One year,106.05,0.0045,Low
6993-YCOBK,Male,No,Yes,Yes,60,Two year,110.6,0.0045,Low
0164-APGRB,Female,No,No,No,72,Two year,114.9,0.0044,Low
8966-KZXXA,Male,No,Yes,Yes,36,Two year,25.1,0.0044,Low
1248-DYXUB,Male,No,Yes,Yes,52,Two year,24.8,0.0044,Low
5968-HYJRZ,Male,No,Yes,Yes,47,Two year,24.55,0.0044,Low
6016-NXBNJ,Male,No,No,No,35,One year,19.15,0.0044,Low
5338-YHWYT,Male,No,No,Yes,37,Two year,61.45,0.0044,Low
6609-MXJHJ,Female,No,Yes,Yes,30,Two year,25.1,0.0044,Low
8748-HFWBO,Male,No,Yes,Yes,19,One year,19.9,0.0044,Low
1930-QPBVZ,Male,No,Yes,Yes,68,Two year,95.1,0.0044,Low
6770-UAYGJ,Female,No,Yes,Yes,49,Two year,25.25,0.0044,Low
5696-CEIQJ,Male,No,Yes,Yes,67,Two year,103.15,0.0044,Low
0626-QXNGV,Female,No,Yes,No,72,Two year,24.15,0.0044,Low
2908-WGAXL,Female,No,Yes,Yes,56,Two year,24.95,0.0044,Low
1834-ABKHQ,Female,No,Yes,Yes,52,One year,50.95,0.0044,Low
2481-SBOYW,Female,No,No,Yes,61,Two year,25.0,0.0044,Low
8532-UEFWH,Male,No,Yes,Yes,52,Two year,25.75,0.0044,Low
1951-IEYXM,Male,No,Yes,No,72,Two year,90.6,0.0044,Low
9500-IWPXQ,Female,No,Yes,Yes,61,One year,79.4,0.0043,Low
5014-WUQMG,Male,No,Yes,Yes,47,One year,96.1,0.0043,Low
0620-XEFWH,Male,No,Yes,Yes,4,Month-to-month,18.85,0.0043,Low
9867-XOBQA,Female,No,No,Yes,21,Two year,53.15,0.0043,Low
4707-YNOQA,Female,No,Yes,Yes,34,One year,25.6,0.0043,Low
9046-JBFWA,Male,No,No,Yes,27,Month-to-month,19.15,0.0043,Low
3363-DTIVD,Male,No,Yes,Yes,71,Two year,105.55,0.0043,Low
5975-BAICR,Male,No,Yes,Yes,36,One year,63.7,0.0043,Low
5696-JVVQY,Female,No,Yes,Yes,48,Two year,70.1,0.0043,Low
7781-EWARA,Male,No,Yes,Yes,70,One year,60.35,0.0043,Low
4632-PAOYU,Male,No,Yes,Yes,22,One year,19.95,0.0043,Low
9801-NOSHQ,Male,No,No,Yes,23,One year,19.8,0.0043,Low
4057-FKCZK,Male,No,Yes,Yes,58,Two year,82.5,0.0043,Low
1131-SUEKT,Male,No,Yes,Yes,61,One year,98.45,0.0043,Low
4779-ZGICK,Male,No,Yes,Yes,48,Two year,23.55,0.0042,Low
5980-BDHPY,Male,No,Yes,No,72,Two year,87.1,0.0042,Low
5997-OPVFA,Male,No,Yes,No,72,Two year,89.05,0.0042,Low
0307-BCOPK,Female,No,No,No,16,One year,19.05,0.0042,Low
5566-SOEZD,Male,No,Yes,Yes,27,One year,80.65,0.0042,Low
1335-MXCSE,Male,No,Yes,Yes,55,Two year,55.25,0.0042,Low
8454-AATJP,Female,No,No,No,72,Two year,115.05,0.0042,Low
8626-XHBIE,Male,No,No,Yes,56,Two year,24.8,0.0042,Low
9702-AIUJO,Male,No,Yes,Yes,50,One year,44.8,0.0042,Low
8809-XKHMD,Male,No,Yes,No,72,Two year,100.55,0.0042,Low
5296-PSYVW,Female,No,Yes,No,72,Two year,24.55,0.0041,Low
4851-BQDNX,Male,No,Yes,Yes,40,One year,85.05,0.0041,Low
2516-XSJKX,Female,No,Yes,Yes,41,Two year,78.45,0.0041,Low
5498-IBWPI,Female,No,Yes,Yes,66,One year,49.4,0.0041,Low
4967-WPNCF,Male,No,No,No,72,Two year,63.7,0.0041,Low
7602-DBTOU,Female,No,Yes,No,71,Two year,19.6,0.0041,Low
2703-AMTUL,Male,No,Yes,Yes,36,One year,53.65,0.0041,Low
5709-LVOEQ,Female,No,Yes,No,0,Two year,80.85,0.0041,Low
1207-BLKSA,Female,No,Yes,Yes,52,Two year,23.05,0.0041,Low
6701-YVNQG,Male,No,Yes,No,72,Two year,88.7,0.0041,Low
5266-PFRQK,Male,No,Yes,Yes,52,One year,20.85,0.0041,Low
8961-QDZZJ,Female,No,Yes,Yes,57,One year,95.0,0.0041,Low
6229-UOLQL,Male,No,Yes,Yes,56,One year,52.0,0.0041,Low
3795-CAWEX,Male,No,Yes,Yes,70,Two year,116.55,0.0041,Low
9715-WZCLW,Male,No,Yes,Yes,71,Two year,97.2,0.0041,Low
8125-QPFJD,Female,No,Yes,No,72,Two year,84.9,0.0041,Low
0530-IJVDB,Male,No,No,Yes,70,Two year,114.6,0.0041,Low
7190-XHTWJ,Female,No,No,No,38,One year,19.3,0.0041,Low
4526-RMTLL,Male,No,Yes,Yes,8,Two year,76.15,0.004,Low
9650-VBUOG,Male,No,Yes,Yes,38,Two year,25.05,0.004,Low
2885-HIJDH,Male,No,Yes,Yes,69,Two year,86.9,0.004,Low
7665-NKLAV,Female,No,Yes,Yes,36,Two year,40.65,0.004,Low
5306-BVTKJ,Male,No,Yes,Yes,48,One year,55.8,0.004,Low
5583-EJXRD,Male,No,Yes,Yes,44,Two year,54.05,0.004,Low
8561-NMTBD,Female,No,Yes,Yes,67,One year,112.35,0.004,Low
8845-LWKGE,Female,No,Yes,Yes,30,One year,64.5,0.004,Low
6332-FBZRI,Male,No,Yes,Yes,67,One year,69.35,0.004,Low
8398-TBIYD,Female,No,No,No,72,Two year,84.7,0.004,Low
9174-IHETN,Female,No,No,Yes,50,Two year,70.35,0.004,Low
1099-GODLO,Female,No,Yes,Yes,1,Two year,20.35,0.004,Low
4184-VODJZ,Male,No,Yes,Yes,63,One year,91.35,0.004,Low
0323-XWWTN,Male,No,No,Yes,3,Two year,26.4,0.004,Low
3612-YUNGG,Male,No,Yes,Yes,64,Two year,109.2,0.004,Low
0804-YGEQV,Female,No,Yes,Yes,43,One year,24.45,0.004,Low
6556-DBKZF,Female,No,Yes,Yes,71,Two year,76.05,0.004,Low
3275-RHRNE,Male,No,Yes,Yes,28,One year,60.0,0.004,Low
6434-TTGJP,Male,No,Yes,Yes,10,Two year,53.7,0.0039,Low
0967-BMLBD,Female,No,Yes,Yes,11,One year,20.0,0.0039,Low
3777-XROBG,Female,No,Yes,Yes,58,Two year,19.55,0.0039,Low
6527-PZFPV,Male,No,Yes,Yes,24,One year,20.8,0.0039,Low
7998-WNZEM,Male,No,No,No,71,Two year,80.6,0.0039,Low
3219-JQRSL,Female,Yes,Yes,No,72,Two year,89.1,0.0039,Low
6427-FEFIG,Female,No,Yes,Yes,24,Two year,78.6,0.0039,Low
8857-CUPFQ,Male,No,Yes,No,63,Two year,19.25,0.0039,Low
7632-YUTXB,Female,No,Yes,Yes,25,One year,20.05,0.0039,Low
8908-NMQTX,Male,No,No,No,72,Two year,65.6,0.0039,Low
1716-LSAMB,Male,No,Yes,Yes,45,Two year,54.65,0.0039,Low
5788-YPOEG,Female,No,Yes,Yes,34,Two year,84.75,0.0039,Low
7503-MIOGA,Female,Yes,Yes,No,72,Two year,89.85,0.0039,Low
9470-RTWDV,Male,No,Yes,Yes,26,One year,82.0,0.0039,Low
5153-LXKDT,Male,No,Yes,Yes,68,Two year,110.2,0.0039,Low
3967-KXAPS,Male,No,Yes,No,72,Two year,92.3,0.0039,Low
5158-RIVOP,Female,No,Yes,Yes,11,Two year,20.9,0.0039,Low
8711-LOBKY,Male,No,Yes,Yes,59,Two year,19.85,0.0039,Low
0269-XFESX,Male,No,Yes,Yes,23,One year,24.35,0.0038,Low
2263-SFSQZ,Male,No,Yes,Yes,51,Two year,24.95,0.0038,Low
2452-MRMZF,Female,Yes,Yes,No,72,Two year,25.7,0.0038,Low
6584-VQMYT,Male,No,No,Yes,27,One year,56.2,0.0038,Low
7973-DZRKH,Female,No,No,Yes,66,Two year,90.95,0.0038,Low
1090-PYKCI,Female,No,Yes,Yes,69,One year,105.1,0.0038,Low
0661-KBKPA,Male,No,Yes,Yes,53,One year,78.75,0.0038,Low
3571-DPYUH,Male,No,Yes,Yes,58,One year,94.7,0.0038,Low
3472-QPRCH,Male,No,Yes,Yes,40,Two year,25.25,0.0038,Low
6244-BESBM,Male,No,Yes,Yes,69,Two year,95.2,0.0038,Low
8218-FFJDS,Female,No,Yes,No,72,Two year,86.4,0.0038,Low
0757-WCUUZ,Male,No,Yes,Yes,54,Two year,63.35,0.0038,Low
7369-TRPFD,Male,No,No,No,19,One year,18.8,0.0038,Low
1431-CYWMH,Female,No,Yes,Yes,22,Month-to-month,19.05,0.0037,Low
1814-WFGVS,Male,No,Yes,Yes,72,Two year,48.9,0.0037,Low
5803-NQJZO,Male,No,Yes,No,72,Two year,67.8,0.0037,Low
3724-BSCVH,Male,No,Yes,Yes,10,One year,20.45,0.0037,Low
3704-IEAXF,Female,No,Yes,Yes,72,Two year,53.65,0.0037,Low
8883-ANODQ,Female,No,Yes,Yes,68,Two year,84.4,0.0037,Low
3146-MSEGF,Female,Yes,Yes,No,72,Two year,88.05,0.0037,Low
5073-RZGBK,Female,No,Yes,Yes,50,One year,80.05,0.0037,Low
6828-HMKWP,Male,No,Yes,Yes,12,Two year,21.05,0.0037,Low
1813-JYWTO,Female,No,Yes,No,72,Two year,80.45,0.0037,Low
9938-TKDGL,Male,No,Yes,Yes,68,Two year,99.55,0.0037,Low
2205-LPVGL,Male,Yes,Yes,Yes,58,One year,89.85,0.0037,Low
4423-JWZJN,Male,No,Yes,Yes,64,One year,90.25,0.0037,Low
9500-WBGRP,Male,No,No,No,69,Two year,19.1,0.0037,Low
8661-BOYNW,Female,No,Yes,No,72,Two year,84.4,0.0037,Low
1830-IPXVJ,Female,No,Yes,Yes,61,Two year,19.75,0.0037,Low
5605-XNWEN,Male,Yes,Yes,No,72,Two year,25.0,0.0036,Low
3580-GICBM,Female,No,Yes,Yes,61,Two year,24.2,0.0036,Low
4632-XJMEX,Male,No,No,Yes,53,One year,62.85,0.0036,Low
3398-GCPMU,Female,Yes,Yes,No,72,Two year,89.55,0.0036,Low
1982-FEBTD,Female,No,Yes,Yes,23,Two year,25.6,0.0036,Low
5161-UBZXI,Male,No,Yes,Yes,69,Two year,106.35,0.0036,Low
2162-FRZAA,Male,No,Yes,Yes,63,Two year,39.35,0.0036,Low
9625-QNLUX,Male,No,Yes,Yes,68,Two year,103.25,0.0036,Low
9717-IOAAF,Male,No,No,Yes,27,Two year,25.85,0.0036,Low
8433-WPJTV,Female,Yes,Yes,Yes,65,One year,103.9,0.0036,Low
6265-SXWBU,Male,No,Yes,Yes,69,One year,95.75,0.0036,Low
4086-ATNFV,Female,No,Yes,Yes,34,One year,60.8,0.0036,Low
5312-IRCFR,Female,No,Yes,Yes,64,One year,92.85,0.0036,Low
4877-TSOFF,Female,No,Yes,Yes,55,One year,75.75,0.0036,Low
0621-CXBKL,Female,No,No,No,53,Two year,18.7,0.0036,Low
5681-LLOEI,Male,No,Yes,Yes,43,One year,91.25,0.0036,Low
1545-ACTAS,Female,No,Yes,Yes,48,One year,99.7,0.0036,Low
4573-JKNAE,Male,No,No,Yes,12,Two year,19.35,0.0036,Low
2226-ICFDO,Female,No,Yes,No,72,Two year,85.9,0.0036,Low
5397-NSKQG,Male,No,Yes,Yes,67,Two year,50.9,0.0035,Low
6762-QVYJO,Female,No,Yes,Yes,58,Two year,59.75,0.0035,Low
7321-ZNSLA,Male,No,Yes,Yes,13,Two year,40.55,0.0035,Low
0266-CLZKZ,Female,No,Yes,Yes,67,Two year,105.65,0.0035,Low
5346-BZCHP,Female,No,Yes,Yes,69,Two year,19.4,0.0035,Low
3507-GASNP,Male,No,No,Yes,60,Two year,19.95,0.0035,Low
5473-KHBPS,Female,No,Yes,Yes,52,One year,95.7,0.0035,Low
3308-DGHKL,Male,No,No,No,69,Two year,19.3,0.0035,Low
3352-RICWQ,Female,No,Yes,Yes,9,Two year,19.75,0.0035,Low
4355-CVPVS,Female,No,Yes,Yes,56,One year,88.9,0.0035,Low
2266-FUBDZ,Male,No,Yes,Yes,15,Two year,19.35,0.0035,Low
2251-PYLPB,Male,No,Yes,No,72,Two year,79.55,0.0035,Low
2235-EZAIK,Female,No,Yes,No,72,Two year,79.2,0.0035,Low
8565-WUXZU,Male,Yes,Yes,No,72,Two year,84.8,0.0035,Low
4163-HFTUK,Male,No,No,No,51,One year,19.1,0.0035,Low
0580-PIQHM,Female,No,Yes,Yes,41,One year,101.6,0.0035,Low
1399-OUPJN,Female,No,Yes,Yes,57,Two year,19.75,0.0035,Low
9402-ROUMJ,Female,No,Yes,Yes,67,One year,100.25,0.0034,Low
1534-OULXE,Female,No,Yes,Yes,61,One year,49.7,0.0034,Low
4994-OBRSZ,Male,No,No,Yes,14,Two year,76.1,0.0034,Low
2830-LEWOA,Male,No,Yes,Yes,61,One year,103.9,0.0034,Low
2892-GESUL,Female,No,Yes,Yes,18,Two year,19.35,0.0034,Low
8571-ZCMCX,Female,No,Yes,Yes,47,Two year,60.0,0.0034,Low
3253-HKOKL,Female,No,Yes,Yes,52,One year,100.3,0.0034,Low
9086-YJYXS,Male,No,Yes,Yes,34,One year,77.2,0.0034,Low
9695-IDRZR,Female,No,No,Yes,34,Two year,116.15,0.0034,Low
3129-AAQOU,Female,No,Yes,Yes,19,Two year,25.6,0.0034,Low
3938-YFPXD,Male,No,No,No,72,Two year,84.3,0.0034,Low
5825-XJOCM,Male,No,No,Yes,48,One year,64.4,0.0034,Low
3882-IYOIJ,Female,No,Yes,Yes,60,Two year,115.25,0.0034,Low
2007-QVGAW,Female,No,Yes,Yes,68,Two year,19.35,0.0034,Low
8917-SZTTJ,Male,No,Yes,Yes,60,Two year,19.65,0.0034,Low
5446-DKWYW,Female,Yes,Yes,Yes,61,One year,65.2,0.0033,Low
4723-BEGSG,Male,No,Yes,No,72,Two year,86.65,0.0033,Low
5840-NVDCG,Female,No,Yes,Yes,16,Two year,68.25,0.0033,Low
1227-UDMZR,Female,No,Yes,No,72,Two year,91.15,0.0033,Low
8197-BFWVU,Female,No,Yes,No,72,Two year,93.25,0.0033,Low
0040-HALCW,Male,No,Yes,Yes,54,Two year,20.4,0.0033,Low
5879-HMFFH,Female,No,Yes,No,72,Two year,88.05,0.0033,Low
8314-HTWVE,Female,No,Yes,Yes,7,Two year,19.85,0.0033,Low
2599-CIPQE,Male,No,Yes,Yes,71,Two year,109.3,0.0033,Low
0036-IHMOT,Female,No,Yes,Yes,55,One year,103.7,0.0033,Low
3870-SPZSI,Female,No,Yes,Yes,70,Two year,113.05,0.0033,Low
8755-OGKNA,Female,No,Yes,Yes,57,Two year,19.5,0.0033,Low
0973-KYVNF,Female,No,Yes,No,72,Two year,70.65,0.0033,Low
4816-OKWNX,Male,No,Yes,Yes,50,One year,103.4,0.0033,Low
8947-YRTDV,Male,No,Yes,Yes,32,One year,94.8,0.0033,Low
2495-TTHBQ,Female,No,No,Yes,4,One year,20.4,0.0033,Low
1494-EJZDW,Female,No,Yes,Yes,10,Two year,20.15,0.0033,Low
0795-XCCTE,Male,Yes,No,No,72,Two year,25.4,0.0033,Low
6115-ZTBFQ,Female,No,Yes,No,72,Two year,65.5,0.0033,Low
4827-LTQRJ,Female,Yes,Yes,Yes,66,One year,110.6,0.0033,Low
7606-BPHHN,Male,No,No,No,72,Two year,19.8,0.0033,Low
2137-DQMEV,Male,No,Yes,Yes,68,One year,44.8,0.0033,Low
8514-VZHEB,Male,No,Yes,Yes,59,Two year,19.5,0.0032,Low
2429-AYKKO,Male,No,No,No,72,Two year,19.85,0.0032,Low
2587-YNLES,Female,No,Yes,Yes,6,Two year,20.1,0.0032,Low
6917-FIJHC,Female,No,Yes,No,72,Two year,26.0,0.0032,Low
8097-OMULG,Male,No,Yes,Yes,59,One year,76.75,0.0032,Low
9978-HYCIN,Male,Yes,Yes,Yes,47,One year,84.95,0.0032,Low
4962-CHQPW,Male,No,No,Yes,29,One year,19.85,0.0032,Low
1971-DTCZB,Female,No,Yes,No,72,Two year,90.95,0.0032,Low
0401-WDBXM,Male,No,Yes,Yes,72,Two year,105.55,0.0032,Low
8690-UPCZI,Male,No,Yes,Yes,29,One year,69.05,0.0032,Low
7408-OFWXJ,Female,No,Yes,No,72,Two year,89.8,0.0032,Low
0862-PRCBS,Female,No,Yes,Yes,68,Two year,103.75,0.0032,Low
5622-UEJFI,Female,No,Yes,Yes,35,Two year,25.4,0.0032,Low
3978-YNKDD,Male,No,No,Yes,19,Two year,20.85,0.0032,Low
4636-TVXVG,Male,No,Yes,Yes,62,One year,19.95,0.0032,Low
7017-VFHAY,Female,No,Yes,Yes,61,Two year,115.1,0.0032,Low
6867-ACCZI,Female,No,Yes,Yes,24,Two year,52.5,0.0032,Low
8874-EJNSR,Male,No,Yes,Yes,39,Two year,25.2,0.0032,Low
1269-FOYWN,Male,No,Yes,Yes,44,One year,20.0,0.0032,Low
0980-FEXWF,Male,No,Yes,Yes,26,One year,50.35,0.0032,Low
0754-EEBDC,Male,No,Yes,Yes,4,Two year,19.9,0.0032,Low
3021-VLNRJ,Female,No,No,Yes,50,One year,70.8,0.0032,Low
1116-FRYVH,Female,No,Yes,Yes,48,Two year,39.4,0.0032,Low
1121-QSIVB,Female,No,No,Yes,44,One year,77.55,0.0032,Low
6892-BOGQE,Female,No,Yes,No,71,Two year,20.9,0.0032,Low
6616-AALSR,Female,No,Yes,Yes,65,Two year,104.3,0.0032,Low
7608-RGIRO,Male,No,No,Yes,62,Two year,24.4,0.0032,Low
8735-SDUFN,Female,Yes,Yes,No,72,Two year,24.3,0.0032,Low
7771-CFQRQ,Female,No,Yes,Yes,47,Two year,63.8,0.0032,Low
5887-IKKYO,Male,No,Yes,Yes,58,Two year,94.35,0.0032,Low
7695-PKLCZ,Female,No,No,No,68,Two year,20.5,0.0031,Low
1371-DWPAZ,Female,No,Yes,No,0,Two year,56.05,0.0031,Low
9391-LMANN,Male,No,No,Yes,53,One year,95.95,0.0031,Low
5996-EBTKM,Female,No,Yes,Yes,67,Two year,69.9,0.0031,Low
8336-TAVKX,Female,Yes,Yes,No,72,Two year,78.45,0.0031,Low
8194-PEEBY,Female,No,Yes,Yes,24,One year,19.9,0.0031,Low
0969-RGKCU,Male,No,Yes,Yes,37,One year,19.8,0.0031,Low
1832-PEUTS,Male,No,Yes,Yes,62,Two year,89.1,0.0031,Low
1266-NZYUI,Female,No,Yes,No,72,Two year,66.85,0.0031,Low
2498-XLDZR,Female,No,Yes,Yes,32,Two year,73.6,0.0031,Low
4854-SSLTN,Male,No,Yes,Yes,2,Two year,59.5,0.0031,Low
6242-SGYTS,Male,No,Yes,Yes,62,One year,94.95,0.0031,Low
8807-OPMBM,Female,No,Yes,Yes,55,Two year,25.65,0.0031,Low
7168-HDQHG,Female,No,Yes,Yes,36,Month-to-month,19.2,0.0031,Low
9065-ZCPQX,Male,No,Yes,No,72,Two year,78.85,0.0031,Low
9499-XPZXM,Female,No,Yes,No,72,Two year,64.75,0.0031,Low
0224-NIJLP,Male,No,Yes,Yes,8,Two year,20.15,0.0031,Low
1843-TLSGD,Female,No,Yes,Yes,13,Two year,20.85,0.003,Low
4836-WNFNO,Female,No,Yes,No,72,Two year,25.0,0.003,Low
8237-ULIXL,Female,No,Yes,No,72,Two year,24.85,0.003,Low
0064-SUDOG,Female,No,Yes,Yes,12,Two year,20.3,0.003,Low
7860-UXCRM,Male,No,Yes,Yes,63,Two year,74.5,0.003,Low
4896-CPRPF,Male,No,Yes,Yes,35,Two year,25.45,0.003,Low
1177-XZBJL,Male,No,Yes,Yes,53,One year,64.15,0.003,Low
4194-FJARJ,Female,No,Yes,Yes,54,Two year,60.0,0.003,Low
5781-BKHOP,Female,No,Yes,No,72,Two year,100.65,0.003,Low
0739-UUAJR,Female,No,Yes,Yes,72,Two year,53.8,0.003,Low
8050-XGRVL,Female,No,Yes,Yes,62,One year,54.75,0.003,Low
7971-HLVXI,Male,No,Yes,Yes,72,Two year,84.5,0.003,Low
4291-TPNFG,Male,No,Yes,No,72,Two year,82.3,0.003,Low
8780-IHCRN,Male,No,Yes,Yes,63,Two year,24.65,0.003,Low
4472-LVYGI,Female,No,Yes,No,0,Two year,52.55,0.003,Low
1757-TCATG,Male,No,Yes,Yes,35,One year,20.05,0.003,Low
8024-XNAFQ,Female,Yes,No,No,72,Two year,107.4,0.003,Low
7115-IRDHS,Female,No,Yes,No,72,Two year,24.65,0.0029,Low
8395-ETZKQ,Male,Yes,Yes,Yes,68,One year,19.5,0.0029,Low
4304-XUMGI,Male,Yes,Yes,Yes,50,Two year,75.15,0.0029,Low
8129-GMVGI,Female,No,Yes,Yes,56,Two year,20.05,0.0029,Low
3084-DOWLE,Female,No,Yes,No,72,Two year,92.0,0.0029,Low
9732-OUYRN,Female,No,Yes,No,49,One year,19.0,0.0029,Low
9067-SQTNS,Male,No,Yes,Yes,44,One year,20.6,0.0029,Low
9530-GRMJG,Male,No,Yes,Yes,70,Two year,84.1,0.0029,Low
5906-DVAPM,Female,No,Yes,Yes,55,One year,75.0,0.0029,Low
1897-RCFUM,Female,No,Yes,Yes,39,One year,24.2,0.0029,Low
8465-SBRXP,Male,No,Yes,Yes,38,Two year,94.9,0.0029,Low
8774-GSBUN,Male,No,Yes,No,72,Two year,25.4,0.0029,Low
7710-JSYOA,Female,No,Yes,Yes,69,Two year,93.3,0.0028,Low
9173-IVZVP,Female,No,Yes,Yes,53,Two year,20.9,0.0028,Low
0253-ZTEOB,Female,No,Yes,Yes,48,Two year,79.65,0.0028,Low
7711-YIJWC,Male,No,Yes,Yes,61,One year,84.9,0.0028,Low
5249-QYHEX,Female,No,Yes,Yes,40,Two year,24.8,0.0028,Low
8219-VYBVI,Male,No,No,Yes,39,Two year,25.0,0.0028,Low
8999-EXMNO,Female,No,Yes,Yes,19,Two year,20.15,0.0028,Low
4312-KFRXN,Male,No,Yes,No,72,Two year,25.4,0.0028,Low
0847-HGRML,Male,No,No,Yes,62,Two year,20.0,0.0028,Low
1401-FTHFQ,Male,No,Yes,Yes,23,One year,20.0,0.0028,Low
7696-AMHOD,Female,No,Yes,Yes,49,One year,78.0,0.0028,Low
7649-SIJJF,Male,No,Yes,No,71,Two year,80.1,0.0028,Low
9777-IQHWP,Male,No,Yes,Yes,64,Two year,93.4,0.0028,Low
2176-LVPNX,Female,Yes,No,No,71,Two year,89.85,0.0028,Low
2351-BKRZW,Female,No,Yes,Yes,43,Two year,75.2,0.0028,Low
7503-EPSZW,Female,No,Yes,Yes,64,Two year,24.05,0.0028,Low
2789-CZANW,Female,No,Yes,Yes,64,Two year,110.3,0.0028,Low
2346-LOCWC,Female,No,Yes,Yes,58,Two year,20.5,0.0028,Low
7940-UQQUG,Female,No,Yes,Yes,64,One year,104.4,0.0028,Low
8749-TZYEC,Male,No,Yes,No,72,Two year,24.8,0.0027,Low
3359-DSRKA,Female,No,Yes,Yes,58,Two year,19.85,0.0027,Low
2650-GYRYL,Male,No,Yes,Yes,33,One year,19.45,0.0027,Low
0336-PIKEI,Male,Yes,Yes,No,72,Two year,74.4,0.0027,Low
6199-IPCAO,Female,No,Yes,Yes,29,Two year,26.1,0.0027,Low
5197-PYEPU,Female,No,Yes,Yes,42,One year,94.45,0.0027,Low
5377-NDTOU,Female,No,Yes,No,71,Two year,91.05,0.0027,Low
3486-HOOGQ,Female,No,Yes,Yes,70,Two year,79.7,0.0027,Low
5849-ASHZJ,Male,No,No,Yes,27,One year,20.05,0.0027,Low
5322-ZSMZY,Male,No,Yes,Yes,31,Two year,25.75,0.0027,Low
1488-PBLJN,Female,No,Yes,Yes,72,Two year,116.85,0.0027,Low
7569-NMZYQ,Female,No,Yes,Yes,72,Two year,118.75,0.0027,Low
8727-JQFHV,Male,No,Yes,Yes,57,Two year,20.75,0.0027,Low
5150-LJNSR,Male,No,Yes,Yes,31,One year,98.05,0.0027,Low
1834-WULEG,Male,No,Yes,Yes,24,One year,20.25,0.0027,Low
0485-ZBSLN,Male,No,Yes,Yes,65,Two year,24.75,0.0027,Low
4079-WWQQQ,Male,No,No,No,72,Two year,65.55,0.0027,Low
2197-OMWGI,Female,Yes,Yes,Yes,68,Two year,53.0,0.0027,Low
6848-YLDFR,Male,No,Yes,Yes,58,One year,75.2,0.0026,Low
4114-QMKVN,Female,No,Yes,Yes,56,One year,68.75,0.0026,Low
3082-YVEKW,Female,No,Yes,Yes,23,Two year,77.15,0.0026,Low
6013-BHCAW,Male,No,Yes,Yes,61,Two year,81.0,0.0026,Low
5751-USDBL,Male,No,Yes,Yes,46,Two year,81.0,0.0026,Low
2729-VNVAP,Female,No,Yes,Yes,33,Two year,19.8,0.0026,Low
6723-CEGQI,Female,No,No,Yes,65,Two year,45.25,0.0026,Low
8645-KOMJQ,Male,No,Yes,Yes,69,Two year,81.95,0.0026,Low
9371-BITHB,Female,No,Yes,Yes,52,Two year,19.85,0.0026,Low
8946-BFWSG,Male,No,Yes,Yes,63,Two year,25.25,0.0026,Low
5799-JRCZO,Female,No,No,Yes,63,Two year,19.5,0.0026,Low
3950-VPYJB,Male,No,Yes,Yes,57,One year,59.6,0.0026,Low
6582-PLFUU,Male,No,Yes,Yes,51,Two year,19.55,0.0026,Low
6696-YDAYZ,Male,No,Yes,Yes,16,Two year,20.5,0.0026,Low
2138-VFAPZ,Female,No,Yes,Yes,14,Two year,19.7,0.0026,Low
7328-ZJAJO,Female,No,Yes,Yes,59,Two year,19.5,0.0026,Low
4293-ETKAP,Female,No,Yes,Yes,65,Two year,79.4,0.0026,Low
3071-MVJCD,Male,No,Yes,No,72,Two year,82.3,0.0026,Low
0508-SQWPL,Female,No,Yes,Yes,57,Two year,20.1,0.0026,Low
3392-EHMNK,Female,No,Yes,Yes,67,Two year,94.1,0.0025,Low
6425-JWTDV,Male,No,Yes,No,48,Two year,19.25,0.0025,Low
5982-PSMKW,Female,No,Yes,Yes,23,Two year,91.1,0.0025,Low
7096-ZNBZI,Female,No,Yes,No,72,Two year,26.45,0.0025,Low
5177-RVZNU,Female,No,No,Yes,37,One year,20.3,0.0025,Low
0394-YONDK,Male,No,Yes,Yes,70,Two year,25.15,0.0025,Low
6087-YPWHO,Male,No,Yes,No,72,Two year,68.15,0.0025,Low
7037-MTYVW,Male,No,Yes,Yes,38,Two year,85.4,0.0025,Low
3850-OKINF,Male,No,Yes,Yes,71,One year,66.2,0.0025,Low
2404-JIBFC,Female,No,Yes,Yes,55,Two year,85.1,0.0025,Low
1468-DEFNC,Male,Yes,Yes,Yes,64,Two year,24.4,0.0025,Low
4992-LTJNE,Male,No,Yes,No,72,Two year,55.3,0.0025,Low
1299-AURJA,Female,No,Yes,Yes,70,Two year,24.7,0.0025,Low
6734-PSBAW,Male,No,Yes,No,72,Two year,23.55,0.0025,Low
1303-SRDOK,Female,No,Yes,Yes,55,Two year,69.05,0.0025,Low
7634-HLQJR,Female,No,Yes,Yes,47,Two year,20.05,0.0025,Low
5598-IKHQQ,Female,No,No,No,72,Two year,25.45,0.0025,Low
1960-UOTYM,Male,No,Yes,Yes,52,Two year,79.2,0.0025,Low
7696-CFTAT,Male,No,Yes,Yes,37,Two year,19.8,0.0025,Low
8092-NLTGF,Male,No,No,No,72,Two year,24.75,0.0025,Low
5214-NLTIT,Male,No,Yes,Yes,72,Two year,90.8,0.0025,Low
8873-TMKGR,Male,No,No,No,29,One year,19.1,0.0024,Low
9055-MOJJJ,Female,No,Yes,Yes,64,One year,65.8,0.0024,Low
8882-TLVRW,Male,No,Yes,Yes,69,Two year,39.1,0.0024,Low
1998-VHJHK,Female,No,No,No,27,One year,19.15,0.0024,Low
4295-YURET,Female,Yes,Yes,Yes,56,Two year,72.6,0.0024,Low
4616-ULAOA,Female,No,Yes,Yes,65,Two year,110.8,0.0024,Low
2229-DPMBI,Female,No,Yes,Yes,8,Two year,19.5,0.0024,Low
9220-CXRSC,Female,No,Yes,Yes,69,Two year,61.4,0.0024,Low
1088-AUUZZ,Male,No,Yes,Yes,56,Two year,75.85,0.0024,Low
8067-NIOYM,Female,No,Yes,Yes,24,Two year,21.1,0.0024,Low
2211-RMNHO,Female,No,Yes,Yes,68,Two year,85.3,0.0024,Low
7216-KAOID,Male,No,Yes,Yes,41,One year,19.5,0.0024,Low
5057-RKGLH,Female,No,Yes,Yes,9,Two year,20.35,0.0024,Low
5135-RDDQL,Female,No,Yes,Yes,63,Two year,50.65,0.0024,Low
2819-GWENI,Female,No,Yes,Yes,28,One year,19.9,0.0024,Low
0019-EFAEP,Female,No,No,No,72,Two year,101.3,0.0024,Low
1699-TLDLZ,Female,No,Yes,Yes,16,Two year,19.7,0.0023,Low
4231-LZUYM,Female,No,Yes,No,72,Two year,25.65,0.0023,Low
2878-DHMIN,Male,No,Yes,Yes,35,One year,19.9,0.0023,Low
8480-PPONV,Male,No,Yes,Yes,62,Two year,115.55,0.0023,Low
6963-KQYQB,Female,No,Yes,Yes,70,Two year,24.05,0.0023,Low
3745-HRPHI,Male,No,Yes,Yes,66,Two year,54.65,0.0023,Low
1852-QSWCD,Male,No,Yes,Yes,64,Two year,24.8,0.0023,Low
7647-GYYKX,Female,No,Yes,Yes,54,Two year,20.35,0.0023,Low
3457-PQBYH,Female,No,Yes,Yes,58,Two year,20.3,0.0023,Low
4335-UPJSI,Female,No,No,Yes,24,Two year,19.75,0.0023,Low
6950-TWMYB,Male,No,Yes,Yes,54,Two year,79.95,0.0023,Low
6621-NRZAK,Female,No,Yes,Yes,63,Two year,20.0,0.0023,Low
5457-COLHT,Male,No,Yes,Yes,69,Two year,80.65,0.0023,Low
4707-MAXGU,Male,No,Yes,No,72,Two year,25.85,0.0023,Low
2509-TFPJU,Male,No,Yes,No,72,Two year,25.75,0.0023,Low
7337-CINUD,Female,No,Yes,Yes,8,Two year,19.5,0.0023,Low
2580-ATZSQ,Female,No,Yes,Yes,65,One year,61.35,0.0023,Low
2888-ADFAO,Female,No,Yes,Yes,47,Two year,21.3,0.0023,Low
3889-VWBID,Male,No,Yes,Yes,68,Two year,82.85,0.0023,Low
5647-URDKA,Male,No,Yes,Yes,8,Two year,19.7,0.0023,Low
8821-KVZKQ,Female,No,Yes,Yes,70,One year,58.4,0.0023,Low
6923-AQONU,Male,No,Yes,Yes,23,Two year,20.9,0.0022,Low
9503-XJUME,Male,No,No,Yes,52,One year,19.65,0.0022,Low
0277-ORXQS,Male,No,Yes,Yes,66,Two year,50.55,0.0022,Low
6050-IJRHS,Female,No,Yes,Yes,70,One year,106.5,0.0022,Low
8259-DZLIZ,Female,No,Yes,Yes,64,One year,53.85,0.0022,Low
4578-PHJYZ,Male,No,Yes,Yes,52,One year,68.75,0.0022,Low
0854-UYHZD,Female,No,Yes,Yes,13,Two year,19.55,0.0022,Low
2405-LBMUW,Female,No,Yes,Yes,61,One year,50.7,0.0022,Low
6122-LJADA,Male,No,Yes,Yes,70,Two year,90.15,0.0022,Low
1776-SPBWV,Female,No,Yes,Yes,34,One year,20.1,0.0022,Low
3810-DVDQQ,Female,No,Yes,Yes,72,Two year,117.6,0.0022,Low
5181-OABFK,Female,No,Yes,Yes,56,Two year,61.3,0.0022,Low
3096-WPXBT,Female,No,Yes,Yes,61,One year,100.7,0.0022,Low
3572-UUHRS,Male,No,No,No,45,One year,18.85,0.0022,Low
8510-TMWYB,Female,No,Yes,Yes,54,Two year,59.8,0.0022,Low
9257-AZMTZ,Female,No,Yes,Yes,52,Two year,20.1,0.0022,Low
6234-RAAPL,Female,No,Yes,No,72,Two year,99.9,0.0022,Low
3396-DKDEL,Female,No,Yes,Yes,70,Two year,115.15,0.0022,Low
6439-PKTRR,Female,No,Yes,Yes,70,Two year,80.7,0.0022,Low
4342-HFXWS,Female,No,Yes,Yes,48,One year,69.7,0.0022,Low
9227-YBAXE,Female,No,Yes,Yes,65,Two year,82.5,0.0022,Low
9424-CMPOG,Male,No,Yes,Yes,9,Two year,19.6,0.0022,Low
5442-PPTJY,Male,No,Yes,Yes,12,Two year,19.7,0.0022,Low
7182-OVLBJ,Female,No,Yes,Yes,62,Two year,101.15,0.0021,Low
1599-MMYRQ,Male,No,Yes,Yes,62,One year,81.45,0.0021,Low
8374-UULRV,Male,No,No,No,72,Two year,86.05,0.0021,Low
0254-WWRKD,Female,No,Yes,Yes,67,One year,50.55,0.0021,Low
5204-HMGYF,Female,No,Yes,Yes,49,One year,87.2,0.0021,Low
5201-CBWYG,Male,No,Yes,Yes,62,One year,24.8,0.0021,Low
7064-JHXCE,Male,No,Yes,Yes,62,Two year,20.05,0.0021,Low
1839-FBNFR,Female,No,Yes,Yes,39,Two year,19.85,0.0021,Low
3884-UEBXB,Female,No,Yes,Yes,67,Two year,36.15,0.0021,Low
1150-FTQGN,Female,No,Yes,Yes,60,One year,94.15,0.0021,Low
3552-CTCYF,Male,No,Yes,Yes,63,Two year,104.8,0.0021,Low
1635-HDGFT,Female,No,No,Yes,19,Two year,20.5,0.0021,Low
5480-XTFFL,Female,No,Yes,Yes,31,Two year,21.0,0.0021,Low
7033-CLAMM,Female,No,Yes,Yes,48,Two year,20.2,0.0021,Low
4955-VCWBI,Female,No,Yes,Yes,43,One year,20.0,0.0021,Low
9631-RXVJM,Male,No,No,No,35,Two year,19.25,0.0021,Low
1403-LKLIK,Female,No,Yes,Yes,33,One year,20.1,0.0021,Low
8690-ZVLCL,Female,No,Yes,Yes,68,Two year,88.0,0.0021,Low
8901-UPRHR,Female,No,Yes,Yes,72,Two year,109.2,0.0021,Low
0654-PQKDW,Female,No,Yes,Yes,62,One year,70.75,0.0021,Low
0827-ITJPH,Male,No,No,No,36,Two year,18.55,0.0021,Low
0486-LGCCH,Male,No,Yes,Yes,11,Two year,19.65,0.0021,Low
2821-WARNZ,Female,No,No,Yes,49,One year,19.45,0.002,Low
9625-RZFUK,Male,No,Yes,Yes,63,Two year,19.7,0.002,Low
1298-PHBTI,Male,No,Yes,Yes,71,Two year,84.8,0.002,Low
0404-AHASP,Male,No,Yes,No,72,Two year,19.7,0.002,Low
7267-FRMJW,Female,No,Yes,Yes,25,Two year,20.1,0.002,Low
6248-BSHKG,Male,No,Yes,Yes,61,One year,20.4,0.002,Low
7729-XBTWX,Male,No,Yes,Yes,66,Two year,19.75,0.002,Low
7162-WPHPM,Male,No,Yes,Yes,58,Two year,71.6,0.002,Low
1354-YZFNB,Male,No,Yes,Yes,4,Two year,19.55,0.002,Low
1172-VIYBP,Male,No,Yes,Yes,53,Two year,69.7,0.002,Low
7873-CVMAW,Male,No,No,No,72,Two year,88.55,0.002,Low
9975-GPKZU,Male,No,Yes,Yes,46,Two year,19.75,0.002,Low
3508-CFVZL,Female,No,No,No,71,Two year,111.3,0.002,Low
3324-OIRTO,Male,No,Yes,Yes,71,One year,104.65,0.002,Low
5627-TVBPP,Female,No,No,Yes,35,One year,20.1,0.002,Low
1452-UZOSF,Male,No,Yes,Yes,72,Two year,106.1,0.002,Low
8902-ZEOVF,Male,No,Yes,Yes,47,One year,20.05,0.002,Low
8750-QWZAJ,Female,No,Yes,Yes,70,Two year,19.8,0.002,Low
3373-DIUUN,Male,No,Yes,Yes,30,Two year,21.25,0.002,Low
5320-BRKGK,Female,No,Yes,Yes,58,Two year,75.8,0.002,Low
7599-NTMDP,Female,No,Yes,Yes,62,Two year,48.7,0.002,Low
5793-YOLJN,Female,No,Yes,Yes,55,Two year,21.0,0.002,Low
1306-RPWXZ,Female,No,No,Yes,49,Two year,20.45,0.002,Low
4487-ZYJZK,Female,No,Yes,Yes,38,One year,19.6,0.002,Low
0603-TPMIB,Female,No,Yes,Yes,59,Two year,25.45,0.002,Low
5519-TEEUH,Male,No,No,Yes,33,One year,20.15,0.002,Low
5010-IPEAQ,Female,No,Yes,Yes,67,Two year,54.2,0.002,Low
6096-EGVTU,Female,No,Yes,Yes,64,One year,24.9,0.002,Low
0017-IUDMW,Female,No,Yes,Yes,72,Two year,116.8,0.002,Low
0675-NCDYU,Female,No,Yes,Yes,72,Two year,116.4,0.002,Low
8043-PNYSD,Male,No,Yes,Yes,63,Two year,19.55,0.0019,Low
0263-FJTQO,Male,No,Yes,Yes,50,Two year,70.5,0.0019,Low
5453-YBTWV,Male,No,Yes,Yes,70,Two year,101.1,0.0019,Low
6734-JDTTV,Male,No,Yes,Yes,65,Two year,19.85,0.0019,Low
1830-GGFNM,Male,No,Yes,Yes,65,Two year,94.55,0.0019,Low
3429-IFLEM,Female,No,No,No,71,Two year,77.35,0.0019,Low
8008-OTEZX,Female,No,Yes,Yes,35,One year,19.65,0.0019,Low
4737-AQCPU,Male,No,Yes,No,72,Two year,72.1,0.0019,Low
0567-XRHCU,Female,No,Yes,Yes,69,Two year,43.95,0.0019,Low
8295-KMENE,Female,No,Yes,Yes,59,Two year,76.45,0.0019,Low
0218-QNVAS,Male,No,Yes,Yes,71,One year,100.55,0.0019,Low
8039-ACLPL,Female,No,Yes,No,72,Two year,68.75,0.0019,Low
7717-BICXI,Male,No,Yes,Yes,60,Two year,20.55,0.0019,Low
7977-HXJKU,Male,No,No,Yes,21,Two year,19.6,0.0019,Low
1089-XZWHH,Female,No,Yes,Yes,24,Two year,19.7,0.0019,Low
6823-SIDFQ,Male,No,No,No,28,One year,18.25,0.0019,Low
9711-FJTBX,Male,No,Yes,Yes,56,One year,85.85,0.0019,Low
1223-UNPKS,Male,No,Yes,Yes,20,Two year,20.05,0.0019,Low
0572-ZJKLT,Female,No,Yes,Yes,46,Two year,99.65,0.0019,Low
6772-WFQRD,Male,No,No,Yes,40,One year,20.4,0.0019,Low
1431-AIDJQ,Male,No,Yes,Yes,33,Two year,82.1,0.0019,Low
3678-MNGZX,Male,No,Yes,Yes,68,Two year,19.95,0.0019,Low
7101-HRBLJ,Female,No,Yes,No,72,Two year,83.7,0.0019,Low
2661-GKBTK,Male,No,Yes,Yes,60,Two year,76.95,0.0018,Low
9537-JALFH,Male,No,Yes,Yes,69,Two year,19.9,0.0018,Low
6340-DACFT,Female,No,Yes,Yes,50,Two year,20.55,0.0018,Low
2272-JKMSI,Female,No,Yes,Yes,62,One year,110.8,0.0018,Low
7018-FPXHH,Male,No,Yes,Yes,56,Two year,59.8,0.0018,Low
3764-MNMOI,Male,No,No,No,46,Two year,19.2,0.0018,Low
4518-FZBSX,Male,No,Yes,Yes,42,One year,20.25,0.0018,Low
3070-FNFZQ,Female,No,Yes,Yes,23,Two year,20.4,0.0018,Low
5376-PCKNB,Male,No,Yes,Yes,72,One year,104.45,0.0018,Low
8143-ETQTI,Female,No,Yes,Yes,23,Two year,19.65,0.0018,Low
1498-NHTLT,Male,No,Yes,Yes,59,Two year,86.75,0.0018,Low
3266-FTKHB,Male,No,No,No,17,Two year,19.15,0.0018,Low
3227-WLKLI,Female,No,Yes,Yes,65,Two year,91.55,0.0018,Low
8380-MQINP,Female,No,Yes,Yes,55,Two year,20.3,0.0018,Low
6369-MCAKO,Female,No,Yes,Yes,68,Two year,89.05,0.0018,Low
9938-PRCVK,Female,No,Yes,Yes,41,Two year,19.7,0.0018,Low
7463-IFMQU,Female,No,Yes,No,72,Two year,20.05,0.0018,Low
4804-NCPET,Male,No,Yes,Yes,19,Two year,20.2,0.0018,Low
1764-VUUMT,Male,No,No,Yes,66,Two year,19.95,0.0018,Low
9348-ROUAI,Female,No,Yes,Yes,59,Two year,90.3,0.0018,Low
8148-WOCMK,Male,No,Yes,Yes,8,Two year,19.6,0.0018,Low
3717-FDJFU,Male,No,No,Yes,5,Two year,20.45,0.0018,Low
9068-FHQHD,Female,No,Yes,Yes,40,Two year,20.15,0.0018,Low
8590-OHDIW,Female,No,Yes,Yes,38,One year,20.3,0.0017,Low
0774-RMNUW,Female,No,Yes,Yes,71,Two year,59.7,0.0017,Low
6619-RPLQZ,Female,No,Yes,Yes,45,Two year,20.85,0.0017,Low
8173-RXAYP,Female,No,Yes,Yes,24,Two year,19.7,0.0017,Low
1709-EJDOX,Female,No,Yes,Yes,47,Two year,19.75,0.0017,Low
9481-WHGWY,Female,No,Yes,Yes,70,Two year,75.35,0.0017,Low
6685-XSHHU,Male,No,Yes,Yes,60,Two year,20.95,0.0017,Low
2160-GPFXD,Male,No,Yes,Yes,54,Two year,65.65,0.0017,Low
7850-THJMU,Female,No,Yes,Yes,26,Two year,19.65,0.0017,Low
3050-RLLXC,Female,No,Yes,Yes,56,Two year,81.25,0.0017,Low
2400-FEQME,Male,No,Yes,Yes,55,Two year,20.5,0.0017,Low
2223-GDSHL,Male,No,Yes,Yes,71,Two year,116.05,0.0017,Low
1574-DYCWE,Female,No,Yes,Yes,51,Two year,19.95,0.0017,Low
6368-TZZDT,Male,No,Yes,Yes,4,Two year,19.5,0.0017,Low
5149-QYTTU,Female,No,Yes,Yes,71,One year,95.15,0.0017,Low
1403-GYAFU,Male,No,Yes,Yes,70,Two year,20.05,0.0017,Low
6898-RBTLU,Female,No,Yes,Yes,49,Two year,79.3,0.0017,Low
9135-HSWOC,Male,No,Yes,Yes,64,Two year,19.7,0.0017,Low
2030-BTZRO,Male,No,Yes,Yes,6,Two year,20.4,0.0016,Low
5196-WPYOW,Male,No,Yes,Yes,67,One year,60.05,0.0016,Low
5804-JMYIO,Female,No,Yes,Yes,39,Two year,19.75,0.0016,Low
5965-GGPRW,Male,No,Yes,Yes,72,Two year,105.25,0.0016,Low
6522-OIQSX,Female,No,Yes,Yes,69,Two year,54.95,0.0016,Low
6857-TKDJV,Male,No,Yes,Yes,67,Two year,24.65,0.0016,Low
2253-KPMNB,Female,No,Yes,Yes,69,Two year,46.25,0.0016,Low
1506-YJTYT,Male,No,Yes,Yes,45,Two year,73.85,0.0016,Low
5795-BKOYE,Female,No,Yes,Yes,69,One year,59.1,0.0016,Low
0531-XBKMM,Male,No,No,Yes,66,Two year,65.7,0.0016,Low
2927-CVULT,Female,No,Yes,Yes,53,Two year,104.05,0.0016,Low
4195-PNGZS,Male,No,Yes,Yes,69,Two year,24.45,0.0016,Low
9739-JLPQJ,Female,No,Yes,Yes,72,Two year,117.5,0.0016,Low
9800-OUIGR,Male,No,Yes,Yes,66,Two year,20.0,0.0016,Low
5220-AGAAX,Male,No,Yes,Yes,68,Two year,24.0,0.0016,Low
2236-HILPA,Male,No,Yes,Yes,62,Two year,20.65,0.0016,Low
2595-KIWPV,Male,No,No,Yes,27,Two year,19.7,0.0016,Low
2569-WGERO,Female,No,No,No,72,Two year,21.15,0.0016,Low
0864-FVJNJ,Female,No,Yes,Yes,64,One year,113.35,0.0016,Low
9415-ZNBSX,Female,No,Yes,Yes,70,Two year,89.0,0.0016,Low
7471-MQPOS,Male,Yes,Yes,Yes,71,One year,72.9,0.0016,Low
3726-TBHQT,Male,No,Yes,Yes,71,Two year,114.0,0.0016,Low
3190-ITQXP,Female,No,Yes,Yes,46,Two year,20.25,0.0015,Low
6169-PPETC,Male,No,Yes,Yes,35,Two year,20.5,0.0015,Low
6485-QXWWE,Female,No,No,Yes,62,Two year,26.0,0.0015,Low
7242-EDTYC,Male,No,No,Yes,44,Two year,19.55,0.0015,Low
4531-AUZNK,Female,No,Yes,Yes,51,One year,95.15,0.0015,Low
4933-BSAIP,Female,No,Yes,No,40,Two year,19.1,0.0015,Low
9548-ZMVTX,Male,No,Yes,Yes,72,Two year,90.45,0.0015,Low
2799-TSLAG,Female,No,Yes,Yes,65,Two year,25.3,0.0015,Low
8670-MEFCP,Female,No,Yes,Yes,36,Two year,92.9,0.0015,Low
9888-ZCUMM,Male,No,Yes,Yes,64,Two year,60.05,0.0015,Low
7139-JZFVG,Male,No,Yes,Yes,60,Two year,60.5,0.0015,Low
8915-NNTRC,Male,No,Yes,Yes,72,Two year,107.7,0.0015,Low
7255-SSFBC,Male,No,Yes,Yes,72,Two year,112.25,0.0015,Low
4774-HHGGS,Male,No,Yes,No,30,Two year,19.05,0.0015,Low
7321-KKSDU,Male,No,No,Yes,32,Two year,20.5,0.0015,Low
3727-OVPRY,Male,No,Yes,Yes,66,One year,25.7,0.0015,Low
5854-KSRBJ,Male,No,Yes,Yes,70,Two year,25.4,0.0015,Low
2208-MPXIO,Female,No,Yes,Yes,45,Two year,20.0,0.0015,Low
9786-YWNHU,Female,No,Yes,Yes,63,Two year,63.55,0.0015,Low
1270-XKUCC,Female,No,Yes,Yes,30,Two year,19.7,0.0015,Low
7602-MVRMB,Female,No,Yes,Yes,72,Two year,110.45,0.0015,Low
7469-LKBCI,Male,No,No,No,16,Two year,18.95,0.0015,Low
8606-CIQUL,Male,Yes,Yes,Yes,72,Two year,115.75,0.0015,Low
3810-PJUHR,Male,No,Yes,Yes,70,Two year,25.35,0.0015,Low
2050-ONYDQ,Female,No,Yes,Yes,65,Two year,26.0,0.0015,Low
5970-GHJAW,Male,No,Yes,Yes,46,Two year,19.95,0.0014,Low
9224-VTYID,Male,No,Yes,Yes,47,Two year,90.5,0.0014,Low
2642-MAWLJ,Female,No,Yes,Yes,36,Two year,20.25,0.0014,Low
9337-SRRNI,Male,No,No,Yes,66,Two year,25.3,0.0014,Low
2545-LXYVJ,Male,No,Yes,No,72,Two year,20.7,0.0014,Low
8164-OCKUJ,Female,No,Yes,Yes,59,Two year,20.6,0.0014,Low
5766-FTRTS,Male,No,Yes,No,72,Two year,84.45,0.0014,Low
6161-ERDGD,Male,No,Yes,Yes,71,One year,85.45,0.0014,Low
0354-VXMJC,Male,No,Yes,Yes,23,Two year,19.6,0.0014,Low
9392-XBGTD,Male,No,No,Yes,27,Two year,20.6,0.0014,Low
4609-KNNWG,Female,No,Yes,Yes,27,Two year,19.9,0.0014,Low
3451-VAWLI,Female,No,Yes,Yes,35,Two year,19.7,0.0014,Low
9081-WWXKP,Female,No,Yes,Yes,47,Two year,20.25,0.0014,Low
1135-HIORI,Female,No,Yes,Yes,64,One year,111.45,0.0014,Low
0744-BIKKF,Male,No,No,No,72,Two year,86.65,0.0014,Low
1676-MQAOA,Male,No,No,No,72,Two year,75.1,0.0014,Low
7921-BEPCI,Female,No,No,No,72,Two year,59.75,0.0014,Low
3967-VQOGC,Female,No,Yes,Yes,67,Two year,24.9,0.0013,Low
2931-XIQBR,Female,No,Yes,Yes,50,One year,103.05,0.0013,Low
2696-ECXKC,Female,No,Yes,Yes,55,One year,100.9,0.0013,Low
8957-THMOA,Female,No,No,Yes,50,Two year,20.15,0.0013,Low
3769-MHZNV,Female,No,Yes,Yes,33,Two year,20.1,0.0013,Low
9385-EHGDO,Female,No,Yes,Yes,35,Two year,19.85,0.0013,Low
8544-JNBOX,Male,No,No,No,72,Two year,20.8,0.0013,Low
5067-WJEUN,Male,No,Yes,Yes,67,Two year,54.2,0.0013,Low
8232-CTLKO,Female,No,Yes,Yes,66,Two year,59.75,0.0013,Low
3617-XLSGQ,Female,No,Yes,Yes,66,Two year,109.25,0.0013,Low
4878-BUNFV,Male,No,Yes,Yes,42,Two year,20.7,0.0013,Low
7164-BPTUT,Male,No,No,Yes,57,Two year,89.55,0.0013,Low
3407-JMJQQ,Female,No,Yes,Yes,71,Two year,109.0,0.0012,Low
0181-RITDD,Male,No,Yes,Yes,62,Two year,108.15,0.0012,Low
1741-WTPON,Male,No,Yes,Yes,56,Two year,115.85,0.0012,Low
0625-AFOHS,Female,No,Yes,Yes,29,Two year,20.2,0.0012,Low
9574-BOSMD,Male,No,Yes,Yes,68,Two year,25.4,0.0012,Low
8215-NGSPE,Female,No,Yes,Yes,42,Two year,20.0,0.0012,Low
2790-XUYMV,Male,No,No,Yes,71,One year,85.45,0.0012,Low
7008-LZVOZ,Male,No,Yes,Yes,66,Two year,25.3,0.0012,Low
3563-SVYLG,Male,No,Yes,Yes,68,Two year,62.65,0.0012,Low
6374-NTQLP,Male,Yes,Yes,Yes,72,Two year,104.1,0.0012,Low
6897-RWMUB,Male,No,Yes,Yes,61,Two year,68.05,0.0012,Low
5336-UFNZP,Female,Yes,Yes,Yes,65,One year,107.45,0.0012,Low
8165-CBKXO,Male,No,Yes,Yes,66,Two year,56.75,0.0012,Low
9950-MTGYX,Male,No,Yes,Yes,28,Two year,20.3,0.0012,Low
8760-ZRHKE,Female,Yes,Yes,Yes,71,One year,69.2,0.0012,Low
1106-HRLKZ,Male,No,Yes,Yes,40,Two year,19.6,0.0012,Low
5774-QPLTF,Male,No,Yes,Yes,50,One year,20.35,0.0012,Low
4674-HGNUA,Male,No,Yes,Yes,71,Two year,89.9,0.0012,Low
2664-XJZNO,Male,No,Yes,Yes,72,Two year,104.9,0.0012,Low
4302-ZYFEL,Male,No,Yes,Yes,69,One year,20.55,0.0011,Low
7730-CLDSV,Female,No,Yes,Yes,72,Two year,98.65,0.0011,Low
3511-BFTJW,Male,No,Yes,Yes,72,Two year,38.5,0.0011,Low
7268-WNTCP,Male,No,Yes,Yes,62,Two year,20.45,0.0011,Low
6007-TCTST,Female,No,Yes,Yes,72,Two year,115.8,0.0011,Low
2804-ETQDK,Male,No,No,Yes,66,Two year,20.55,0.0011,Low
2378-YIZKA,Female,No,Yes,Yes,68,Two year,85.0,0.0011,Low
7601-GNDYK,Male,No,Yes,Yes,35,Two year,19.6,0.0011,Low
5242-UOWHD,Male,No,Yes,Yes,45,Two year,20.35,0.0011,Low
5707-ZMDJP,Male,No,Yes,Yes,53,Two year,69.7,0.0011,Low
2181-TIDSV,Male,No,Yes,Yes,68,Two year,19.95,0.0011,Low
9365-CSLBQ,Male,No,No,Yes,71,Two year,24.35,0.0011,Low
0902-XKXPN,Male,No,Yes,Yes,69,Two year,20.2,0.0011,Low
2230-XTUWL,Female,No,Yes,Yes,48,Two year,19.55,0.0011,Low
9251-AWQGT,Female,No,Yes,Yes,48,Two year,20.0,0.0011,Low
2990-IAJSV,Male,No,No,No,72,Two year,92.0,0.0011,Low
1053-MXTTK,Female,No,Yes,Yes,72,Two year,108.65,0.001,Low
2234-XADUH,Female,No,Yes,Yes,72,One year,103.2,0.001,Low
7030-FZTFM,Male,No,Yes,Yes,72,Two year,110.9,0.001,Low
6519-ZHPXP,Female,No,Yes,Yes,72,Two year,108.3,0.001,Low
6479-SZPLM,Male,No,Yes,Yes,36,Two year,19.45,0.001,Low
9443-JUBUO,Male,No,Yes,Yes,72,Two year,65.25,0.001,Low
5117-ZSMHQ,Female,No,Yes,Yes,71,Two year,89.9,0.001,Low
3520-FJGCV,Male,No,Yes,Yes,72,Two year,112.6,0.001,Low
7306-YDSOI,Male,No,Yes,Yes,69,Two year,59.75,0.001,Low
3996-ZNWYK,Male,Yes,Yes,Yes,71,Two year,19.8,0.001,Low
9585-KKMFD,Male,No,Yes,Yes,41,Two year,20.0,0.001,Low
5845-BZZIB,Male,No,Yes,Yes,35,Two year,20.1,0.001,Low
9418-RUKPH,Female,No,Yes,Yes,38,Two year,19.95,0.001,Low
4891-NLUBA,Female,No,Yes,Yes,61,Two year,61.45,0.001,Low
1209-VFFOC,Male,No,Yes,Yes,68,Two year,56.4,0.001,Low
4815-YOSUK,Male,No,Yes,Yes,72,One year,104.9,0.0009,Low
9258-CNWAC,Female,No,Yes,Yes,71,Two year,113.65,0.0009,Low
8591-TKMZH,Male,No,Yes,Yes,59,Two year,111.1,0.0009,Low
9453-PATOS,Female,No,Yes,No,72,Two year,85.1,0.0009,Low
8659-IOOPU,Female,No,Yes,Yes,71,Two year,100.45,0.0009,Low
1352-HNSAW,Female,No,Yes,Yes,72,Two year,115.6,0.0009,Low
7472-EQOAV,Male,Yes,Yes,Yes,71,One year,86.7,0.0009,Low
7876-DNYAP,Female,No,Yes,Yes,69,Two year,19.8,0.0009,Low
1555-HAPSU,Female,No,Yes,Yes,71,Two year,23.9,0.0009,Low
0042-RLHYP,Female,No,Yes,Yes,69,Two year,19.7,0.0009,Low
3230-JCNZS,Female,No,Yes,Yes,71,Two year,99.0,0.0009,Low
7711-GQBZC,Female,No,Yes,Yes,71,Two year,24.7,0.0009,Low
0962-CQPWQ,Female,No,Yes,Yes,62,Two year,20.3,0.0009,Low
9297-EONCV,Female,No,No,No,72,Two year,91.35,0.0009,Low
3892-NXAZG,Male,No,Yes,Yes,72,Two year,114.05,0.0009,Low
1927-QEWMY,Female,No,Yes,No,72,Two year,20.5,0.0009,Low
5360-XGYAZ,Male,No,Yes,Yes,72,Two year,65.65,0.0009,Low
7113-HIPFI,Male,No,Yes,Yes,66,Two year,65.85,0.0009,Low
8577-QSOCG,Female,No,Yes,Yes,38,Two year,20.2,0.0008,Low
0562-HKHML,Male,No,Yes,Yes,71,Two year,23.9,0.0008,Low
1320-GVNHT,Male,No,Yes,Yes,72,Two year,108.4,0.0008,Low
7225-IILWY,Male,No,Yes,Yes,68,Two year,25.75,0.0008,Low
6651-RLGGM,Male,No,Yes,Yes,67,Two year,26.3,0.0008,Low
0506-YLVKJ,Male,No,Yes,Yes,46,Two year,20.2,0.0008,Low
5296-BFCYD,Male,No,Yes,Yes,46,Two year,20.1,0.0008,Low
0831-JNISG,Male,No,Yes,Yes,71,Two year,19.8,0.0008,Low
7480-SPLEF,Male,No,Yes,Yes,69,Two year,26.0,0.0008,Low
7765-LWVVH,Female,No,Yes,Yes,72,Two year,95.1,0.0008,Low
3976-HXHCE,Male,No,No,No,72,Two year,19.3,0.0008,Low
4817-KEQSP,Female,No,Yes,Yes,71,Two year,19.85,0.0008,Low
5115-SQAAU,Female,No,Yes,Yes,69,Two year,25.6,0.0008,Low
0769-MURVM,Female,No,Yes,Yes,72,Two year,65.7,0.0008,Low
0229-LFJAF,Male,No,No,No,72,Two year,69.65,0.0008,Low
2718-YSKCS,Male,No,Yes,Yes,71,Two year,19.6,0.0008,Low
9127-FHJBZ,Male,No,Yes,Yes,72,Two year,114.0,0.0007,Low
7673-BQGKU,Female,No,Yes,Yes,69,Two year,20.15,0.0007,Low
1063-DHQJF,Male,No,Yes,Yes,69,Two year,92.15,0.0007,Low
0363-SVHYR,Male,No,Yes,Yes,71,Two year,86.85,0.0007,Low
8722-PRFDV,Female,No,Yes,Yes,71,Two year,77.55,0.0007,Low
7083-MIOPC,Female,No,No,No,72,Two year,20.25,0.0007,Low
0266-GMEAO,Male,No,Yes,Yes,72,Two year,114.3,0.0007,Low
8015-IHCGW,Female,No,Yes,Yes,72,Two year,115.5,0.0007,Low
3580-HYCSP,Male,No,Yes,Yes,72,Two year,110.3,0.0007,Low
6384-VMJHP,Female,No,No,No,72,Two year,73.0,0.0007,Low
7293-LSCDV,Female,No,Yes,Yes,60,Two year,19.25,0.0007,Low
4957-SREEC,Male,No,Yes,Yes,70,Two year,20.35,0.0007,Low
7558-IMLMT,Male,No,Yes,Yes,67,Two year,20.8,0.0007,Low
0730-BGQGF,Male,No,Yes,Yes,71,Two year,90.3,0.0007,Low
7009-PCARS,Male,No,No,Yes,55,One year,19.1,0.0007,Low
6997-UVGOX,Male,No,Yes,Yes,71,Two year,85.45,0.0007,Low
0174-QRVVY,Male,No,Yes,Yes,71,Two year,25.35,0.0006,Low
0016-QLJIS,Female,No,Yes,Yes,65,Two year,90.45,0.0006,Low
1897-OKVMW,Female,No,Yes,Yes,64,Two year,90.6,0.0006,Low
5787-KXGIY,Male,No,Yes,No,72,Two year,19.3,0.0006,Low
4056-QHXHZ,Female,No,Yes,Yes,72,Two year,107.45,0.0006,Low
3133-PZNSR,Male,No,Yes,Yes,72,Two year,97.75,0.0006,Low
8207-DMRVL,Male,No,Yes,Yes,72,Two year,114.55,0.0006,Low
3279-DYZQM,Male,No,Yes,Yes,71,Two year,19.45,0.0006,Low
2193-SFWQW,Male,No,Yes,Yes,72,Two year,111.95,0.0006,Low
6365-HITVU,Female,No,Yes,Yes,71,Two year,87.25,0.0006,Low
3508-VLHCZ,Female,No,Yes,Yes,71,Two year,90.55,0.0006,Low
9430-NKQLY,Male,No,Yes,Yes,72,Two year,25.1,0.0006,Low
3498-LZGQZ,Male,No,Yes,Yes,63,Two year,19.15,0.0006,Low
6859-QNXIQ,Female,No,Yes,Yes,72,Two year,113.1,0.0006,Low
5322-TEUJK,Female,No,Yes,Yes,71,Two year,114.6,0.0006,Low
6980-IMXXE,Female,No,Yes,Yes,69,Two year,20.2,0.0006,Low
4086-WITJG,Male,No,Yes,Yes,71,Two year,19.7,0.0005,Low
3642-BYHDO,Female,No,Yes,Yes,71,Two year,19.9,0.0005,Low
0825-CPPQH,Female,No,Yes,No,71,Two year,19.1,0.0005,Low
2923-ARZLG,Male,No,Yes,Yes,0,One year,19.7,0.0005,Low
5902-WBLSE,Female,No,Yes,Yes,70,Two year,20.15,0.0005,Low
6463-HHXJR,Female,No,Yes,Yes,71,Two year,100.5,0.0005,Low
3115-CZMZD,Male,No,No,No,0,Two year,20.25,0.0005,Low
9565-AXSMR,Male,No,Yes,Yes,52,Two year,19.2,0.0005,Low
2040-XBAVJ,Male,No,Yes,Yes,72,Two year,114.45,0.0005,Low
6024-RUGGH,Male,No,Yes,Yes,72,Two year,25.2,0.0005,Low
0301-FIDRB,Female,No,Yes,Yes,72,Two year,63.8,0.0005,Low
6656-GULJQ,Male,No,Yes,Yes,72,Two year,83.55,0.0005,Low
1085-LDWAM,Female,No,Yes,Yes,69,One year,20.35,0.0005,Low
2314-TNDJQ,Female,No,Yes,Yes,72,Two year,55.65,0.0005,Low
5893-KCLGT,Female,No,No,Yes,72,Two year,19.75,0.0005,Low
9028-LIHRP,Male,No,Yes,Yes,71,Two year,100.2,0.0005,Low
5668-MEISB,Female,No,Yes,Yes,72,Two year,106.1,0.0005,Low
4530-NDRKU,Female,No,Yes,Yes,42,One year,19.05,0.0005,Low
6283-GITPX,Male,No,No,Yes,71,Two year,76.9,0.0005,Low
1697-LYYYX,Female,No,Yes,Yes,61,One year,19.1,0.0005,Low
6976-BWGLQ,Female,No,Yes,Yes,72,Two year,25.2,0.0005,Low
5884-FBCTL,Female,No,Yes,Yes,72,Two year,25.1,0.0005,Low
8639-NHQEI,Female,No,Yes,Yes,72,Two year,95.9,0.0005,Low
2560-QTSBS,Female,No,Yes,Yes,72,One year,23.3,0.0005,Low
9945-PSVIP,Female,No,Yes,Yes,25,Two year,18.7,0.0005,Low
3261-CQXOL,Female,No,Yes,Yes,71,Two year,25.45,0.0004,Low
2824-DXNKN,Female,No,Yes,Yes,72,Two year,71.45,0.0004,Low
1820-DJFPH,Female,No,Yes,Yes,72,Two year,24.05,0.0004,Low
3831-YCPUO,Female,No,Yes,Yes,72,Two year,109.5,0.0004,Low
0238-WHBIQ,Male,No,Yes,Yes,72,Two year,89.7,0.0004,Low
5115-GZDEL,Male,No,No,Yes,72,Two year,67.2,0.0004,Low
4718-WXBGI,Male,No,Yes,Yes,72,Two year,91.95,0.0004,Low
4742-TXUEX,Female,No,Yes,Yes,47,Two year,19.3,0.0004,Low
5465-BUBFA,Female,No,Yes,Yes,41,Two year,19.3,0.0004,Low
3544-FBCAS,Female,No,Yes,Yes,72,Two year,83.6,0.0004,Low
4827-DPADN,Female,No,Yes,Yes,72,Two year,83.3,0.0004,Low
2725-TTRIQ,Female,No,Yes,Yes,72,Two year,84.2,0.0004,Low
5248-RPYWW,Female,Yes,Yes,Yes,72,Two year,90.15,0.0004,Low
3653-NCRDJ,Male,No,Yes,Yes,43,One year,19.2,0.0004,Low
1052-QJIBV,Female,No,Yes,Yes,71,Two year,19.9,0.0004,Low
0264-CNITK,Female,No,Yes,Yes,71,Two year,20.1,0.0004,Low
5727-MYATE,Male,No,Yes,Yes,72,Two year,90.8,0.0004,Low
9489-JMTTN,Female,No,Yes,Yes,72,Two year,89.75,0.0004,Low
4277-BWBML,Male,No,Yes,Yes,72,Two year,19.95,0.0004,Low
4077-HWUYD,Male,No,Yes,Yes,72,Two year,87.55,0.0004,Low
2925-VDZHY,Male,No,Yes,Yes,72,Two year,88.7,0.0003,Low
4641-FROLU,Female,No,Yes,Yes,30,Two year,19.3,0.0003,Low
3173-WSSUE,Female,No,Yes,Yes,71,Two year,19.7,0.0003,Low
0480-KYJVA,Female,No,Yes,Yes,72,Two year,24.25,0.0003,Low
0661-KQHNK,Female,No,Yes,Yes,6,One year,19.0,0.0003,Low
8165-ZJRNM,Female,No,Yes,Yes,72,Two year,23.75,0.0003,Low
2984-TBYKU,Male,No,Yes,Yes,72,Two year,104.9,0.0003,Low
8229-BUJHX,Female,No,Yes,Yes,71,Two year,20.5,0.0003,Low
0402-OAMEN,Female,No,Yes,Yes,72,Two year,24.45,0.0003,Low
9823-EALYC,Male,No,Yes,Yes,72,Two year,80.85,0.0003,Low
9488-FVZCC,Female,No,Yes,Yes,72,Two year,79.5,0.0003,Low
7980-MHFLQ,Female,No,Yes,Yes,72,Two year,24.9,0.0003,Low
4625-XMOYM,Female,No,Yes,Yes,72,Two year,26.25,0.0003,Low
6181-AXXYF,Male,No,Yes,Yes,72,Two year,24.75,0.0003,Low
2607-DHDAK,Male,No,Yes,Yes,72,Two year,19.8,0.0003,Low
3213-VVOLG,Male,No,Yes,Yes,0,Two year,25.35,0.0003,Low
7399-QHBJS,Female,No,Yes,Yes,72,Two year,66.75,0.0003,Low
7010-BRBUU,Male,No,Yes,Yes,72,Two year,24.1,0.0003,Low
4193-IBKSW,Male,No,Yes,Yes,72,Two year,24.75,0.0003,Low
8265-HKSOW,Female,No,Yes,Yes,72,Two year,107.45,0.0003,Low
8224-KDLKN,Male,No,Yes,Yes,72,Two year,25.0,0.0003,Low
4475-NVTLU,Male,No,Yes,Yes,45,Two year,19.2,0.0003,Low
5859-HZYLF,Male,No,Yes,Yes,26,Two year,19.15,0.0003,Low
0244-LGNFY,Female,No,Yes,Yes,72,Two year,92.65,0.0003,Low
3569-JFODW,Female,No,Yes,Yes,72,Two year,90.95,0.0003,Low
0784-ZQJZX,Male,No,No,Yes,72,Two year,19.9,0.0003,Low
6253-GNHWH,Female,No,Yes,Yes,71,Two year,71.1,0.0003,Low
3262-EIDHV,Female,No,Yes,Yes,72,Two year,84.7,0.0003,Low
4075-WKNIU,Female,No,Yes,Yes,0,Two year,73.35,0.0003,Low
6051-PTVNS,Female,No,Yes,Yes,55,One year,19.15,0.0003,Low
7684-XSZIY,Male,No,Yes,Yes,72,Two year,24.3,0.0002,Low
6285-FTQBF,Male,No,Yes,Yes,72,Two year,25.55,0.0002,Low
4367-NUYAO,Male,No,Yes,Yes,0,Two year,25.75,0.0002,Low
0206-OYVOC,Female,No,Yes,Yes,46,Two year,19.25,0.0002,Low
9838-BFCQT,Male,No,Yes,Yes,72,Two year,26.1,0.0002,Low
2775-SEFEE,Male,No,No,Yes,0,Two year,61.9,0.0002,Low
8468-FZTOE,Female,No,Yes,Yes,72,Two year,74.35,0.0002,Low
7644-OMVMY,Male,No,Yes,Yes,0,Two year,19.85,0.0002,Low
2005-DWQZJ,Female,No,Yes,Yes,8,Two year,19.05,0.0002,Low
1027-LKKQQ,Female,No,Yes,Yes,72,Two year,80.45,0.0002,Low
1407-DIGZV,Female,No,Yes,Yes,3,Two year,19.1,0.0002,Low
0613-WUXUM,Female,No,Yes,Yes,70,Two year,19.2,0.0002,Low
3913-FCUUW,Female,No,Yes,Yes,72,Two year,70.45,0.0002,Low
0794-YVSGE,Male,No,Yes,Yes,72,Two year,20.3,0.0002,Low
7473-ZBDSN,Female,No,Yes,Yes,14,Two year,18.8,0.0002,Low
6408-WHTEF,Male,No,Yes,Yes,72,Two year,89.4,0.0002,Low
9802-CAQUT,Female,No,Yes,Yes,72,Two year,109.55,0.0002,Low
0640-YJTPY,Male,No,Yes,Yes,72,Two year,21.0,0.0002,Low
9114-DPSIA,Male,No,Yes,Yes,72,Two year,81.0,0.0002,Low
9958-MEKUC,Male,No,Yes,Yes,72,Two year,103.95,0.0002,Low
0270-THENM,Male,No,Yes,Yes,72,Two year,69.85,0.0002,Low
6585-WCEWR,Male,No,Yes,Yes,72,Two year,20.35,0.0002,Low
1166-PQLGG,Female,No,Yes,Yes,72,Two year,19.55,0.0002,Low
4900-MSOMT,Female,No,Yes,Yes,72,Two year,80.2,0.0002,Low
2520-SGTTA,Female,No,Yes,Yes,0,Two year,20.0,0.0002,Low
6928-ONTRW,Female,No,Yes,Yes,72,Two year,19.7,0.0002,Low
0988-AADSA,Female,No,Yes,Yes,72,Two year,80.85,0.0002,Low
7169-YWAMK,Male,No,Yes,Yes,72,Two year,68.4,0.0002,Low
9972-EWRJS,Female,No,Yes,Yes,67,Two year,19.25,0.0001,Low
0464-WJTKO,Female,No,Yes,Yes,72,Two year,20.1,0.0001,Low
6855-VLGOS,Male,No,Yes,Yes,72,Two year,20.55,0.0001,Low
4635-EJYPD,Male,No,Yes,Yes,32,Two year,18.95,0.0001,Low
6479-VDGRK,Female,No,Yes,Yes,72,Two year,85.3,0.0001,Low
4821-WQOYN,Female,No,Yes,Yes,72,Two year,20.1,0.0001,Low
0562-FGDCR,Female,No,Yes,Yes,72,Two year,74.55,0.0001,Low
1293-BSEUN,Female,No,Yes,Yes,72,Two year,20.7,0.0001,Low
