Customer ID,Probability of Churning
7590-VHVEG,0.7440252686022165
5575-GNVDE,0.014798841321175078
7795-CFOCW,0.022256155658367898
1452-KIOVK,0.14561051802378047
6713-OKOMC,0.196931808861702
6388-TABGU,0.024962227073070987
9763-GRSKD,0.06860526516617933
7469-LKBCI,0.01178686186016155
8091-TTVAX,0.3353285090687218
5129-JLPIS,0.6544880741508866
3655-SNQYZ,0.11336960188767217
8191-XWSZG,0.014976532599724349
9959-WOFKT,0.09163284850431802
4183-MYFRB,0.4827569057069964
1680-VDCWW,0.09097065484169821
3638-WEABW,0.03312529762613899
6322-HRPFA,0.06431021921345241
6865-JZNKO,0.09584969060054647
5248-YGIJN,0.0017625261289107236
3841-NFECX,0.004761745603482997
4929-XIHVW,0.7242962237681604
6827-IEAUQ,0.07320700252566038
7310-EGVHZ,0.30552434396606365
3413-BMNZE,0.5570326789551415
6234-RAAPL,0.003723002448283327
6572-ADKRS,0.21117839527321822
8865-TNMNX,0.12699322043432437
9489-DEDVP,0.11146998165190264
9867-JCZSP,0.03639338577545086
4671-VJLCL,0.024148876716013887
4080-IIARD,0.3882403325475423
3714-NTNFO,0.46370372268446547
5948-UJZLF,0.3513726328490145
7639-LIAYI,0.04197248532258482
2954-PIBKO,0.02058734365661366
8012-SOUDQ,0.4529437403829173
6575-SUVOI,0.13163567400975823
4667-QONEA,0.0644481470976002
8769-KKTPH,0.12144809650565606
5067-XJQFU,0.3573315365752919
3957-SQXML,0.018143163197115477
5954-BDFSG,0.06336641470672523
0434-CSFON,0.6953944725277397
1215-FIGMP,0.2786317194906394
0526-SXDJP,0.013181826370271836
0557-ASKVU,0.11690336538755025
5122-CYFXA,0.3856952560837919
8627-ZYGSZ,0.25802051030262624
3410-YOQBQ,0.035585188456404286
3170-NMYVV,0.007265076702199896
7410-OIEDU,0.41483934804915035
2273-QCKXA,0.4172916704837497
0731-EBJQB,0.04174835910866085
1891-QRQSA,0.10652796630239464
8028-PNXHQ,0.0209282509860155
5630-AHZIL,0.24312822302370735
2673-CXQEU,0.23307828945741538
6416-JNVRK,0.1580401620159344
5590-ZSKRV,0.12870447023692427
0191-ZHSKZ,0.14731976007760128
3887-PBQAO,0.048988010435596335
8108-UXRQN,0.1953921209289345
9919-YLNNG,0.28869060010697173
0318-ZOPWS,0.007450583867250134
4445-ZJNMU,0.8890164765408887
4808-YNLEU,0.04562480158301172
1862-QRWPE,0.024353819458492996
2796-NNUFI,0.006423264059933207
3016-KSVCP,0.4001208938139683
4767-HZZHQ,0.035660163860459344
2424-WVHPL,0.6760595344277012
7233-PAHHL,0.03340797408400276
6067-NGCEU,0.13063477677559898
9848-JQJTX,0.04823831234844114
9803-FTJCG,0.012252701665514879
3212-KXOCR,0.03878248122262629
6380-ARCEH,0.3215971822570575
3679-XASPY,0.282372412157248
7123-WQUHX,0.06208534227999973
5386-THSLQ,0.07049951704326327
6180-YBIQI,0.3672780238068553
6728-DKUCO,0.03529333526295879
9750-BOOHV,0.0390704209135008
8597-CWYHH,0.14849904084586002
2848-YXSMW,0.0016568372206073637
4549-ZDQYY,0.04280015093025528
5712-AHQNN,0.3179418001659511
5256-SKJGO,0.041159098303562375
3071-VBYPO,0.1563579898563479
9560-BBZXK,0.03356310669701664
8402-OOOHJ,0.005202443784991877
9445-ZUEQE,0.03378842837936121
1091-SOZGA,0.34914560061516736
2928-HLDBA,0.057529230754895314
6497-TILVL,0.1333991920429382
7219-TLZHO,0.1323331427495297
4622-YNKIJ,0.02435165060149269
6734-PSBAW,0.0045214029866099065
3930-ZGWVE,0.39530266105682804
2639-UGMAZ,0.16416815074670085
2876-GZYZC,0.6730353612127128
8587-XYZSF,0.016042628013183492
7799-LGRDP,0.030933808013095577
7850-VWJUU,0.24793801387781572
3774-VBNXY,0.013603617286333903
6217-KDYWC,0.11038958369637974
3146-MSEGF,0.0013485231905391718
1095-WGNGG,0.07202040450729695
2636-SJDOU,0.06391236996571308
1131-QQZEB,0.00390697213868491
5716-EZXZN,0.04784130087595751
6837-BJYDQ,0.031468972312168976
6440-DKQGE,0.03714819305624301
3466-BYAVD,0.06596225786565404
3780-YVMFA,0.10997039525722166
1679-JRFBR,0.2169167920769042
9073-ZZIAY,0.021951529218435913
3077-RSNTJ,0.10290367553137894
6551-GNYDG,0.12799870424119478
9167-APMXZ,0.44693353941686886
2749-CTKAJ,0.026882597279185006
6371-NZYEG,0.03896303251446654
7554-NEWDD,0.04411479933884001
8992-VONJD,0.25430339500985455
4482-EWFMI,0.6019797107099737
4648-YPBTM,0.023839743382583482
2907-ILJBN,0.04050301234536172
6345-FZOQH,0.004658991690156664
5997-OPVFA,0.004179934062015806
1159-WFSGR,0.06812641021224425
7654-YWJUF,0.10488048184617214
6727-IOTLZ,0.03650950108003497
5918-VUKWP,0.012679228570113117
1744-JHKYS,0.07502695586397676
5947-SGKCL,0.2024451708648598
3712-PKXZA,0.015529969110462555
6582-OIVSP,0.4888961063858422
5524-KHNJP,0.16326702051482983
4827-USJHP,0.22685091668364302
8167-GJLRN,0.4743127067684631
0956-SYCWG,0.05334686628885788
8017-UVSZU,0.21156112804726432
7100-FQPRV,0.15574965418008804
2984-RGEYA,0.00708090467944428
9680-NIAUV,0.008172354073928611
2146-EGVDT,0.03207089014386472
2604-IJPDU,0.6213044985949071
9178-JHUVJ,0.0073199042650521785
6168-YBYNP,0.33242745768425475
7255-SSFBC,0.008041603904707454
3645-DEYGF,0.31409948287973244
9323-HGFWY,0.5042358350276738
8544-GOQSH,0.507964522352056
3363-DTIVD,0.011426146022970238
7018-WBJNK,0.15568422432191625
9142-KZXOP,0.25704252925753307
7674-YTAFD,0.12639160619118134
6348-SNFUS,0.005648644028000991
1347-KTTTA,0.06319111207247179
4195-NZGTA,0.527593846639696
7157-SMCFK,0.011967086113408663
4709-LKHYG,0.040900399618896716
2504-DSHIH,0.4162280577485524
0699-NDKJM,0.16132614921140098
9286-BHDQG,0.007703778830301853
0230-WEQUW,0.017401940224135687
2040-LDIWQ,0.076233337647063
6496-JDSSB,0.6488377294027096
4443-EMBNA,0.002629611686928485
6469-MRVET,0.24266625376523693
5961-VUSRV,0.02480683688146303
6778-JFCMK,0.15770103564711632
6341-JVQGF,0.11318583658784512
4811-JBUVU,0.3165900132576487
0945-TSONX,0.021989671561795283
2651-ZCBXV,0.20511907956972533
3316-UWXUY,0.1827617288579558
7083-MIOPC,0.00030478175024519145
1984-GPTEH,0.11152722857430385
0621-JFHOL,0.041956203413127814
9903-LYSAB,0.5759946389481686
9227-UAQFT,0.03479876534444992
7301-ABVAD,0.006716582512219362
6614-FHDBO,0.07066523506867893
7576-ASEJU,0.20370371143686328
9058-HRZSV,0.25173456704074687
4522-AKYLR,0.41396989970282866
0221-WMXNQ,0.36482204757209885
0303-UNCIP,0.09878214268502657
0959-WHOKV,0.23799373120567996
4075-JFPGR,0.17251260851850367
3282-ZISZV,0.15226570553749533
3675-YDUPJ,0.14158102955667884
4111-BNXIF,0.027045723301122614
7017-VFHAY,0.0024422979079087226
6655-LHBYW,0.19767264373655596
5046-NUHWD,0.25339443381054066
7529-ZDFXI,0.3966056928479032
7605-BDWDC,0.013532776909359757
1950-KSVVJ,0.18046615870928745
0123-CRBRT,0.004610477580271478
6292-TOSSS,0.015726137645043197
3197-ARFOY,0.5168550917299685
7014-ZZXAW,0.003776729154503781
7633-MVPUY,0.02759835719122241
4716-HHKQH,0.43210128790026675
3179-GBRWV,0.20708737847109307
8645-KWHJO,0.39704028929394397
4130-MZLCC,0.23058783843183092
0314-TKOSI,0.13528962605245698
8229-MYEJZ,0.18418254621617725
2080-SRCDE,0.22122880486720425
9577-WJVCQ,0.014634441063093884
6202-DYYFX,0.10266057987953026
3808-HFKDE,0.34455686728214074
3727-OWVYD,0.02424568847684678
2294-SALNE,0.07637616543114392
4847-TAJYI,0.7188960125147239
1563-IWQEX,0.14544317987030148
8203-XJZRC,0.3076765474511096
6556-DBKZF,0.0008240637481374405
6851-WEFYX,0.622900060015804
2985-JUUBZ,0.06998085257644089
0895-LMRSF,0.1681198734657797
8266-VBFQL,0.5578788022199034
8181-YHCMF,0.010285581761183608
2240-HSJQD,0.08529939076319859
1248-DYXUB,0.002294570226571549
4115-BNPJY,0.018654942486362066
3167-SNQPL,0.047171743633802235
4091-TVOCN,0.12100368298994428
1098-TDVUQ,0.3138270913811955
7277-OZCGZ,0.3455088738053668
1557-EMYVT,0.10566057880677138
2799-ARNLO,0.6282115799460749
5027-YOCXN,0.35545959551029044
3973-SKMLN,0.001509513266692987
6745-JEFZB,0.3372702949056746
9880-TDQAC,0.030814912507505468
8705-WZCYL,0.6744821573267232
7102-JJVTX,0.1095051850203164
8626-PTQGE,0.018727806933443926
4983-CLMLV,0.4019546406062096
5701-YVSVF,0.6483494015172846
5697-GOMBF,0.12355821584421615
2739-CACDQ,0.40355819653591773
9385-EHGDO,0.0017360688119160191
9498-FIMXL,0.028316788475861027
2379-GYFLQ,0.1291623954114176
2088-IEBAU,0.038408356569208844
7982-VCELR,0.2808348530634959
6035-BXTTY,0.13377903532148538
6885-PKOAM,0.007761472671181233
7520-HQWJU,0.005887286546303658
9639-BUJXT,0.011970661907901638
5924-SNGKP,0.00973913365939907
0021-IKXGC,0.8344863919986796
8966-SNIZF,0.01610296930774865
6243-OZGFH,0.47387225159457547
4654-DLAMQ,0.06340733782995216
0513-RBGPE,0.025680748510953356
5160-UXJED,0.08799261085709387
4115-NZRKS,0.7188960125147239
3351-NGXYI,0.49332739505783496
8984-EYLLL,0.1453102622223804
9833-TGFHX,0.3751696840108676
9294-TDIPC,0.06269005339782174
5229-DTFYB,0.033936240552621885
0104-PPXDV,0.035156728615086875
5176-LMJXE,0.005153948790768131
3583-KRKMD,0.1737586776061653
9069-LGEUL,0.13705144788398013
7302-ZHMHP,0.22856322714819743
9571-EDEBV,0.13253123908906736
3520-FJGCV,0.0017809020041517274
6563-VRERX,0.026855632365282368
6122-EFVKN,0.035144342757410074
2805-EDJPQ,0.18840582480158852
6862-CQUMB,0.3179611898399694
7156-MXBJE,0.11272282033303621
6158-HDPXZ,0.5564318576535401
2863-IMQDR,0.013386774006451633
5686-CMAWK,0.08869563223555857
5651-CRHKQ,0.10227649120157865
8204-YJCLA,0.013747383559058081
6583-SZVGP,0.2997309117633483
1708-PBBOA,0.14799573988508685
8782-LKFPK,0.36290684530406603
5522-JBWMO,0.3834648918159007
3597-MVHJT,0.5644791212298792
9774-NRNAU,0.21871916596641555
0224-RLWWD,0.6258244908460883
9967-ATRFS,0.06299445669978458
3951-NJCVI,0.5224968638791175
2977-CEBSX,0.02809618027926774
0177-PXBAT,0.35658944855298247
2519-ERQOJ,0.17877575134981774
5876-QMYLD,0.025177041227787765
2277-AXSDC,0.02406152712684457
9442-JTWDL,0.046894375423825824
3067-SVMTC,0.018388921356555166
5495-GPSRW,0.020856893156791914
7606-BPHHN,0.00044049776444158163
4742-DRORA,0.05688742616226105
0111-KLBQG,0.028707592736258235
4163-NCJAK,0.09030531099803063
5233-AOZUF,0.5545762776880567
5973-EJGDP,0.35733247275660346
1996-DBMUS,0.31210660840488347
7916-VCCPB,0.08118777626430666
4686-GEFRM,0.06396471734575478
5249-QYHEX,0.0033263182450660096
2233-FAGXV,0.12347349038321932
5605-IYGFG,0.5017327569372623
7663-ZTEGJ,0.10342637221781578
3935-TBRZZ,0.06550613441741267
8111-BKVDS,0.15964839162128253
2055-SIFSS,0.1129935764560342
2806-MLNTI,0.4848883891009229
8734-DKSTZ,0.22383419124700124
4360-PNRQB,0.32878674487348925
6152-ONASV,0.019421155810487072
7781-HVGMK,0.005984564257691537
2181-UAESM,0.38097475725660623
6048-NJXHX,0.017692859036094993
2320-SLKMB,0.25884563931622273
4980-URKXC,0.0233806865309997
4376-KFVRS,0.013000111599111134
5886-VLQVU,0.3202514347990946
3577-AMVUX,0.48663907086535824
0771-WLCLA,0.40168554575889454
5628-RKIFK,0.3510322343743688
0206-TBWLC,0.18551366589508236
2937-FTHUR,0.25726730113249746
1910-FMXJM,0.41589438958407804
0732-OCQOC,0.027455243024178982
5168-MSWXT,0.2908016128028369
1090-ESELR,0.038711535115726045
8592-PLTMQ,0.005115994910332755
5760-WRAHC,0.15579067096346674
8847-GEOOQ,0.0792015100562222
4785-FCIFB,0.026428571849863882
8313-NDOIA,0.6861862652310191
5149-CUZUJ,0.11124175569549039
0942-KOWSM,0.03058875665767953
4237-CLSMM,0.20484810443249132
1452-VOQCH,0.8686246553532346
4719-UMSIY,0.06156568291078957
6614-VBEGU,0.19701563193898702
1480-BKXGA,0.030527202878150327
2996-XAUVF,0.013826263007035575
9076-AXYIK,0.04136139888457367
5968-XQIVE,0.08868509407425895
8896-RAZCR,0.005392863603161123
4933-IKULF,0.028728403603236943
1304-BCCFO,0.351019266307846
4104-PVRPS,0.07747621263992772
3780-DDGSE,0.026170888321634878
4431-EDMIQ,0.10301485378347237
0486-LGCCH,0.003982182952336433
4612-SSVHJ,0.38172095455825805
5168-MQQCA,0.15649861033245005
7971-HLVXI,0.0003616078623420178
9094-AZPHK,0.7492624412257735
3649-JPUGY,0.012088843880440077
4472-LVYGI,0.06889697030689569
3552-CTCYF,0.006138934610833089
6778-YSNIH,0.49995269364159295
5756-OZRIO,0.06961166293390607
6579-JPICP,0.30002273648341826
4134-BSXLX,0.10299286946453509
0505-SPOOW,0.006692206737776322
4374-YMUSQ,0.09334170067332465
4513-CXYIX,0.006444306660433938
3957-HHLMR,0.06991576944299426
7803-XOCCZ,0.023227539596138012
5736-YEJAX,0.09392126805941627
8981-FJGLA,0.28145012123679564
1135-LMECX,0.39517221575827927
4332-MUOEZ,0.21628290172823866
8535-SFUTN,0.4819979348664128
8677-HDZEE,0.33053381292673745
2475-MROZF,0.14055826359354745
3482-ABPKK,0.026254258108355664
6705-LXORM,0.6181513800729734
7531-GQHME,0.08511342576621858
5174-ITUMV,0.01248479335677805
4109-CYRBD,0.2336136438690252
0913-XWSCN,0.014777787708410107
0750-EBAIU,0.10147252019185342
8606-CIQUL,0.0015572396344688017
3571-DPYUH,0.0037209663445371332
7601-GNDYK,0.0033819460465782016
0356-OBMAC,0.04255559391848026
8067-NIOYM,0.004965674116205467
1403-GYAFU,0.00022894918667851322
4234-XTNEA,0.7626897138851374
1297-VQDRP,0.012810266708192618
5348-CAGXB,0.7924603106040561
0621-HJWXJ,0.18483344727968898
5844-QVTAT,0.05819278626482984
8905-IAZPF,0.10409025481730659
5394-MEITZ,0.014924555246641885
6859-QNXIQ,0.0024343203746305503
2782-LFZVW,0.26955949356335107
2866-IKBTM,0.30763459442720237
7129-AZJDE,0.006695600533906458
2560-PPCHE,0.14488724187316812
4676-MQUEA,0.15301737519801226
8138-EALND,0.154738500947787
3580-HYCSP,0.004831541291525611
1352-HNSAW,0.0024343203746305503
2075-PUEPR,0.007490596015655222
1982-FEBTD,0.006827250214749828
5791-KAJFD,0.05990981210917818
2654-VBVPB,0.37746822227487525
1154-HYWWO,0.05837665084058687
2501-XWWTZ,0.39664851183902317
3716-UVSPD,0.5656017069663752
6815-ABQFQ,0.4691754787387737
7343-EOBEU,0.28222975566334746
3701-SFMUH,0.05998393178350179
6103-LIANB,0.006211025556765339
7319-VENRZ,0.14137519335013457
5846-NEQVZ,0.013082388947824635
6967-QIQRV,0.019728898928476943
5781-RFZRP,0.03482696425644242
0308-IVGOK,0.10871935070732572
7293-LSCDV,0.003342842219566545
7025-WCBNE,0.04100045538751292
5756-JYOJT,0.11302985147514864
6030-REHUX,0.554243723278695
9548-LIGTA,0.008877960928568832
5150-LJNSR,0.007686804899313745
8270-RKSAP,0.5539293073200536
6522-YRBXD,0.24496451512321366
2640-LYMOV,0.15658289595024943
1423-BMPBQ,0.23598744024085347
2393-DIVAI,0.21804698281523402
4568-KNYWR,0.02772760565756574
8752-IMQOS,0.05808312428039905
0742-LAFQK,0.007515959849987753
0795-LAFGP,0.008640051057331942
0619-OLYUR,0.01759539784534305
5512-IDZEI,0.0834018082654833
0459-SPZHJ,0.02303901234808078
0215-BQKGS,0.2667055923021335
9244-ZVAPM,0.4999719415689627
8208-EUMTE,0.0422122715497045
5172-MIGPM,0.2390945129508636
1710-RCXUS,0.2783871956314567
0374-FIUCA,0.003476902807910213
5839-SUYVZ,0.34971301754648243
5173-ZXXXL,0.03632173337580985
1096-ADRUX,0.00451440477128725
2001-MCUUW,0.15814190054904212
2731-GJRDG,0.2429377834842722
4723-BEGSG,0.001786291851716616
6516-NKQBO,0.03492558030022301
8672-OAUPW,0.021308966948011994
8207-DMRVL,0.002544668438224473
2804-ETQDK,0.0007739425286401217
6689-VRRTK,0.19957069026103702
7138-GIRSH,0.013229078974701677
9396-ZSFLL,0.2775596243202625
6464-KEXXH,0.2855305732304135
7134-MJPDY,0.27741690165390437
5240-CAOYT,0.06506818450189669
4059-IIEBK,0.7047897470030379
4881-JVQOD,0.21899577611601043
0516-UXRMT,0.05534401096987773
4851-BQDNX,0.006353668736586574
5148-HKFIR,0.015393205378590862
3003-CMDUU,0.5257087466560953
5016-IBERQ,0.5572141244039507
6797-UCJHZ,0.22683931940272187
2469-DTSGX,0.023576552005662832
9931-KGHOA,0.16574664697077016
1775-KWJKQ,0.001591953170196183
7665-VIGUD,0.024540504073998395
9411-TPQQV,0.12101798831016986
7954-MLBUN,0.0443965445994831
2077-DDHJK,0.09864853154494956
9574-BOSMD,0.0003888007823546883
4908-XAXAY,0.13346100206265388
8404-VLQFB,0.13438645170905827
2391-IPLOP,0.09803248814409511
3509-GWQGF,0.20278442285104795
5845-BZZIB,0.0012671373462501063
1140-UKVZG,0.09654591263471275
5183-SNMJQ,0.5510823477203042
8100-PNJMH,0.05312571102956809
7838-LAZFO,0.16869112015091822
2085-JVGAD,0.04816674004632247
8095-WANWK,0.21819351910379678
3030-ZKIWL,0.3981623138178196
9565-FLVCG,0.029987400324852406
8755-OGKNA,0.011995939018218748
2800-VEQXM,0.5489309400700844
5533-RJFTJ,0.21639402341616037
0214-JHPFW,0.03207433540977966
5642-MHDQT,0.11318118810087742
3088-FVYWK,0.005540417073060043
9092-GDZKO,0.11734829341498809
3729-OWRVL,0.1756162304294875
2324-AALNO,0.022063205156300975
5760-IFJOZ,0.7043664883331372
2826-UWHIS,0.2586915616611594
7501-IWUNG,0.02837193377490128
4957-TREIR,0.20516305045684727
7251-LJBQN,0.39637302678283654
8040-MNRTF,0.7392284215200934
1536-HBSWP,0.608235826905995
5313-FPXWG,0.02357531257440166
0946-FKYTX,0.05469533282863803
5076-YVXCM,0.2736287105439676
8262-COGGB,0.38583370289427676
6663-JOCQO,0.12618256896396104
9620-QJREV,0.008981147011375607
2682-KEVRP,0.028641894603110528
2480-JZOSN,0.532492745453429
0078-XZMHT,0.015187391599817732
9978-HYCIN,0.0036929684516187893
8338-QIUNR,0.0027140732360255004
1525-LNLOJ,0.032775192127090805
9450-TRJUU,0.4192625024418558
1766-GKNMI,0.6309550813686491
6942-LBFDP,0.18580061801348355
1456-TWCGB,0.2695707226770524
7596-ZYWBB,0.00974104788369537
8329-UTMVM,0.35607672523734174
3014-WJKSM,0.3317310340836452
3347-YJZZE,0.021158321716063955
7929-DMBCV,0.28448784579439074
9661-JALZV,0.020790093156073063
5433-KYGHE,0.25385439668460735
4312-KFRXN,0.002933692137733471
5575-TPIZQ,0.22704787821790193
0114-IGABW,0.04603470959189161
9944-AEXBM,0.4683064132814589
1853-ARAAQ,0.1737554044009419
6952-OMNWB,0.43259176167104857
4697-LUPSU,0.04532847879197034
8434-VGEQQ,0.01339138340528923
6549-YMFAW,0.218356562991366
4950-HKQTE,0.034304897143796274
6786-OBWQR,0.2574927435157248
2753-JMMCV,0.06637992084832897
6621-YOBKI,0.0699162569764433
1216-JWVUX,0.06329866039091883
7564-GHCVB,0.002972367256212584
1173-NOEYG,0.39925639296941917
7595-EHCDL,0.0435690558406526
6647-ZEDXT,0.15425569323877447
2521-NPUZR,0.06620662247790529
1307-TVUFB,0.36120944554783313
7503-MIOGA,0.0013382767077669245
4381-MHQDC,0.014482666866469719
6923-JHPMP,0.5402547775829457
4018-PPNDW,0.021396035751966608
1635-FJFCC,0.38632892471413205
2499-AJYUA,0.020234889528049603
6919-ELBGL,0.030527202878150327
3966-HRMZA,0.5417036256785258
6425-JWTDV,0.01737906737891584
8405-IGQFX,0.0197295119739764
8224-IVVPA,0.1134579554017413
9477-LGWQI,0.047233727617677794
1410-RSCMR,0.07348688578858602
3115-CZMZD,0.04064789535644966
0139-IVFJG,0.5036892988928505
5730-DBDSI,0.011193446480154835
0030-FNXPP,0.20432615310174984
5684-FJVYR,0.0014759873947191595
4013-GUXND,0.39481907746653644
1266-NZYUI,0.005087160118033303
7969-FFOWG,0.0179796314982753
4718-DHSMV,0.3594414705176708
5175-WLYXL,0.4092238339884739
7817-OMJNA,0.02056675657798814
8728-SKJLR,0.35535264374429026
3137-NYQQI,0.19452300129307673
7706-DZNKK,0.04740818001229526
8823-RLPWL,0.00781668513527196
9505-SQFSW,0.27797178370117187
3758-CKOQL,0.27404141597425535
5676-CFLYY,0.017283636133882
7521-AFHAB,0.20162134737617188
0285-INHLN,0.08241996322317341
5125-CNDSP,0.021394171234715764
4992-LTJNE,0.008401583626405756
2202-OUTMO,0.06998744831723311
0810-BDHAW,0.21573055652407325
0229-LFJAF,0.0029133805232657646
7131-ZQZNK,0.02417717143230146
3442-ZHHCC,0.18416404943804304
5726-CVNYA,0.03547742658026832
9871-ELEYA,0.029877234251138564
4257-GAESD,0.3773204679976106
5173-WXOQV,0.3101274247322683
2040-OBMLJ,0.06166505067088004
6286-ZHAOK,0.06839458177172116
3807-XHCJH,0.3793767288094829
5671-RQRLP,0.11269664516548861
8859-AXJZP,0.028636241843680216
3174-AKMAS,0.0543488690030817
9926-PJHDQ,0.03819377663660344
7382-DFJTU,0.16911141522594217
2798-NYLMZ,0.16852757827657583
8098-TDCBU,0.0380475869634586
3551-GAEGL,0.07764869064031288
4785-NKHCX,0.14049754789598531
3196-NVXLZ,0.47119829502852395
0036-IHMOT,0.0019999942187768046
4178-EGMON,0.030064745759529842
4220-TINQT,0.2938792354029625
5318-YKDPV,0.03422934818054103
7975-TZMLR,0.39779831986046205
0295-QVKPB,0.18908823802840424
4335-BSMJS,0.011598073482075621
9146-JRIOX,0.056849130967212266
5337-IIWKZ,0.052473946549012926
9650-VBUOG,0.0015253278608112746
3487-EARAT,0.22948171006520196
2672-TGEFF,0.0424092227857181
4250-WAROZ,0.005407054953846615
8184-WMOFI,0.11060787958831178
6092-QZVPP,0.08541157514736113
4625-LAMOB,0.004161470989506274
0392-BZIUW,0.016598041015843022
6549-NNDYT,0.23422470699433642
0422-OHQHQ,0.038150960249783
6916-HIJSE,0.01748482232668808
2316-ESMLS,0.1325012781566452
9778-OGKQZ,0.0010650861069449128
7408-OFWXJ,0.001166334222348479
6007-TCTST,0.0024343203746305503
2252-NKNSI,0.019618463873030866
8713-IGZSO,0.24007306537833745
7905-TVXTA,0.28963783695236095
7695-PKLCZ,0.0011117779906143466
8374-UULRV,0.002160869563360578
3224-DFQNQ,0.1439555826316618
5275-PMFUT,0.00823502352876553
4795-UXVCJ,0.011047797020450566
9777-IQHWP,0.0017667332045399578
0979-MOZQI,0.033651356448222876
2732-ISEZX,0.07299617376683967
0323-XWWTN,0.010110435599348115
1937-OTUKY,0.003979964549044517
1573-LGXBA,0.002475819640033681
1764-VUUMT,0.00033749767276901213
4713-ZBURT,0.00845828548099801
3050-GBUSH,0.5721792838769174
7876-AEHIG,0.08053066338496474
7945-HLKEA,0.03233776942337241
9342-VNIMQ,0.15828477705816557
3523-BRGUW,0.011036338630909684
3199-NPKCN,0.34816450245936936
5170-PTRKA,0.03755297414824735
4661-NJEUX,0.4992969158898999
2123-AGEEN,0.6820704982977932
1258-YMZNM,0.2834894660623183
0048-LUMLS,0.0045956573851799465
5898-IGSLP,0.024134227362508066
6259-WJQLC,0.3720064181264794
7997-EASSD,0.040661557066119174
0730-KOAVE,0.3017970371975304
8975-SKGRX,0.06613311115625019
0678-RLHVP,0.20616143359369388
2267-FPIMA,0.26143783958305206
1051-GEJLJ,0.156800203773363
5285-MVEHD,0.34228577117494186
0379-DJQHR,0.1053206851063849
5543-QDCRY,0.44572811669623924
0297-RBCSG,0.12151400832347957
4694-PHWFW,0.08920645617784542
0835-JKADZ,0.09194464355684658
7508-SMHXL,0.4472485243085293
3865-YIOTT,0.00600888719291047
5993-BQHEA,0.02954161033606034
6024-RUGGH,0.0006044935328752281
3956-CJUST,0.23541297128976763
4079-WWQQQ,0.011597181050779955
6103-BOCOU,0.5069161225083789
5149-TGWDZ,0.30734192997805504
7471-WNSUF,0.02891525663178204
8942-DBMHZ,0.058101436307331625
4301-VVZKA,0.636463226514289
9199-PWQVC,0.08337897842236267
4824-GUCBY,0.2542639740866858
5393-HJZSM,0.037884497431081986
0862-PRCBS,0.010016159611203543
8812-ZRHFP,0.006160232445625977
5146-CBVOE,0.2476228661952379
0454-OKRCT,0.032843669138370266
5787-KXGIY,0.0017440232021473643
4198-VFOEA,0.08634275509033655
6630-UJZMY,0.8554919875570558
5709-LVOEQ,0.051475041776551246
2692-AQCPF,0.13247537004216595
0347-UBKUZ,0.14539474614327633
0835-DUUIQ,0.03144850010612561
0811-GSDTP,0.11826349118494865
7567-ECMCM,0.3120454556037853
6115-ZTBFQ,0.01221934116783128
6353-BRMMA,0.03815568810212895
6231-WFGFH,0.10306454208478504
9904-EHEVJ,0.03822468180145999
6169-PPETC,0.0014951508436246016
8584-KMVXD,0.3284902406299437
8467-WYNSR,0.11284629907309461
0851-DFJKB,0.21940906392594975
5382-SOYZL,0.6940248865206916
3261-CQXOL,0.00044398467762106323
8388-FYNPZ,0.22790092950976124
4002-BQWPQ,0.08952513085332671
5651-YLPRD,0.04698053526422318
2826-DXLQO,0.3488999497015023
4378-BZYFP,0.022434743071821483
9489-UTFKA,0.19328334666694413
4849-PYRLQ,0.023304347225860965
7764-BDPEE,0.1351168546440422
3429-IFLEM,0.007558040518424143
5002-GCQFH,0.3254890520374247
0556-FJEGU,0.018678129981733377
0604-THJFP,0.019433058906890975
5879-SESNB,0.4529671834527774
6461-PPAXN,0.04159422453836147
3318-ISQFQ,0.10215971641384433
1106-HRLKZ,0.001960912994244233
2483-XSSMZ,0.05867853561598031
8165-ZJRNM,0.0005300664750548815
2604-XVDAM,0.193565609807386
3717-OFRTN,0.3775964719911633
9046-JBFWA,0.0157997413985587
3280-NMUVX,0.026176312223495292
1206-EHBDD,0.06362331366741479
8361-LBRDI,0.026225892804202677
4883-KCPZJ,0.0055692169558039985
9108-EQPNQ,0.009985071592358738
7277-KAMWT,0.018343410513368023
2545-LXYVJ,0.003434300818549502
3234-VKACU,0.34187826218304546
8120-JDCAM,0.21891606189370974
8917-FAEMR,0.009269955529664297
7047-YXDMZ,0.04778792249994453
2858-EIMXH,0.31752097729195644
6419-ZTTLE,0.06883036973048702
0929-HYQEW,0.3153185279992545
6614-YOLAC,0.018032493289460903
7426-RHZGU,0.6249104821412926
4065-JJAVA,0.47019853349085206
7649-SIJJF,0.002577552155148121
9361-YNQWJ,0.009642361546284268
3748-FVMZZ,0.49691409667598674
9391-TTOYH,0.08540317131186399
1452-XRSJV,0.03831206915114901
3422-WJOYD,0.0438041229535636
8242-SOQUO,0.6256993667403761
7460-ITWWP,0.39972870275481415
7147-AYBAA,0.4590079583156688
7868-TMWMZ,0.03497447323158179
6732-FZUGP,0.07008671831624587
8329-GWVPJ,0.01512155303507756
1352-VHKAJ,0.010866340325867772
2632-TACXW,0.017323712806963553
8146-QQKZH,0.0065726018341994135
1767-CJKBA,0.0016051934632954606
6445-TNRXS,0.011560122818351162
4581-LNWUM,0.3933156548761266
4869-EPIUS,0.2623552746841444
1915-OAKWD,0.026474515191451567
7296-PIXQY,0.16249761222243622
3354-OADJP,0.07878213423358141
3524-WQDSG,0.11123912511281173
0810-DHDBD,0.0347338768485952
4026-SKKHW,0.3481685379748176
2829-HYVZP,0.018140701249619865
3845-JHAMY,0.15826101071143026
7013-PSXHK,0.1873823296104228
3486-NPGST,0.010717715060893859
6100-FJZDG,0.02719488755380086
4829-ZLJTK,0.019072407105684183
1730-VFMWO,0.06689520776727388
7143-BQIBA,0.14295703610741048
3800-LYTRK,0.058032401016912365
9646-NMHXE,0.024461585592603707
7030-NJVDP,0.3000272380589077
8883-GRDWQ,0.10921140457727492
7771-ZONAT,0.017897548242801303
2111-DWYHN,0.3486100610476882
4194-WHFCB,0.007360989915734162
4121-AGSIN,0.039495576985153026
9845-PEEKO,0.0820717421106403
0455-XFASS,0.26970462906416265
0301-KOBTQ,0.012210503811441188
1751-NCDLI,0.7442944715527846
4367-NUYAO,0.014845970700385961
9170-ARBTB,0.02448473088849339
7241-AJHFS,0.12309656744059803
4546-FOKWR,0.6145890956054305
9036-CSKBW,0.15956699102680932
5832-TRLPB,0.10611506552673762
8590-YFFQO,0.05607317635202142
8659-IOOPU,0.0006992353557790943
1338-CECEE,0.07947159716890467
7439-DKZTW,0.8776291197545883
4646-QZXTF,0.28224658109716516
9742-XOKTS,0.008503992984283353
6921-OZMFH,0.20522992864392056
9578-FOMUK,0.1367492414039871
4712-UYOOI,0.06980222889872138
7722-CVFXN,0.015509608183835035
8717-VCTXJ,0.021369238206645578
7363-QTBIW,0.7546554208036689
4159-NAAIX,0.052718916427376715
0971-QIFJK,0.0025708568813935673
9397-TZSHA,0.0016838661280971143
3391-JSQEW,0.19836656195391467
0343-QLUZP,0.02839193765382253
2176-LVPNX,0.0031959939246577985
3312-UUMZW,0.7239182771840045
1271-UODNO,0.03841654834037569
8461-EFQYM,0.04032747433449806
6900-RBKER,0.0713415202552531
6891-JPYFF,0.04347021825582613
1459-QNFQT,0.05564826574425836
1047-NNCBF,0.20105461013376286
3696-XRIEN,0.06755415708510926
0074-HDKDG,0.08622553590028798
8791-GFXLZ,0.2278585953571157
9330-DHBFL,0.08363457318156532
0098-BOWSO,0.10865175049461055
3452-ABWRL,0.3814940688957571
5859-HZYLF,0.0018625928200995763
3156-QLHBO,0.06068723423750942
2208-NQBCT,0.04342229180334009
1779-PWPMG,0.016740941727663997
6621-NRZAK,0.000634329191879683
0831-JNISG,0.0009796110552846215
0774-IFUVM,0.1108215503412304
3082-WQRVY,0.05597910180930383
9553-DLCLU,0.03475114488252594
1641-BYBTK,0.06639281756979316
2460-NGXBJ,0.1446062843555657
2446-ZKVAF,0.23592043319260572
3522-CDKHF,0.28579464905822716
1430-SFQSA,0.05371306733951477
0411-EZJZE,0.5220902974175947
8807-ARQET,0.2832098287780271
8992-CEUEN,0.2697364453704119
4320-QMLLA,0.3061418768597388
8777-PVYGU,0.02692331369284777
8292-ITGYJ,0.007079396700687654
6870-ZWMNX,0.06999846014050706
0621-CXBKL,0.03701895903405796
5268-DSMNQ,0.06039900054800895
5334-JLAXU,0.14456306600288588
6242-MBHPK,0.5919353741815493
9359-UGBTK,0.07050918037093505
4782-OSFXZ,0.0021000580340084776
6479-OAUSD,0.01100495385977121
7129-ACFOG,0.416259331007024
4189-NAKJS,0.04694178325935853
5562-BETPV,0.1538695759392407
1282-IHQAC,0.05900312983515965
9127-FHJBZ,0.004464735333077133
1641-RQDAY,0.06544148072492371
6994-ORCWG,0.14091184018355518
1346-UFHAX,0.5126206450742801
2933-XEUJM,0.021641698974767375
5461-QKNTN,0.36534311822112536
4835-YSJMR,0.016180447673954462
3164-YAXFY,0.27364261280051744
0887-WBJVH,0.19755668407294752
4660-IRIBM,0.057178555439374446
7670-ZBPOQ,0.028284807154711544
8089-UZWLX,0.09619320369660597
0080-OROZO,0.22627687203594032
3916-NRPAP,0.5541861986652687
6807-SIWJI,0.3105352370058759
8221-HVAYI,0.02225620790837123
5232-NXPAY,0.015664482499625747
8967-SZQAS,0.1850544072569992
4468-KAZHE,0.32740918203199154
0455-ENTCR,0.08008510104614469
8944-AILEF,0.10643579706093607
5542-NKVRU,0.006509715418831732
7126-RBHSD,0.44394636328362946
5370-IIVVL,0.29359381468082485
6789-HJBWG,0.2792151922414864
9087-EYCPR,0.011440254479295786
6791-YBNAK,0.08724496317958973
6077-BDPXA,0.6148779879914986
0013-MHZWF,0.14884443336232417
8268-YDIXR,0.12473763194980594
4291-SHSBH,0.5397687701495006
6980-IMXXE,0.00041785911803338404
0040-HALCW,0.0028992056506651318
0784-GTUUK,0.031022562091810313
2294-DMMUS,0.012892284498487346
0872-JCPIB,0.20704276217542084
3055-MJDSB,0.3676617783789648
9091-WTUUY,0.03439211446026305
7115-IRDHS,0.002852262950003718
8496-DMZUK,0.03008594056929305
2040-VZIKE,0.3830869000022281
9068-VPWQQ,0.04459053262854331
0178-SZBHO,0.038604482354817414
0384-RVBPI,0.09067693685803009
1299-AURJA,0.0002729330410107431
4525-VZCZG,0.016789205922935455
1543-LLLFT,0.040080929594211855
2788-CJQAQ,0.0237817451456838
0319-QZTCO,0.26936775829597276
2120-SMPEX,0.053149650132527974
0096-FCPUF,0.06203286384943034
0668-OGMHD,0.39605551684608653
6507-ZJSUR,0.545203649032379
9408-HRXRK,0.06190161159791334
5593-SUAOO,0.0057442577080568736
6766-HFKLA,0.06558179546800533
7617-EYGLW,0.35255277944233
9220-ZNKJI,0.017646160861959678
2226-ICFDO,0.0014887687244391759
0723-VSOBE,0.07103722335156692
5529-GIBVH,0.010477052583260196
9992-UJOEL,0.45212808688344464
4741-WWJQZ,0.6075201042293086
6625-UTXEW,0.3770190631091198
6244-BESBM,0.0012686266344049575
1004-NOZNR,0.00475338357139687
1251-STYSZ,0.5562169040793904
2612-PHGOX,0.05599402297878302
8480-PPONV,0.0031775815507259627
8780-IHCRN,0.0007452809279683241
4598-ZADCK,0.08326405431330722
1257-SXUXQ,0.06468153196337281
9681-KYGYB,0.30346045789810416
7182-OVLBJ,0.0018253635303140266
5095-ETBRJ,0.016935569062870606
7005-CYUIL,0.005305391455441189
4821-WQOYN,0.00013958818253806144
4730-AWNAU,0.10093192597916327
3452-FLHYD,0.03784341807523356
2388-LAESQ,0.016740941727663997
9531-NSBMR,0.02009909329879615
6260-ONULR,0.5792612123770813
4389-UEFCZ,0.05658061852710038
8711-LOBKY,0.004380557333489829
8985-OOPOS,0.2840148942257032
8800-ZKRFW,0.06891583576147388
2616-FLVQC,0.03241269229936647
9968-FFVVH,0.02505192688240318
3108-PCCGG,0.001879724007165998
8390-FESFV,0.01744488141135957
3022-BEXHZ,0.017797357303041814
6248-TKCQV,0.05246759668030728
6729-GDNGC,0.276344460112801
6198-ZFIOJ,0.5792694438591469
5989-OMNJE,0.26855605848310504
1291-CUOCY,0.033793918775260424
9795-SHUHB,0.0146144981177898
3230-IUALN,0.01176666983072826
0042-RLHYP,0.0008608337817244373
4945-RVMTE,0.10578666415075529
1866-NXPSP,0.06744619839536088
3941-XTSKM,0.25272915185035244
1661-CZBAU,0.059627364942567776
5158-RIVOP,0.004649803437686724
9788-YTFGE,0.12737576360525912
9277-JOOMO,0.16891999924751314
1907-YLNYW,0.21420311275027698
8947-YRTDV,0.003176374348138498
3161-ONRWK,0.01977142555780714
0114-RSRRW,0.2243865758002051
4565-NLZBV,0.004348718228482886
6682-VCIXC,0.09258715339443017
6475-VHUIZ,0.15498414479907274
3910-MRQOY,0.009450552464050067
0661-WCQNQ,0.06841211371342795
7537-RBWEA,0.5856032452461891
4656-CAURT,0.002112766553562598
0121-SNYRK,0.0122679898199222
3733-LSYCE,0.4946497240349852
6265-FRMTQ,0.009103336747736694
1371-DWPAZ,0.061678609680800404
2017-CCBLH,0.024114943550450883
7690-KPNCU,0.182342769118311
0536-BGFMZ,0.04920808410707507
2293-IJWPS,0.3182251305459473
5469-NUJUR,0.015557454022623297
2625-TRCZQ,0.5345086927847205
4102-HLENU,0.010504454560393211
7266-GSSJX,0.062150705415612
7722-VJRQD,0.019411812722123195
7073-QETQY,0.016045753300809144
5624-RYAMH,0.18821816153888182
0196-JTUQI,0.6051200548592492
7130-YXBRO,0.43397448969878244
9272-LSVYH,0.3890974474694114
3084-DOWLE,0.0032345526495534357
1084-MNSMJ,0.026678422634255888
4238-HFHSN,0.30909134525739423
6250-CGGUN,0.11522624137211056
5478-JJVZK,0.09876841137673162
7596-IIWYC,0.009570396908307192
9793-WECQC,0.28115386024274325
4291-HPAXL,0.317117369083854
8999-YPYBV,0.009744104749137412
1839-FBNFR,0.001427333613929893
3071-MVJCD,0.0032689587391056757
1697-BCSHV,0.005678792130689828
0562-KBDVM,0.013739178163853645
1131-SUEKT,0.0025465508506060373
3717-OEAUQ,0.5184089317739933
4538-WNTMJ,0.047250728185762536
9432-RUVSL,0.06241121659524135
8060-HIWJJ,0.018594152429242776
7684-XSZIY,0.0004582164474879918
9089-UOWJG,0.10873352795367947
8039-ACLPL,0.00197563190466751
9885-AIBVB,0.6398387270757209
1934-MKPXS,0.01768761385769364
2592-YKDIF,0.2974054425686164
2272-JKMSI,0.0020093412253830334
8714-CTZJW,0.6376778396710334
3569-EDBPQ,0.4637384847983719
3131-NWVFJ,0.0578026333469626
7521-YXVZY,0.14156479367464259
2373-NTKOD,0.38370806458873924
1970-KKFWL,0.01679428045350778
9337-SRRNI,0.0007534865379664447
0895-UADGO,0.030311925715496176
5678-VFNEQ,0.11094747851502
5977-CKHON,0.05613717966465222
2692-BUCFV,0.4373132665943531
1830-GGFNM,0.0020177340628066763
5302-BDJNT,0.24866080719145822
5223-UZAVK,0.1368726495200813
4859-ZSRDZ,0.022231456937749857
5651-WYIPH,0.3249916532389914
9350-VLHMB,0.01691642165502684
3498-LZGQZ,0.007686734300888577
8785-CJSHH,0.44544251127299134
3870-SPZSI,0.007749296120570794
7560-QRBXH,0.007633904496544485
7077-XJMET,0.34775194088166617
8752-GHJFU,0.009809685394945445
6896-SRVYQ,0.3375776266664726
4652-ODEVH,0.00494019459952474
6510-UPNKS,0.049178421503406886
6718-BDGHG,0.10784208904808809
9046-DQMTP,0.032557015116681284
6439-LAJXL,0.15841296753229941
9052-VKDUW,0.17777591339615076
1666-JZPZT,0.0638502406748455
5777-KJIRB,0.03927866205233602
7677-SJJJK,0.05379552247615897
2480-EJWYP,0.3508137122512627
3253-HKOKL,0.005730095482100399
7055-HNEOJ,0.37391837377391635
5514-YQENT,0.016102318415167332
3211-AAPKX,0.5866966763741068
8445-DNBAE,0.42595588663804024
2958-NHPPS,0.05569020415615276
6806-YDEUL,0.09848053768189911
1735-XMJVH,0.04418076238923219
6890-PFRQX,0.13345036434189442
0222-CNVPT,0.1873724755172639
5899-OUVKV,0.48997652505551603
8681-ICONS,0.016317955820123256
1621-YNCJH,0.17116980508881957
6362-QHAFM,0.6667419502425703
3070-BDOQC,0.08278368418301577
6234-PFPXL,0.47990263955530343
9824-QCJPK,0.014106385851970318
4283-IVYCI,0.1087129332683677
1866-OBPNR,0.33646056159482085
8205-MQUGY,0.1886918477272882
8970-ANWXO,0.14980368776042594
9480-BQJEI,0.06848950057779177
6979-TNDEU,0.0715258598176153
9777-WJJPR,0.39855400171281735
9495-SKLKD,0.0634812124543135
6048-UWKAL,0.13844941056289792
5067-DGXLL,0.10021729095127177
6281-FKEWS,0.2074097491764001
8898-KASCD,0.030612265918923447
9242-TKFSV,0.00823502352876553
9290-SHCMB,0.7352498530457636
0743-HNPFG,0.07730840301420826
2277-BKJKN,0.03170423668047478
5035-PGZXH,0.30930692216253874
8695-WDYEA,0.3718768163518271
6543-JXSOO,0.07265178108093445
8016-ZMGMO,0.0719676779075434
8605-ITULD,0.30763459442720237
6416-YJTTB,0.3869815123687607
4472-VESGY,0.0371268782190731
3195-TQDZX,0.16801397600081333
3128-YOVTD,0.02482651597277681
1728-CXQBE,0.19935957199515217
7041-TXQJH,0.2211552729774238
5014-GSOUQ,0.023850936026823644
5724-BIDBU,0.11626212779792836
0481-SUMCB,0.27495450674848537
1769-GRUIK,0.39449997109129115
8819-WFGGJ,0.03313205234709947
7427-AUFPY,0.02970802487012732
2811-POVEX,0.04936509946067271
7898-PDWQE,0.00418384506140973
9972-EWRJS,0.0011468282121117072
9314-IJWSQ,0.1980614979996748
5799-JRCZO,0.002153988613107471
1921-KYSAY,0.16588317662889376
6198-RTPMF,0.5291771097617998
2924-KHUVI,0.4435963651850085
1925-GMVBW,0.06527986048312877
6184-DYUOB,0.2750434904019144
9207-ZPANB,0.09423711409886056
9327-QSDED,0.27843631118405204
1656-DRSMG,0.1996452157095845
3012-VFFMN,0.049200937990443734
2984-AFWNC,0.5482885059572012
0640-YJTPY,0.0009294592504625392
8096-LOIST,0.3908618314524833
9764-REAFF,0.09610783860064999
7107-UBYKY,0.04107317079441771
4881-GQJTW,0.051266358590564325
7876-DNYAP,0.00016787640894897832
7905-NJMXS,0.20855117808755846
2882-WDTBA,0.09184250485657565
2091-GPPIQ,0.018284241318520137
5071-FBJFS,0.29102508107201974
2796-UUZZO,0.0025676329946940496
2429-AYKKO,0.00552236930562861
9798-OPFEM,0.01224483051737989
3794-NFNCH,0.1462218177980983
5193-QLVZB,0.17861969447680823
7114-AEOZE,0.06063477164583075
5522-NYKPB,0.036995773687079576
9957-YODKZ,0.8271729873347375
6518-KZXCB,0.02846457954416111
2245-ADZFJ,0.05062888362169167
7776-QGYJC,0.03241157738908344
9313-QOLTZ,0.03350607093905146
4672-FOTSD,0.27498411264689776
9818-XQCUV,0.10926297103648462
7338-ERIVA,0.035887590884736933
8259-NFJTV,0.1325149763388035
3223-DWFIO,0.5320281399599143
6968-GMKPR,0.2825517705877812
4751-ERMAN,0.031869311526398846
1436-ZMJAN,0.30198908313520617
3292-PBZEJ,0.7629264629321824
0799-DDIHE,0.17160165205454656
3070-FNFZQ,0.001775761301118992
2812-SFXMJ,0.317117369083854
5014-WUQMG,0.0071693631582078355
5312-TSZVC,0.037406501025710595
0993-OSGPT,0.01412070806061358
7108-DGVUU,0.130174358197418
2782-JEEBU,0.2344785150271865
5127-BZENZ,0.046440344185670016
2720-FVBQP,0.22995907674969485
9906-NHHVC,0.05635837279384046
4522-XRWWI,0.14031890022033158
3766-EJLFL,0.017406543776971043
5939-SXWHM,0.002743838614169814
8152-UOBNY,0.25993450380283867
7351-KYHQH,0.3276693991588888
7643-RCHXS,0.0054234092039619495
8246-SHFGA,0.06908987600629989
0620-XEFWH,0.058873463658291526
6485-QXWWE,0.0015969442055236952
7321-VGNKU,0.6872154040717653
5327-CNLUQ,0.1290116599559957
7552-KEYGT,0.02175205325858608
5816-JMLGY,0.02811804495886946
2927-QRRQV,0.33479688972798727
6265-SXWBU,0.002767397753611712
7941-RCJOW,0.01085764023962897
6374-NTQLP,0.0025471887198920983
2387-KDZQY,0.042638850427945796
3584-WKTTW,0.4749778664618532
3399-BMLVW,0.048517702923251464
1971-DTCZB,0.0027552866428246525
3374-PZLXD,0.061732417780247385
3813-DHBBB,0.01917900458311664
2812-REYAT,0.013956931110943547
6518-PPLMZ,0.021917306156690953
4939-KYYPY,0.05587819040106237
5930-GBIWP,0.028603765279624174
6022-KOUQO,0.2998068673772999
2361-UPSND,0.0879190469308816
6035-RIIOM,0.1732303526912371
9504-DSHWM,0.09757841852940653
5035-BVCXS,0.4163651163027194
6267-DCFFZ,0.630970326027544
3533-UVMOM,0.06960638859277143
2439-LYPMQ,0.6396341393377624
1478-VPOAD,0.5419205502462806
9995-HOTOH,0.06021004863083618
2988-PLAHS,0.3683184544368722
1371-OJCEK,0.047099044823325935
4999-IEZLT,0.00404518806717627
8883-ANODQ,0.005815737798211261
2351-RRBUE,0.03806945887255038
5980-BDHPY,0.003996114905802952
1498-DQNRX,0.08241734220595077
9469-WEJBT,0.29454871705330055
2581-VKIRT,0.017706766318434864
7426-WEIJX,0.00956224088522277
2851-MMUTZ,0.12808743200888761
3307-TLCUD,0.27367292690640255
6625-FLENO,0.05024350078417207
2967-MXRAV,0.09213298993000008
8189-HBVRW,0.1401155406000532
4163-KIUHY,0.11536294218825535
3500-NSDOA,0.054336410810437115
1171-TYKUR,0.18507965983912664
3761-FLYZI,0.26430882559626423
1219-NNDDO,0.6713549296010992
8388-DMKAE,0.015585296201816158
4403-BWPAY,0.05899870313011146
9659-QEQSY,0.2623792166646408
5405-ZMYXQ,0.6528789519901055
1442-OKRJE,0.0061612346985258255
4737-AQCPU,0.0022352125433750744
2808-CHTDM,0.003959598912597016
0793-TWELN,0.5503673129622211
3283-WCWXT,0.008639584667249251
1060-ENTOF,0.16867406503261267
0999-QXNSA,0.18786784891621247
5451-MHQOF,0.06243160552117966
4836-WNFNO,0.000897284317159397
9225-BZLNZ,0.006486895943202389
0354-VXMJC,0.0017128751063197893
4422-QVIJA,0.021110672845097645
9365-SRSZE,0.43951168801376694
8332-OSJDW,0.10333899146229203
4735-BJKOU,0.004954212137207004
0274-JKUJR,0.13445663641038752
5740-YHGTW,0.01167005076697464
8917-SZTTJ,0.004309253311544428
1696-MZVAU,0.05756699140943244
7359-WWYJV,0.008470661154673393
4906-ZHGPK,0.10550257236075967
3795-GWTRD,0.02605314714506565
1298-PHBTI,0.0012410683167851642
6223-DHJGV,0.007404281231202116
6961-MJKBO,0.005738684973440382
8158-WPEZG,0.34095324139394745
4918-FYJNT,0.16952886546087456
0727-BNRLG,0.07416374634601593
4854-CIDCF,0.5630977316960596
3280-MRDOF,0.030714848229982144
6435-SRWBJ,0.784507611481359
9964-WBQDJ,0.003776729154503781
6303-KFWSL,0.10790894562386183
1702-CCFNJ,0.10613022864776897
8932-CZHRQ,0.2022567656065015
0386-CWRGM,0.0019087032446063767
5515-RUGKN,0.2864762361399196
0404-AHASP,0.0010690921108051014
7279-NMVJC,0.057070267510995365
2081-VEYEH,0.5996968269608826
6407-UTSLV,0.696315762436467
9060-HJJRW,0.1658935603255365
2587-YNLES,0.004521893368819564
7398-SKNQZ,0.8243679529213416
5935-FCCNB,0.6688830421070354
1958-RNRKS,0.12183126273583354
5136-RGMZO,0.18155509906300807
8345-MVDYC,0.014653469219606904
8226-BXGES,0.04037261523260152
9705-IOVQQ,0.0037987890456840393
1015-OWJKI,0.22856322714819743
2040-XBAVJ,0.002544668438224473
8887-IPQNC,0.3417501827324775
8646-JCOMS,0.1899832019995417
1222-KJNZD,0.0060253621728941
0106-GHRQR,0.24022932938151603
3768-VHXQO,0.0024535906964781294
8952-WCVCD,0.35233330565206045
2418-TPEUN,0.0023384579870010225
3963-RYFNS,0.02016559614831046
8540-ZQGEA,0.024775436227876965
1320-REHCS,0.38734221186968376
4137-JOPHL,0.014580354784109717
7801-CEDNV,0.0468560273619543
2057-BOYKM,0.0016384096745915534
3658-QQJYD,0.11672969944444683
1803-BGNBD,0.28965132315985603
0134-XWXCE,0.10236377328449824
6950-TWMYB,0.003882626070198325
5848-FHRFC,0.00325546940383557
2243-FNMMI,0.06272725225139225
2511-MORQY,0.07850809655068067
5356-KZCKT,0.023555148749856553
9470-XCCEM,0.026859857124749673
6519-CFDBX,0.6614109726323377
3902-MIVLE,0.01608202429363158
0409-WTMPL,0.1999145523570017
8763-KIAFH,0.023654478025025544
3669-WHAFY,0.0322184298690133
3055-VTCGS,0.03310022594839295
3144-KMTWZ,0.09137507089252109
2007-QVGAW,0.0014417070222859172
5207-PLSTK,0.3651636154814783
2307-FYNNL,0.19127853866521394
5605-XNWEN,0.004011765955105853
2155-AMQRX,0.13263126568146597
6181-AXXYF,0.00015148380672081965
5091-HFAZW,0.5665514887217995
2519-LBNQL,0.26549895587989086
8623-ULFNQ,0.19182225161900482
1568-LJSZU,0.05353642414550852
7789-HKSBS,0.4500537964884415
7416-CKTEP,0.1458852507836389
2586-CWXVV,0.42077850431961816
2348-KCJLT,0.051367146695733376
8401-EMUWF,0.03266675141709224
4193-IBKSW,0.0003862724536000418
5377-NDTOU,0.004553425674834194
2474-LCNUE,0.14761715878714082
0839-QNXME,0.013365102768714289
3506-OVLKD,0.0241973939504451
6650-VJONK,0.5656889730002768
2178-PMGCJ,0.2833131983137609
7492-TAFJD,0.049422170438317765
2773-MADBQ,0.011123140090673922
6016-LVTJQ,0.010955673122856788
7860-KSUGX,0.002393115653030266
8966-KZXXA,0.0019489529067263764
5149-QYTTU,0.0006897241336624447
2070-XYMFH,0.4019902770890731
2085-BOJKI,0.38495251342132353
0817-HSUSE,0.5476408109789853
5442-PPTJY,0.004341972117122525
1927-QEWMY,0.00039754205895162404
1663-MHLHE,0.22856322714819743
5663-QBGIS,0.010978296495948784
4450-MDZFX,0.007625106817847528
6701-DHKWQ,0.01632208550001524
7554-AKDQF,0.3135364552512241
0794-YVSGE,0.0009297741381350386
5423-BHIXO,0.22374846824293618
6908-VVYHM,0.3836618628697393
2959-EEXWB,0.04321889450970378
1839-UMACK,0.01864497032360882
3030-YDNRM,0.7104398855583507
7321-KKSDU,0.00237341443499682
3402-XRIUO,0.16271639495541126
8286-AFUYI,0.4908396008755772
8356-WUAOJ,0.7244425035319201
8058-DMYRU,0.4556637317039786
9350-ZXYJC,0.043884375181900435
8958-JPTRR,0.12027197409926492
6959-GQEGV,0.14856083059985495
3173-WSSUE,0.0003699751790763545
1265-HVPZB,0.058806174348168594
4115-UMJFQ,0.06475079875559676
7369-TRPFD,0.01795584260812099
1098-KFQEC,0.0037983340842881
7190-XHTWJ,0.015136457868333847
3537-RYBHH,0.16932203360936227
5296-BFCYD,0.000774139648627326
9359-JANWS,0.04878757320090628
3279-DYZQM,0.002058877706369243
0523-VNGTF,0.23249252914354612
9575-IWCAZ,0.0876507399399281
7105-MXJLL,0.07768694284954336
7064-FRRSW,0.4492526185001296
7940-UQQUG,0.0022754318775459782
3961-SXAXY,0.5564767611800029
7010-BRBUU,0.0001869614113103937
3566-HJGPK,0.6043319422437013
3062-ICYZQ,0.03588704602031417
9938-PRCVK,0.0014953735583019205
0973-KYVNF,0.004430388504034116
5129-HHMZC,0.026634056307185898
9637-CDTKZ,0.013000111599111134
3946-JEWRQ,0.3569210106905764
7873-CVMAW,0.00198296218895567
0463-WZZKO,0.12964708024486077
4524-QCSSM,0.29644691528066325
5832-EXGTT,0.03917347052865756
2039-JONDJ,0.042774052803735904
7217-JYHOQ,0.031065028918357596
6695-FRVEC,0.013086134310934427
9894-QMIMJ,0.051626889568838
8069-YQQAJ,0.3235579241391739
1636-NTNCO,0.5160266671975646
3466-WAESX,0.27662764523364514
9281-PKKZE,0.37646616510188124
3638-VBZTA,0.031152086065317726
7459-IMVYU,0.13358864240932802
8563-OYMQY,0.30975507569363236
0754-EEBDC,0.006525730243105451
5777-ZPQNC,0.08031112612702809
1951-IEYXM,0.0013960947593809644
3318-NMQXL,0.7313729872975111
1022-RKXDR,0.01775446333392748
2361-FJWNO,0.05734021433893419
2272-UOINI,0.2201194079587617
8232-UTFOZ,0.0011503375008285464
3750-YHRYO,0.04181092259040636
6637-KYRCV,0.32328692206620907
5668-MEISB,0.001315144572808929
0129-QMPDR,0.012571890756211285
7188-CBBBA,0.22547052132993545
5356-CSVSQ,0.4692031986949633
3221-CJMSG,0.06425030607961207
3219-JQRSL,0.0013759347715700879
2801-NISEI,0.11219397017724064
4623-ZKHLY,0.06918500385841453
6732-VAILE,0.039526047173128014
8201-AAXCB,0.067853920673065
7696-CFTAT,0.0021137982153087227
1845-CSBRZ,0.05451410641433615
2123-VSCOT,0.03682639128709795
2018-QKYGT,0.5046757194924889
2792-VPPET,0.15630124058658915
7409-JURKQ,0.30656968412812613
3247-MHJKM,0.3215971822570575
1964-SVLEA,0.0335261695178266
7297-DVYGA,0.01690173772443456
2239-CGBUZ,0.055017030521384035
0854-UYHZD,0.0033459749968969893
7243-LCGGZ,0.42215138884386366
8267-KFGYD,0.35867934337838026
4890-VMUAV,0.045482885218651244
9261-WDCAF,0.4595915311158354
3764-MNMOI,0.009516194427669147
7442-YGZFK,0.5530095992249786
8229-BUJHX,0.0004755407084501091
7449-HVPIV,0.010921576465256119
5504-WSIUR,0.07659832504615033
8466-PZBLH,0.015148551066041523
8735-IJJEG,0.18657269355387354
0564-MUUQK,0.12401176866051872
0701-RFGFI,0.03944236472715394
0019-EFAEP,0.005236079202623988
5619-PTMIK,0.18787420636419638
3737-XBQDD,0.485327947236176
5882-CMAZQ,0.24169693909865336
5846-QFDFI,0.03334377672725302
4445-KWOKW,0.07269414620961426
3511-APPBJ,0.4150479460990161
7967-HYCDE,0.4259396178863177
2430-RRYUW,0.008742342879392451
3723-BFBGR,0.17740182591874382
5447-WZAFP,0.22495689652485917
5110-CHOPY,0.04188361567391322
4425-OWHWB,0.02149416676519302
7892-QVYKW,0.06197850662769931
9675-ICXCT,0.006050144402976812
4703-MQYKT,0.015691992111911114
5692-ICXLW,0.554881223296913
0602-DDUML,0.008704220016296853
2208-MPXIO,0.0008954393514308647
1960-UYCNN,0.7715741635613961
3190-FZATL,0.055098298977384455
7336-RLLRH,0.09709033151942081
7710-JSYOA,0.002927773734037589
9885-MFVSU,0.018826426978383902
0607-MVMGC,0.152280554106429
3365-SAIGS,0.49732754746689956
8022-BECSI,0.018537770830131944
9993-LHIEB,0.022205888880570228
0266-CLZKZ,0.013936879627850169
7020-OZKXZ,0.3884942457903788
3977-QCRSL,0.12372685175818916
0017-DINOC,0.030313634315527183
7639-OPLNG,0.04943047298898115
1492-QGCLU,0.06194464612550573
7328-OWMOM,0.015304277463762374
4418-LZMSV,0.07527449286650312
5155-AZQPB,0.02415748892674964
1087-GRUYI,0.008003982587865409
2546-KZAAT,0.05699045441908878
0181-RITDD,0.002557157442473858
5989-PGKJB,0.44786953069993063
8272-ONJLV,0.32608201015683064
1488-PBLJN,0.0024343203746305503
0308-GIQJT,0.13750757693633703
3778-FOAQW,0.02540626676696843
4452-ROHMO,0.018928565040948985
3090-LETTY,0.16327637353624672
5349-AZPEW,0.1639872636675255
9720-JJJOR,0.09479222518967421
8100-HZZLJ,0.08345981456051024
8775-ERLNB,0.8533907976862013
8309-IEYJD,0.7650643720715904
7398-HPYZQ,0.009977238578818654
3546-GHEAE,0.018172639776579017
7361-YPXFS,0.09542865803557549
6557-BZXLQ,0.44388770057694493
2550-QHZGP,0.023142332041555344
7519-JTWQH,0.1895711664670147
2538-OIMXF,0.31356427835212636
8543-MSDMF,0.3846482898120237
1170-SASML,0.39872113469602055
4872-JCVCA,0.012207014447557282
5346-BZCHP,0.0014953743647038887
2038-LLMLM,0.43079738254590255
1216-BGTSP,0.34279375145495183
4138-NAXED,0.17927520971169394
0744-BIKKF,0.003588343854249107
7483-IQWIB,0.05788910512931397
5248-KWLAR,0.015956841373249004
7996-MHXLW,0.0025974111766381004
7833-PKIHD,0.0827552933759544
7061-OVMIM,0.039155288997992324
5153-RTHKF,0.4583308699709299
1852-QSWCD,0.0012735453444815135
4832-VRBMR,0.2528254695946578
9079-LWTFD,0.17657016415746918
3392-EHMNK,0.004901557128565951
5986-WWXDV,0.014259167097456284
3061-BCKYI,0.11071987139498901
7901-TBKJX,0.5936200808764838
7228-PAQPD,0.11708498485180928
7746-QYVCO,0.12700108151441517
5804-HYIEZ,0.040402762065421614
9919-FZDED,0.002211097602468481
5934-TSSAU,0.03815000112237584
3486-KHMLI,0.05085157078397911
6784-XYJAE,0.038482935743190075
3933-DQPWX,0.012369086833780645
6661-EIPZC,0.02570837712705894
8957-THMOA,0.0005269055922379722
2251-PYLPB,0.0009411281862546988
5555-RNPGT,0.08772887913641352
1057-FOGLZ,0.08227107669762423
8087-LGYHQ,0.7250157676888562
4137-BTIKL,0.5988913597261981
2190-BCXEC,0.47663001457255283
6227-FBDXH,0.2050333059724826
2911-WDXMV,0.12847816519205207
7206-PQBBZ,0.6067608181402191
4547-FZJWE,0.1616798493541698
7422-WNBTY,0.5684908262508908
0842-IWYCP,0.08739322256302932
3521-HTQTV,0.019922357746551662
3744-ZBHON,0.17534232090846497
3373-DIUUN,0.006027692773917355
8383-SGHJU,0.049855895480966764
7607-QKKTJ,0.007417404939021782
7707-PYBBH,0.07989914556906318
8984-HPEMB,0.035703460292854636
4139-DETXS,0.01586019466442362
9779-DPNEJ,0.11675701887671723
9805-FILKB,0.013739711515634166
5793-YOLJN,0.004084571116553797
0673-IGUQO,0.30002273648341826
4123-FCVCB,0.24557991838649576
8819-IMISP,0.5362692422070409
8311-UEUAB,0.14624345753160636
5858-EAFCZ,0.46951315706203767
1163-ONYEY,0.048349139159710224
5656-MJEFC,0.033739396312596905
6082-OQFBA,0.03063160635780836
8974-OVACP,0.40123918774658573
4010-YLMVT,0.2921153711098898
1379-FRVEB,0.33434621422942845
8612-GXIDD,0.007794206625415205
6288-CHQJB,0.030409612714105312
8160-HOWOX,0.40770666657167387
6648-INWPS,0.14592167491630056
4223-BKEOR,0.075605617509675
4079-VTGLK,0.0353169459872287
1763-WQFUK,0.3481685379748176
1391-UBDAR,0.3913332966109049
8894-JVDCV,0.05723151801078826
2023-VQFDL,0.062446361841982156
1345-GKDZZ,0.05813029898083333
2014-MKGMH,0.28275749946926654
5628-FCGYG,0.5764050741119761
2560-WBWXF,0.003799429444554455
0248-IPDFW,0.6470024960941954
7978-DKUQH,0.48616900121135165
4335-UPJSI,0.0021197839702083803
1784-EZDKJ,0.4859925164910193
9297-FVVDH,0.03541559460542292
8007-YYPWD,0.03264594637003256
7101-HRBLJ,0.0032757821150822047
6635-CPNUN,0.425826721330662
5453-YBTWV,0.0052888075102524605
5039-LZRQT,0.029217953800625886
2931-VUVJN,0.0640930995101149
6418-PIQSP,0.007821122447497131
8220-OCUFY,0.09472306618281212
3995-WFCSM,0.4268570935630429
1895-QTKDO,0.4432550531367919
2038-OEQZH,0.5638757123947129
1178-PZGAB,0.025055731207342762
2626-VEEWG,0.0006665947165768045
2878-RMWXY,0.002678103146541049
1657-DYMBM,0.029104878839648466
7311-MQJCH,0.0403315374618496
7375-WMVMT,0.002484014526198822
1136-XGEQU,0.15034744320297444
2530-FMFXO,0.00662739950869756
6844-DZKRF,0.327495833910964
5970-GHJAW,0.0005936096809439641
8879-XUAHX,0.07067056113366459
3689-MOZGR,0.24599372476492243
4195-PNGZS,0.0002932818684133525
5003-XZWWO,0.009202145573093044
7622-FWGEW,0.027101026663753525
6922-NCEDI,0.06194859852821433
9891-NQDBD,0.06959654478661581
6131-IUNXN,0.03250939154123629
8548-AWOFC,0.08237397684011813
9798-DRYDS,0.14918196087703778
8532-UEFWH,0.002974005379754611
6296-DDOOR,0.16627545646577624
7951-VRDVK,0.07593516241134583
4815-YOSUK,0.0010233108383171695
0380-NEAVX,0.29521801454061725
4365-MSDYN,0.16025313366679528
7036-TYDEC,0.18533594787415933
5802-ADBRC,0.26867037322368986
8076-FEZKJ,0.026924959598210264
5197-YPYBZ,0.0067091629728565465
4312-GVYNH,0.022751323214337656
8495-LJDFO,0.14311024433423206
0839-JTCUD,0.04122164798822633
5494-WOZRZ,0.006839980260885476
1302-UHBDD,0.4315779192375151
2234-EOFPT,0.004408116235143691
8619-IJNDK,0.007207522080217586
8378-LKJAF,0.059218588722969104
1153-GNOLC,0.20909114135712054
3298-QEICA,0.0525835005321026
0788-DXBFY,0.3553007200021559
3597-YASZG,0.18774099251739418
3496-LFSZU,0.622951559717425
5242-UOWHD,0.0007584034329668254
6479-SZPLM,0.0022201176056852946
8097-VBQTZ,0.032890861458612024
4500-HKANN,0.02529347245838445
9917-KWRBE,0.13149497899528717
3420-ZDBMA,0.5244539974263389
2212-LYASK,0.2599617845060672
1393-IMKZG,0.8575256627527796
8069-RHUXK,0.02169680737345873
3398-GCPMU,0.0010599377067328577
2908-WGAXL,0.0022885062891538316
3378-AJRAO,0.06117977311758279
1013-QCWAM,0.45366278161740475
6050-FFXES,0.26688455289706337
0362-RAOQO,0.013251276067227391
9554-DFKIC,0.037260091108027714
5527-ACHSO,0.20008301279517204
0829-DDVLK,0.05390022198414346
1399-UBQIU,0.33424940749589616
1813-JLKWR,0.04182348744789693
0336-PIKEI,0.012188964968756903
7322-OCWHC,0.0011101601369021825
9537-VHDTA,0.33083923944031224
4957-TIALW,0.085841297698123
2054-PJOCK,0.03916109908738999
9150-HEPMB,0.021379165768722057
9030-QGZNL,0.015619804135405374
3126-WQMGH,0.18394351019857225
7176-WRTNX,0.19479043206578708
5732-IKGQH,0.4630843804325082
9239-GZHZE,0.007071450703532422
7205-BAIAD,0.005253157642919704
0093-EXYQL,0.42711380878860655
8064-RAVOH,0.46867396971196573
0219-QAERP,0.020161143702638877
9168-INPSZ,0.48080299291651407
0015-UOCOJ,0.3859955519127806
5334-AFQJB,0.001369853672476357
2754-SDJRD,0.8976747001286729
8963-JLGJT,0.2526547178667149
1465-LNTLJ,0.13896078048078897
2135-DQWAQ,0.6397117334104896
4056-QHXHZ,0.0023273048725599293
7401-JIXNM,0.027006201025896494
9339-FIIJL,0.00696673346520715
4706-DGAHW,0.6388959511217078
6670-MFRPK,0.004589369879785188
6177-PEVRA,0.04007906889412114
4813-HQMGZ,0.8610260701197477
7579-KKLOE,0.006247717491208597
8402-EIVQS,0.3261216624758766
4947-DSMXK,0.05912966471343502
7245-NIIWQ,0.5882170100055583
0002-ORFBO,0.10517197655455818
3324-OIRTO,0.003741475320106914
5414-OFQCB,0.07065292327000508
4967-WPNCF,0.012974040689763619
8552-OBVRU,0.052518145589264174
8499-BRXTD,0.028881576023381157
9154-QDGTH,0.015466580119567388
8197-BFWVU,0.002131333385315815
2577-GVSIL,0.2006893020392384
9367-OIUXP,0.08228116165350724
6770-UAYGJ,0.001996111737801272
6463-HHXJR,0.000855993818620939
7928-VJYAB,0.1445398004825007
1187-WILMM,0.008199764497349517
9776-OJUZI,0.302017092652644
1306-RPWXZ,0.0012377705591057984
3097-PYWXL,0.20579040475224242
2266-SJNAT,0.024193663043221243
0869-PAPRP,0.38289907582373667
4238-JSSWH,0.38966128442056536
2972-YDYUW,0.07884503796416663
1104-FEJAM,0.029180705870086608
2809-ILCYT,0.08863864939350737
5499-ECUTN,0.07510016232485688
4981-FLTMF,0.008897490094722587
9121-PHQSR,0.5998577206678175
3113-IWHLC,0.21532587955997395
4277-BWBML,0.0013721217369897835
0234-TEVTT,0.007313366172892689
4304-TSPVK,0.14176109354309951
1552-AAGRX,0.36163284143829727
2637-FKFSY,0.5056475365257846
9796-MVYXX,0.043511557065871745
7874-ECPQJ,0.15070485494314306
0020-INWCK,0.001186112320990863
7089-RKVSZ,0.12619969565249073
2683-JXWQQ,0.023152298911258595
9548-ZMVTX,0.00021658637080254723
8739-XNIKG,0.8365525227003983
9755-JHNMN,0.023266268015281567
3981-QSVQI,0.13373941283220164
2789-HQBOU,0.6471360835255374
9424-CMPOG,0.004138997987034551
5067-WJEUN,0.001095334812197239
3450-WXOAT,0.08552943583510207
9251-WNSOD,0.11401513011337612
6974-DAFLI,0.23704678928546102
2616-UUTFK,0.16946174726269203
7064-JHXCE,0.0007015434085919329
7989-AWGEH,0.07062772227186773
4373-VVHQL,0.6744821573267232
4559-UWIHT,0.7762468946857276
7268-IGMFD,0.33959703463809215
6650-BWFRT,0.007071450703532422
9570-KYEUA,0.042193109847647424
6993-YGFJV,0.1796994810917054
2712-SYWAY,0.43437674547896576
0730-BGQGF,0.0011786822055156801
5498-IBWPI,0.0010278006096154694
9101-NTIXF,0.10218787172615544
0013-SMEOE,0.044857943774110204
9314-QDMDW,0.188536385572942
9308-ANMVE,0.09244341828090233
3413-DHLPB,0.012137330839806195
7649-PHJVR,0.02587421839783546
6114-TCFID,0.09517846307626933
3787-TRIAL,0.26563166619468254
2573-GYRUU,0.4373193932063037
5156-UMKOW,0.2150187001562732
1247-QBVSH,0.036273276468072664
6734-GMPVK,0.6522801708120943
9822-OAOVB,0.7346379682558043
6161-ERDGD,0.003020044585527173
1226-JZNKR,0.1812512559434702
7318-EIVKO,0.41724943570231154
3771-PZOBW,0.48187158824235854
8231-BSWXX,0.023794745012404143
6486-LHTMA,0.2888687100984231
4083-BFNYK,0.20343822835135947
7389-KBFIT,0.39484216735431443
7176-WIONM,0.4429519165239153
5141-ZUVBH,0.41053041721653843
1089-HDMKP,0.18557021816349747
7623-HKYRK,0.07779442473097829
0310-SUCIN,0.019058102985855845
5197-PYEPU,0.004404225472728686
6619-RPLQZ,0.0009440656328913163
3275-RHRNE,0.0034526786820300694
3503-TYDAY,0.37535413241431603
6901-GOGZG,0.00246007761796427
7021-XSNYE,0.009022908766649965
9621-OUPYD,0.03244612937457351
8982-NHAVY,0.3557607744972447
4307-KWMXE,0.2089492874219171
0141-YEAYS,0.4946167198063518
2450-ZKEED,0.075988475386997
3694-DELSO,0.3216454388186513
3893-JRNFS,0.14541667497677058
9603-OAIHC,0.8575055297970314
1133-KXCGE,0.031796283636115356
0142-GVYSN,0.07473066851160706
1049-FYSYG,0.34082481231544015
8406-LNMHF,0.06493995769426486
1821-BUCWY,0.011333294479156108
0023-UYUPN,0.04370343655856841
8314-DPQHL,0.1249730737021126
1465-WCZVT,0.1487555590204896
9481-SFCQY,0.12983285592308158
6360-SVNWV,0.18074981083991293
0567-GGCAC,0.14396405048878416
8884-MRNSU,0.08088686925128338
2171-UDMFD,0.04415265233820184
9050-IKDZA,0.6881632219412899
9802-CAQUT,0.0009882870034203634
0187-WZNAB,0.022961985237706765
1475-VWVDO,0.5680576388132395
1357-MVDOZ,0.1096938243031286
7602-MVRMB,0.003590641479444972
1197-BVMVG,0.7410201132699981
5406-KGRMX,0.002345977294338026
5968-HYJRZ,0.004555518173079203
5198-EFNBM,0.21874879015053264
7516-GMHUV,0.33415361923861586
7140-ADSMJ,0.049377584647110756
2230-XTUWL,0.0017614964585760348
7706-YLMQA,0.012902029316783557
2585-KTFRE,0.24843324599769012
7994-UYIVZ,0.8710227643460381
7717-BICXI,0.003296045320987816
6559-RAKOZ,0.010288458632345454
4716-MRVEN,0.012276540016599169
2143-LJULT,0.0037329103092443023
3200-MNQTF,0.11765650865932556
6164-HXUGH,0.11615697716244872
5630-IXDXV,0.5026429968431085
0320-DWVTU,0.04115908047582498
9135-MGVPY,0.015628280508340132
1212-GLHMD,0.43960008440380843
7878-JGDKK,0.3364671968156453
1088-AUUZZ,0.0023249664800720185
6614-YWYSC,0.01993809616833307
9588-OZDMQ,0.6261316059367761
6476-EPYZR,0.03338424380947441
1174-FGIFN,0.009153267526298213
6620-HVDUJ,0.10382356527224601
1032-MAELW,0.010643096230127371
7641-TQFHN,0.004383428347297764
1552-TKMXS,0.039761225485259816
8622-ZLFKO,0.8773354093510274
6188-UXBBR,0.017532018654856086
2333-KWEWW,0.01963859531191833
5702-SKUOB,0.14018644026818367
1134-YWTYF,0.20790026680780424
6061-GWWAV,0.004136884237905333
0679-TDGAK,0.005146571080132351
6585-WCEWR,0.001378140605695389
9067-YGSCA,0.0032454090948644317
9067-SQTNS,0.001138409043564859
1776-SPBWV,0.002381248056397747
8735-SDUFN,0.0032332218998438363
9668-PUGNU,0.006638159323543832
9405-GPBBG,0.07119064309975205
1926-QUZNN,0.003978326071501154
7016-NVRIC,0.14240289619582477
5829-NVSQN,0.1185281255023076
9565-AXSMR,0.004487747378210926
8869-LIHMK,0.05275741168595303
0447-RXSGD,0.6710263555473578
4927-WWOOZ,0.8931412465244007
5788-YPOEG,0.0016090232614989824
0661-KBKPA,0.005145753334192264
9081-WWXKP,0.0004459559406851818
0784-ZQJZX,9.986673994909182e-05
3133-PZNSR,0.00017197742995139886
0722-SVSFK,0.6934127816169599
3612-YVGSJ,0.003776729154503781
9825-YCXWZ,0.14506449393272353
5397-NSKQG,0.003370103702057499
8565-HBFNN,0.25546840722011377
2000-DHJUY,0.0196632294825778
8670-ERCJH,0.02334887921948676
7758-UJWYS,0.0041145825519560975
2050-ONYDQ,0.0009223111782279277
7055-JCGNI,0.1152497142338144
0739-UUAJR,0.0026016425088036914
4826-DXMUP,0.007618017408566674
7285-KLOTR,0.3310671268238542
0654-PQKDW,0.0018556434603320708
7175-NTIXE,0.12937621158913637
7963-SHNDT,0.015592521280939065
9796-BPKIW,0.4717436635954973
0188-GWFLE,0.17388812290339423
8129-GMVGI,0.003023635685146279
2882-DDZPG,0.10686462985511273
3547-LQRIK,0.05039452624429893
9137-NOQKA,0.10125637568083987
5843-TTHGI,0.22643151119553728
1849-RJYIG,0.2739085679692287
8868-GAGIO,0.20221551019631626
4061-UKJWL,0.43491929437654564
5380-XPJNZ,0.00847091878864255
8263-QMNTJ,0.04015849592169743
3230-JCNZS,0.0010364963354581097
0277-ORXQS,0.0011022141376900178
7996-BPXHY,0.006386695285858495
3227-WLKLI,0.0014325853439167593
2266-FUBDZ,0.0028120144846196624
8237-ULIXL,0.0007832414751479911
8216-AZUUZ,0.0066343324093511
9153-BTBVV,0.002803928774167798
5186-PEIZU,0.027226604009399104
1074-AMIOH,0.02191859316346679
4361-FEBGN,0.005364800870713742
7748-UMTRK,0.11163371663240433
0380-ZCSBI,0.08898065240927043
7145-FEJWU,0.4843843977135911
6463-MVYRY,0.01959720106044942
3969-JQABI,0.08039021581862463
9624-EGDEQ,0.009640259412565175
1051-EQPZR,0.020366844104323614
5849-ASHZJ,0.0015948981257615906
5780-INQIK,0.26218807223491025
4526-ZJJTM,0.33203138418681577
8384-FZBJK,0.02061587932869006
3750-RNQKR,0.10214189457608959
0962-CQPWQ,0.0019287823589894365
3096-YXENJ,0.14006307421970954
1265-BCFEO,0.02405784986166003
5837-LXSDN,0.016327902244227727
5945-AZYHT,0.20089432164609192
8325-QRPZR,0.5680576388132395
6384-VMJHP,0.002225772566920918
2262-SLNVK,0.7900264189050618
7730-CLDSV,0.0006036069652809114
1135-HIORI,0.0030403689960439985
0164-APGRB,0.02133555896817196
6481-ESCNL,0.34224170427347095
1790-NESIO,0.010431550866372744
1550-EENBN,0.23276164295204613
8198-RKSZG,0.05992636202894523
9297-EONCV,0.001914094414158741
1069-QJOEE,0.006875297765047381
7799-DSEWS,0.158985558946163
8766-PAFNE,0.006503089799564612
5315-CKEQK,0.010533337325545188
3130-ICDUP,0.3524778427313302
0820-FNRNX,0.06688010568621446
0880-FVFWF,0.15019093734187128
4611-ANLQC,0.1239215580589402
4213-HKBJO,0.0340645846389452
2792-LSHWX,0.5850923565826247
0014-BMAQU,0.03372996745256992
9018-PCIOK,0.016188003423372732
4837-QUSFT,0.04244074536638396
9953-ZMKSM,0.004860407047655843
0907-HQNTS,0.10522284046980347
7665-NKLAV,0.0034962603251726455
4391-LNRXK,0.22920587638888262
8250-ZNGGW,0.20231398283795546
8562-GHPPI,0.354961472517181
5893-PYOLZ,0.013670707735157625
4986-MXSFP,0.20795150410885851
6131-FOYAS,0.11060274529207248
3027-YNWZU,0.007132868496915019
5609-IMCGG,0.37470813420338656
4727-MCYZG,0.5236957617280882
9481-WHGWY,0.00485894316654712
4328-VUFWD,0.08037326285779366
3301-LSLWQ,0.15369575959081402
7473-ZBDSN,0.002265572389357006
3166-PNEOF,0.014759135460180938
5639-NTUPK,0.11765318172319214
8780-YRMTT,0.00557226398144753
5140-FOMCQ,0.19793768877126927
6242-SGYTS,0.0020673183790698648
8166-ORCHU,0.12191512221283239
8414-OOEEL,0.0042465619465995195
8454-AATJP,0.005629612944928776
4531-AUZNK,0.0020582779309723047
4191-XOVOM,0.2099749234899006
2150-OEGBV,0.014036562026594557
1855-CFULU,0.161850810848623
4878-BUNFV,0.0008113178690902195
1872-EBWSC,0.013067436904330716
7026-YMSBE,0.018412743098769422
6997-UVGOX,0.000664181250126712
9674-EHPPG,0.028215172652209082
5440-VHLUL,0.5061159116083138
5781-BKHOP,0.004070863902634044
5213-TWWJU,0.19317072099190036
8628-MFKAX,0.006884785433772558
7629-WIXZF,0.1671975156282419
5445-GLVOT,0.35909744647785324
3976-HXHCE,0.00747998718606754
2466-NEJOJ,0.04453155129043238
0254-KCJGT,0.1155120539023369
5472-CVMDX,0.00519328641072104
6461-SZMCV,0.00765457958027121
8150-QUDFX,0.15053489923993799
9508-ILZDG,0.4969222567546191
2346-DJQTB,0.17013081889611972
1697-LYYYX,0.004812024544414935
1942-OQFRW,0.5436335121512561
9640-ZSLDC,0.004919185798959887
4231-LZUYM,0.0034216257305435534
6128-AQBMT,0.5517278740395808
3594-BDSOA,0.019846454919762963
5133-VRSAB,0.24668457807852034
5996-DAOQL,0.38583370289427676
6838-YAUVY,0.08381141973592492
0484-JPBRU,0.06455009611704533
7883-ROJOC,0.22222060764957124
0244-LGNFY,0.00033624284979785925
7274-CGTOD,0.014479497965032758
4295-YURET,0.0019772847532406484
4635-EJYPD,0.001982980304260091
1866-ZSLJM,0.03549143919603244
4636-TVXVG,0.003400414708710005
4236-UJPWO,0.43609289593349415
9392-XBGTD,0.001758647490295812
6402-SSEJG,0.13529904678289448
1169-SAOCL,0.3411223609679136
1110-KYLGQ,0.1225547046030594
9929-PLVPA,0.0742677094793251
3518-PZXZQ,0.653544582599628
2371-JUNGC,0.07727109916019294
7693-QPEFS,0.21120075680935246
0924-BJCRC,0.18684861498189734
5074-FBGHB,0.3866032806582806
2351-BKRZW,0.004607476379702468
4455-BFSPD,0.07733358080429574
3948-KXDUF,0.014520538203238356
2323-ARSVR,0.17676745098822177
0815-MFZGM,0.11046722063595978
5480-XTFFL,0.00453773708269199
8295-FHIVV,0.11094472771983774
9086-YJYXS,0.0033693059229309382
1179-INLAT,0.04659100046821268
7909-FIOIY,0.09358814830965662
6351-SCJKT,0.3122215912925191
5468-BPMMO,0.1207529271379705
0197-PNKNK,0.004695650939125112
2439-QKJUL,0.07230625377516968
1194-SPVSP,0.3035988573378808
9534-NSXEM,0.010776478420991088
8929-KSWIH,0.06401084571311852
2250-IVBWA,0.008354986109284602
1810-MVMAI,0.03448109629146186
9506-UXUSK,0.5191761451346882
1229-RCALF,0.09685408204766495
3572-UOLYZ,0.04965823392172329
1429-UYJSV,0.04705426021872951
6366-XIVKZ,0.1387585208010569
3470-OBUET,0.006599250248730348
2770-NSVDG,0.4555589380370512
9375-MHRRS,0.19189162938187568
4860-YZGZM,0.16638854767851127
6599-GZWCM,0.11664974962745567
5533-NHFRF,0.4132743466895938
7037-MTYVW,0.0034945003165786814
4760-THGOT,0.4467354735298704
4016-BJKTZ,0.20150035632176624
6584-VQMYT,0.006065534453841503
9838-BFCQT,0.00046587736026795497
2790-XUYMV,0.0014660189492374704
0581-MDMPW,0.4613778509318841
1023-BQXZE,0.03117302607841778
9163-GHAYE,0.24415319190660523
3904-UKFRE,0.5405280930269022
5353-WILCI,0.1141361831633539
0058-EVZWM,0.15979398300113296
7009-PCARS,0.006588875592845128
0519-DRGTI,0.02932858198789772
1017-FBQMM,0.002792238565106683
1985-MBRYP,0.0158423789977065
9372-TXXPS,0.019730516833224035
3259-QMXUN,0.0421244133816643
1015-JPFYW,0.005549913309751621
6645-MXQJT,0.21941454573193694
4360-QRAVE,0.360454490958227
8433-WPJTV,0.003398385762781264
5804-JMYIO,0.0011997106721631603
6484-LATFU,0.0015131963095921903
7599-NTMDP,0.002201097682491169
0536-ACXIP,0.04345991064976895
0936-NQLJU,0.008842582285319648
1575-KRZZE,0.2560059713880684
3251-YMVWZ,0.06562684029721967
4884-LEVMQ,0.007574376114603159
8857-CUPFQ,0.034933835012494835
7610-TVOPG,0.2711215515338943
3638-DIMPH,0.19778584233529994
1845-ZLLIG,0.5203144527100654
8559-WNQZS,0.03926004282467399
1699-UOTXU,0.017397826635830192
0635-WKOLD,0.06452076189926415
5993-JSUWV,0.008223618728058555
4518-FZBSX,0.0010174087495345946
5387-ASZNZ,0.022428500052343574
6988-CJEYV,0.3560534269505766
3097-FQTVJ,0.005152084529323674
5465-BUBFA,0.0012037483557666767
7299-GNVPL,0.04241251440437292
9743-DQKQW,0.5331359435536622
1215-VFYVK,0.27157679523896006
9371-BITHB,0.0033003702736438202
9093-FPDLG,0.5285797333290924
0541-FITGH,0.2888823952337976
6985-HAYWX,0.3640025012499129
7508-KBIMB,0.009477482600684872
6838-HVLXG,0.08518317292476929
2277-DJJDL,0.30398261567500573
1897-OKVMW,0.0006127772011471709
5485-ITNPC,0.034939642383102654
0233-FTHAV,0.047640934278204504
4644-PIZRT,0.00909523472601713
8922-NPKBJ,0.0015905281885675838
2740-TVLFN,0.6432285908029521
7771-CFQRQ,0.003250235026375764
9512-PHSMG,0.10203423810898714
6963-EZQEE,0.03640897825471475
2452-KDRRH,0.5284841851832633
4146-SVFUD,0.46951315706203767
1564-HJUVY,0.19419273485313962
3617-XLSGQ,0.006635800310310955
7517-LDMPS,0.5822487371273025
7244-KXYZN,0.012825528356918983
5226-NOZFC,0.5227031364028604
1400-WIVLL,0.32199982024059176
8148-NLEGT,0.0044476742038818675
8347-GDTMP,0.012710564559937321
6746-WAUWT,0.025138625214977187
0428-IKYCP,0.45680529232677186
2187-PKZAY,0.5614878241262886
4003-OCTMP,0.07574343772175503
6652-YFFJO,0.36386075156087216
7225-IILWY,0.00029789859428739707
5248-RPYWW,0.0002607866987516659
7923-IYJWY,0.15507123598392472
3170-GWYKC,0.33331777332346013
9830-ECLEN,0.003408658953830414
2668-TZSPS,0.30002273648341826
7446-SFAOA,0.030677032013868597
9522-ZSINC,0.07017689001705177
8234-GSZYK,0.03871538316695915
6505-OZNPG,0.02487176476940087
6164-HAQTX,0.025432423207470883
7765-LWVVH,0.0006084661702162007
1658-TJVOA,0.4689107230054324
0953-LGOVU,0.06428799933924323
4692-NNQRU,0.15200387135465096
7742-MYPGI,0.19639775422190953
9619-GSATL,0.12816744296484722
5622-UEJFI,0.004480297926745702
0674-DGMAQ,0.4723073673445739
6203-HBZPA,0.027198259077523348
0484-FFVBJ,0.15357881449525
0301-FIDRB,0.0012054539205432267
4139-JPIAM,0.05542867113952336
2181-TIDSV,0.0009288459421774064
2761-XECQW,0.44360154582320804
1936-CZAKF,0.054549151004715794
9453-PATOS,0.0024822301618989445
4402-FTBXC,0.16971187930992843
2931-XIQBR,0.002752074449128129
0106-UGRDO,0.1101299687134826
5542-TBBWB,0.8638221719332251
1930-QPBVZ,0.0022441441195020836
2606-PKWJB,0.007662498393109841
5322-ZSMZY,0.0063863981378209445
8059-UDZFY,0.09898049474515346
7740-BTPUX,0.24258505539092076
5220-AGAAX,0.0004918508824631951
0208-BPQEJ,0.06352043135358675
9435-JMLSX,0.0058367052689812
3352-ALMCK,0.49559386867493105
5312-IRCFR,0.003455167893806555
5294-IMHHT,0.24380744086409714
6176-YJWAS,0.0024616840875288184
5310-NOOVA,0.009314172585320522
4526-EXKKN,0.02315447581850828
5311-IHLEI,0.1898155145470328
3987-KQDDU,0.35865672621258726
3404-JNXAX,0.03348483007594594
5131-PONJI,0.016244678949265227
3489-VSFRD,0.02575224447015432
3345-JHUEO,0.14557919411472503
5815-HGGHV,0.11743887094873781
5260-UMPWX,0.021078229080516896
5649-RXQTV,0.4866060366109417
2674-MIAHT,0.7380738397637141
2576-HXMPA,0.25602586294513585
7587-AOVVU,0.0575364364360583
6898-MDLZW,0.1681212816033089
4707-YNOQA,0.00476070769988553
9357-UJRUN,0.11123190205738943
8648-PFRMP,0.5905284590056004
7663-CUXZB,0.14194536210367584
0258-NOKBL,0.5112227486350528
1163-VIPRI,0.007847363661326968
9348-ROUAI,0.0010726893882405776
9443-JUBUO,0.0009719600717839311
3043-TYBNO,0.22484576424960187
4830-FAXFM,0.08300334415607462
5906-BFOZT,0.4350272751126977
2960-NKRSO,0.28620402409421464
8996-ZROXE,0.08289357373487978
5598-IKHQQ,0.0011681157756281587
0397-ZXWQF,0.0032090082229216835
5266-PFRQK,0.0025128077665226302
4674-HGNUA,0.0009524481552362461
6765-MBQNU,0.06959654478661581
9786-IJYDL,0.03986380677997756
1303-SRDOK,0.0008533725359135793
3769-MHZNV,0.0018715543609153444
6295-OSINB,0.07533470109754381
3308-MHOOC,0.23233226984193506
2207-QPJED,0.3461724535809769
4177-JPDFU,0.15436556308286215
2239-CFOUJ,0.02068450051043504
8046-DNVTL,0.018228376276585828
2209-XADXF,0.43504993890205385
6620-JDYNW,0.2254337826114538
4770-UEZOX,0.5988612383283565
1038-RQOST,0.02615926706299028
4568-TTZRT,0.06290844898580847
9513-DXHDA,0.10189930935456024
0516-QREYC,0.07442729930780634
8084-OIVBS,0.04690433387073387
8896-BQTTI,0.34331026982426127
3865-QBWSJ,0.045753295437499425
3352-RICWQ,0.006621456045355034
2160-GPFXD,0.0035097555200678835
2065-MMKGR,0.13445860910404955
5857-TYBCJ,0.5731553967997923
1498-NHTLT,0.0018724140360392156
1402-PTHGN,0.019195323325892737
4176-RELJR,0.002432010385116735
5199-FPUSP,0.01116043467481332
6377-KSLXC,0.10396595897220422
1796-JANOW,0.1643872072546568
0238-WHBIQ,0.00030674270758983605
8735-NBLWT,0.03932275475771095
6651-RLGGM,0.00029789859428739707
1614-JBEBI,0.06863114203526752
5696-EXCYS,0.012789341284665615
5795-KTGUD,0.15675998821087359
7924-GJZFI,0.4234731301435693
4702-HDRKD,0.01891143171384414
8512-WIWYV,0.014760884542195984
5897-ZYEKH,0.18954887234711076
5456-ITGIC,0.007986289365892275
1406-PUQVY,0.403029443131959
9114-AAFQH,0.23012818508490365
8715-KKTFG,0.11862203749890018
1728-BQDMA,0.5074851180987656
5117-ZSMHQ,0.0007117551256338976
5151-HQRDG,0.12469955071924291
0960-HUWBM,0.007574859196699612
6465-GSRCL,0.007619375525211022
0263-FJTQO,0.0028098492412708884
7319-ZNRTR,0.008476042749754416
7503-EPSZW,0.001548448007356108
7089-XXAYG,0.17934297623568246
8070-AAWZP,0.21366609729152783
1666-JXLKU,0.6625812659752227
7855-DIWPO,0.4134259225387723
5133-POWUA,0.6043319422437013
5652-MSDEY,0.5615061877403931
1810-BOHSY,0.17060225097576887
1784-BXEFA,0.06827248892651293
7351-MHQVU,0.17647494033308447
9224-VTYID,0.0020964447852780343
9500-IWPXQ,0.0028576172076064357
5762-TJXGK,0.03465235896466305
4504-YOULA,0.04396038172515693
5569-IDSEY,0.44992628371305027
7284-ZZLOH,0.03287764725342676
1777-JYQPJ,0.46798380626440994
3401-URHDA,0.04409689512151107
1599-EAHXY,0.0021920853703222853
8631-XVRZL,0.0415023997244274
3853-LYGAM,0.3519203933239033
5751-USDBL,0.0015786388354750661
5680-LQOGP,0.038636385775254474
8189-DUKMV,0.05349627826593712
9931-DCEZH,0.007430752273582687
1898-JSNDC,0.12218510160000276
0315-LVCRK,0.4710026351986382
3911-RSNHI,0.009126862296584761
2410-CIYFZ,0.07466200557939348
5505-OVWQW,0.03738316330185271
7271-AJDTL,0.31153258227373404
1867-TJHTS,0.1649491779281638
6860-YRJZP,0.7029491273156255
4429-WYGFR,0.06427993098114669
2817-LVCPP,0.012505746701745854
5038-ETMLM,0.020632380083131206
5056-FIMPT,0.015352116957998055
4521-WFJAI,0.046582282624900426
6569-KTMDU,0.22856322714819743
8809-XKHMD,0.005342630514658206
0396-YCHWO,0.5857885415689714
0867-LDTTC,0.2105652380688092
9391-DXGGG,0.1100970938601633
9844-FELAJ,0.006767720974580958
2122-SZZZD,0.01194605482453483
3148-AOIQT,0.0026946402744236118
8395-ETZKQ,0.0025177436992725797
6692-YQHXC,0.2921443847586971
3889-VWBID,0.0033656524638066587
5222-JCXZT,0.061543038586552246
9754-CLVZW,0.10765294249524399
2739-CCZMB,0.05320313017971702
7080-TNUWP,0.12601366436902117
0496-AHOOK,0.13970586796741763
8336-TAVKX,0.001827796370340759
2468-SJFLM,0.655995826499085
3181-VTHOE,0.11095441320731532
7168-HDQHG,0.02188330400835943
4567-AKPIA,0.010201504347392322
7901-HXJVA,0.40009336251302147
5924-IFQTT,0.11924022106612783
7968-QUXNS,0.04868776192683648
8903-WMRNW,0.6532225014755566
2452-SNHFZ,0.17602461696715022
3629-WEAAM,0.14343194150415853
6029-CSMJE,0.34442837941024446
7993-NQLJE,0.09761200448329384
9909-DFRJA,0.25139472006868097
9099-FTUHS,0.14890471350819642
0581-BXBUB,0.440186873042062
4962-CHQPW,0.0021827605446182066
9467-ROOLM,0.039862962544182416
5150-ITWWB,0.8675207809980255
2253-KPMNB,0.0022380813704055316
1345-ZUKID,0.016212115272867606
6429-SHBCB,0.12398866746572171
9281-OFDMF,0.28137364617354765
2603-HVKCG,0.48726743010768847
1834-WULEG,0.0026355541375108326
9097-ZUBYC,0.21455957185662522
5148-ORICT,0.026873742622102268
4893-GYUJU,0.026133505650155344
4578-PHJYZ,0.0034346166662332267
7272-QDCKA,0.32987094410065787
8908-SLFCJ,0.013974049593607683
9766-HGEDE,0.03372023369375532
6968-MHOMU,0.23588415850232505
5044-XDPYX,0.02062686579885142
1814-WFGVS,0.0031611416328091026
3721-WKIIL,0.014314725354856252
6734-CKRSM,0.1840384582531025
1265-ZFOSD,0.010530649226190384
6568-POCUI,0.05259857091154681
5197-LQXXH,0.011950523274059374
3457-PQBYH,0.0019233218029911802
7682-AZNDK,0.03643107521344751
5384-ZTTWP,0.0849000400938529
3745-HRPHI,0.0010146082235381508
7636-OWBPG,0.31134731416813727
1231-YNDEK,0.06627912125307114
1407-DIGZV,0.002749754024568272
0570-BFQHT,0.40768996294829024
4393-OBCRR,0.03795036222120585
8564-LDKFL,0.6091365875813751
3696-DFHHB,0.002262650297812683
4717-GHADL,0.0337546545364741
5501-TVMGM,0.7712880395018296
5879-HMFFH,0.00277068600763336
6772-WFQRD,0.001214004632036226
3810-DVDQQ,0.0024343203746305503
6972-SNKKW,0.11030924149680281
3694-GLTJM,0.09770939608054917
8550-XSXUQ,0.14425999917278393
9055-MOJJJ,0.002319761539846584
4359-INNWN,0.04629186361252318
0585-EGDDA,0.6172746404811553
4032-RMHCI,0.009198399152514603
0549-CYCQN,0.08044868172728503
3481-JHUZH,0.5456175763310852
3594-IVHJZ,0.10390153625188969
6869-FGJJC,0.07768046601856243
3896-ZVNET,0.004262584083868505
8205-VSLRB,0.10109221670661814
5960-MVTUK,0.5264844000553698
6817-WTYHE,0.41562715760138125
3082-VQXNH,0.43562084154115904
4931-TRZWN,0.3438242011047097
0750-EKNGL,0.069266256015493
7669-LCRSD,0.08891962410840362
3567-PQTSO,0.018271822518608215
8043-PNYSD,0.0049687699851819565
9938-EKRGF,0.17026554159511484
2703-AMTUL,0.004523101203556268
0928-JMXNP,0.6088404578074648
8173-RXAYP,0.002373814438046126
4825-XJGDM,0.03633874387682771
5402-HTOTQ,0.23151032660907098
6734-JDTTV,0.0008926820574559389
7850-THJMU,0.0018866457377403664
3890-RTCMS,0.21772481517363493
3717-FDJFU,0.0029610746134500977
3665-JATSN,0.48118293017101843
7966-YOTQW,0.223797542530409
8853-TZDGH,0.05814237914757495
4324-BZCKL,0.14297632795022416
6924-TDGMT,0.0389916088972079
1536-YHDOE,0.015371550077326802
8123-QBNAZ,0.05117098926295653
3629-ZNKXA,0.5600964535405027
4827-LTQRJ,0.0023829148687303813
7711-YIJWC,0.0020474861475677417
5482-VXSXJ,0.4450361344291527
7365-BVCJH,0.7531990911718839
9620-ENEJV,0.4689227146080658
2378-YIZKA,0.0034407487247701115
0689-DSXGL,0.01861433811514678
6818-DJXAA,0.35778266679147375
0464-WJTKO,0.000530851245556348
8902-ZEOVF,0.0009276427101675307
6778-EICRF,0.004341896731213231
2662-NNTDK,0.006122638862219202
4132-KALRO,0.8391197116609616
2874-YXVVA,0.24999651248947038
1245-HARPS,0.016414390295658214
4323-ELYYB,0.007011674210284429
4293-ETKAP,0.002247836867872656
6064-PUPMC,0.007270371859413317
6504-VBLFL,0.0672863658800276
6322-PJJDJ,0.15204500338823118
0330-BGYZE,0.2982794270586023
1085-LDWAM,0.00020985334591645103
7586-ZATGZ,0.5491667942675639
7197-VOJMM,0.038147317853069754
1843-TLSGD,0.0031884127206586593
9626-VFRGG,0.0502926719768638
7075-BNDVQ,0.26152931349669384
9143-CANJF,0.12756714489999432
7284-BUYEC,0.42038582879182923
2041-JIJCI,0.408712941719655
4900-MSOMT,0.00040353407769769495
2229-VWQJH,0.11841579843510139
9194-GFVOI,0.04137988346059293
1336-EZFZY,0.1210079983056362
4282-MSACW,0.3223187560708448
1403-LKLIK,0.002396022583331729
0136-IFMYD,0.36184035162605105
5144-TVGLP,0.46817268677716223
9643-AVVWI,0.37226575504101916
0253-ZTEOB,0.002738665488148578
2706-QZIHY,0.03439426532374397
6061-PQHMK,0.01606449974861745
6137-MFAJN,0.27067303471403364
9122-UMROB,0.30002273648341826
4232-JGKIY,0.2697364453704119
2402-TAIRZ,0.10694636304765694
9659-ZTWSM,0.3259164595313748
9139-TWBAS,0.16360973410748494
6685-GBWJZ,0.07130250353868672
2195-VVRJF,0.22731815655295723
3913-RDSJZ,0.007886666748620017
4203-QGNZA,0.017080009813679273
5043-TRZWM,0.7999613384182891
9494-BDNNC,0.3542295463305024
1640-PLFMP,0.8212880170811652
5366-OBVMR,0.20200024019744958
7644-OMVMY,0.013341773944410279
4573-JKNAE,0.0025638693581284673
9817-APLHW,0.16402407616039616
8380-MQINP,0.0030890522006244486
0840-DFEZH,0.7188967834530805
8690-ZVLCL,0.004478841968659539
1125-SNVCK,0.11352719581462278
0384-LPITE,0.20967518197301918
4616-EWBNJ,0.06478714387941517
1335-HQMKX,0.1338652905206647
2545-EBUPK,0.8806874632495513
6923-AQONU,0.0021611076094290413
2172-EJXVF,0.2586004395691496
4536-PLEQY,0.6736066168531493
7029-IJEJK,0.0580023204803845
8871-JLMHM,0.06615489094840443
5447-VYTKW,0.05359798755153189
3623-FQBOX,0.06234933376539671
8659-HDIYE,0.07434278241127995
3474-BAFSJ,0.044074872989649384
3865-ZFZIB,0.017393976839456995
1855-AGAWH,0.4481733338225621
7109-CQYUZ,0.015247203341106625
1370-GGAWX,0.19653507068222362
4680-KUTAJ,0.3270079617262012
5307-UVGNB,0.102718288549848
2883-ILGWO,0.39629350610183317
3642-BYHDO,0.0006555149853079854
9629-NHXFW,0.326029176425558
2696-RZVZW,0.0024178777800175637
5766-FTRTS,0.002036774162033893
0396-HUJBP,0.08427038670064775
8879-ZKJOF,0.1506582304223694
6285-FTQBF,0.00019946959902802846
1474-JUWSM,0.05763193153558101
3530-CRZSB,0.06561084891549053
8498-XXGWA,0.05637422315611226
9617-INGJY,0.7577099100939382
0621-TSSMU,0.03624532102791512
7234-KMNRQ,0.061543038586552246
7636-PEPNS,0.006002861796702286
4683-WYDOU,0.2855034253364115
9052-DHNKM,0.06101715181624525
6794-HKIAJ,0.05475351546814883
5578-NKCXI,0.005175651988844407
1642-HMARX,0.05258032973195599
3096-WPXBT,0.003594901126965385
8434-PNQZX,0.04811383894232034
5950-AAAGJ,0.30886804459877903
4299-OPXEJ,0.08805620448425851
9618-LFJRU,0.0593228134584829
6693-DJWTY,0.006291568671184166
0744-GKNGE,0.004684622649662182
6447-EGDIV,0.021096717254667562
1167-OYZJF,0.005729481034306579
4806-DXQCE,0.11215462239461893
4854-SSLTN,0.007009735317043147
5294-DMSFH,0.03942793539390874
4837-PZTIC,0.010347266253041472
0603-OLQDC,0.11404153800160029
3272-VUHPV,0.11708435060596781
4176-FXYBO,0.6141968723348276
1063-DHQJF,0.001670618940620516
8663-UPDGF,0.13272485647613497
6719-FGEDO,0.002006690324042137
1837-YQUCE,0.017867061609258855
0369-ZGOVK,0.0031444152549572842
9919-KNPOO,0.7055597315148815
7872-BAAZR,0.01212425215599099
9391-LMANN,0.00689535821937335
8174-TBVCF,0.034258198159634566
1698-XFZCI,0.1592482075103925
1877-HKBQX,0.0894785707203272
4450-DLLMH,0.5257244929743993
0428-AXXLJ,0.02576886883258792
2746-DIJLO,0.1262339536956537
3508-VLHCZ,0.0010288376946102984
4086-ATNFV,0.0036696948319690117
0468-YRPXN,0.37235577475037096
5996-NRVXR,0.1954239031852266
3739-YBWAB,0.03788353480976234
7047-FWEYA,0.4019203468857554
2000-MPKCA,0.23909411022322616
9762-YAQAA,0.07354751507034261
5473-KHBPS,0.0049539346594243356
0100-DUVFC,0.4871185262733065
5397-TUPSH,0.1344229913664313
8950-MTZNV,0.574824168974936
0326-VDYXE,0.2991080260123401
6773-LQTVT,0.11246754963179034
0436-TWFFZ,0.02181339610860263
8566-YPRGL,0.4352509118670097
6609-MXJHJ,0.005521113682201299
2669-OIDSD,0.24656108773436775
8400-WZICQ,0.027794122914007024
9576-SYUHJ,0.3581750832744125
0410-IPFTY,0.6579044070968094
2831-EBWRN,0.5333697632118553
9430-NKQLY,0.00022861650325068495
0247-SLUJI,0.31527366646116145
9402-ORRAH,0.5519480867366705
6483-OATDN,0.14879616393101772
1293-HHSHJ,0.019339761039223007
4840-ORQXB,0.305079097620065
3982-DQLUS,0.006075545526897603
8610-ZIKJJ,0.00803941440124501
3756-VNWDH,0.1839529787521841
7801-KICAO,0.5134370125458834
7673-LPRNY,0.20968318406320946
6060-QBMGV,0.00184388820309633
7339-POGZN,0.48834156024033
2828-SLQPF,0.26888451125658097
4465-VDKIQ,0.2202542958898074
2921-XWDJH,0.4774718704507863
2558-BUOZZ,0.07463909064666598
9257-AZMTZ,0.002863676801387431
0003-MKNFE,0.22447366579192038
0975-UYDTX,0.15142687471230182
4682-BLBUC,0.14186986792694686
0975-VOOVL,0.32954834250885356
5968-VXZLG,0.5502859507072291
5201-FRKKS,0.21722840474570623
9799-CAYJJ,0.6427732277862304
5443-SCMKX,0.2561567045531607
8295-KMENE,0.00098633530314135
6738-ISCBM,0.21266909236471412
9821-BESNZ,0.5041906957132065
3678-MNGZX,0.0006953163305997232
1335-NTIUC,0.504999646228959
2916-BQZLN,0.44861915135230274
4558-CGYCZ,0.14107817238211506
2368-GAKKQ,0.10618489998600593
8710-YGLWG,0.574824168974936
3199-XGZCY,0.7104398855583507
3785-KTYSH,0.038480328462733394
6814-ZPWFQ,0.022322699099722048
4063-EIKNQ,0.048475050516662455
6993-YCOBK,0.005011999626559885
5206-HPJKM,0.21768006479574567
8393-JMVMB,0.3129481109827496
5019-GQVCR,0.5805345912193431
6036-TTFYU,0.15959651993549692
2550-AEVRU,0.008640517957075284
0969-RGKCU,0.0016894633405645876
0378-CJKPV,0.004863980429511419
2880-FPNAE,0.6605649789751256
1703-MGIAB,0.25531556172300685
4311-QTTAI,0.023495172719050956
4318-RAJVY,0.06560122444359094
3612-YUNGG,0.005629880623400162
2254-DLXRI,0.8684528050722733
5062-CJJKH,0.013353085702589564
9028-LIHRP,0.0010668577244812435
1053-MXTTK,0.0046257605383802445
1530-ZTDOZ,0.22077088283070875
1301-LOPVR,0.006821864418575177
0853-TWRVK,0.024305429018725844
6212-ATMLK,0.5524764550600624
8200-LGKSR,0.02233216565680388
1568-BEKZM,0.03615260763894811
0670-ANMUU,0.015581682437205315
6897-RWMUB,0.0020932106706773295
6999-CHVCF,0.06742854590084182
6134-KWTBV,0.013075311802214652
1077-HUUJM,0.34494950592747564
0895-LNKRC,0.005965562134219393
2045-BMBTJ,0.1824366187906046
8417-GSODA,0.0052071672329677965
5171-EPLKN,0.009371878335048793
4452-QIIEB,0.2598528538027334
6741-EGCBI,0.2213836851477577
7820-ZYGNY,0.08912616840084478
9677-AVKED,0.01203278977595005
2227-JRSJX,0.46818286581653273
9847-HNVGP,0.03969905023136929
6696-YDAYZ,0.0031817758519040113
8980-WQFWL,0.15141367320925528
1730-ZMAME,0.5065323373282016
6506-EYCNH,0.035651152269458544
4634-JLRJT,0.3860493307148595
9501-UKKNL,0.23669502742981793
2560-QTSBS,0.0007596891326524719
4795-WRNVT,0.10956959152737314
6080-TCMYC,0.06753837617651634
7860-UXCRM,0.0026782879661276125
6357-JJPQT,0.6809694270665493
2292-XQWSV,0.006437357684610946
9552-TGUZV,0.5411207622721668
5913-INRQV,0.03152356921521822
9643-YBLUR,0.26750813943627444
8734-FNWVH,0.027251094102513227
9447-YPTBX,0.019271919269303505
9026-LHEVG,0.2881844000101293
7011-CVEUC,0.3202135646200573
6185-TASNN,0.6599188508156705
7925-PNRGI,0.016713924738408947
1552-CZCLL,0.01094523149602965
3038-PQIUY,0.17953504417758404
9313-CDOGY,0.027434351496135493
8148-BPLZQ,0.1533915351420692
2623-DRYAM,0.31385529890384023
9987-LUTYD,0.06458442647162273
4488-KQFDT,0.26901561501273324
5693-PIPCS,0.04628106586780011
0491-KAPQG,0.5163727706832266
1925-LFCZZ,0.24235208483911616
8039-EQPIM,0.043193224288657774
8707-RMEZH,0.15545320903066684
3209-ZPKFI,0.06593274164326225
6479-VDGRK,0.0004569903707090547
9373-WSLOY,0.2220836552073411
3569-JFODW,0.0001607367283182604
9819-FBNSV,0.5475824721985744
9544-PYPSJ,0.010890879289438977
1591-XWLGB,0.0017431788370628316
0396-UKGAI,0.07356859138515218
3243-ZHOHY,0.0496549757476393
5186-EJEGL,0.1583974592051323
7527-QNRUS,0.006073472669645706
2203-GHNWN,0.5050552998229204
3878-AVSOQ,0.8253203675622762
3258-SYSWS,0.019843823491827874
5296-PSYVW,0.003628475829969844
6319-QSUSR,0.07596458318019524
0512-FLFDW,0.1582686079132256
0487-CRLZF,0.014296005214768918
2107-FBPTK,0.5581022270620095
9451-WLYRI,0.04171659837118658
8219-VYBVI,0.0029336042089347946
1991-VOPLL,0.06980330073545016
9738-QLWTP,0.07965239642869239
1016-DJTSV,0.5797212483132982
9419-IPPBE,0.006759828152217937
0174-QRVVY,0.0005069354641166315
5699-BNCAS,0.0031016027476325936
2900-PHPLN,0.0024201291956494884
8106-GWQOK,0.032710991775441275
8751-EDEKA,0.40772129523909634
6878-GGDWG,0.14096515880591312
4039-PIMHX,0.06974778897296441
8450-LUGUK,0.004306348820106225
3604-WLABM,0.2471769854854736
0795-GMVQO,0.3809648785331506
2259-OUUSZ,0.11152378291915524
1142-IHLOO,0.09915888696255862
4633-MKHYU,0.6583606836949077
6257-RJOHI,0.3169854563434156
1545-JFUML,0.022238579083616986
7826-VVKWT,0.012320127194465654
1353-GHZOS,0.09056259258576152
2587-EKXTS,0.3505098446372932
5442-BXVND,0.03700828599697454
9753-OYLBX,0.3871006636732985
2364-UFROM,0.07643554480820428
6656-JWRQX,0.4531695121949259
6473-ULUHT,0.07967331527822642
7688-AWMDX,0.014290875103869302
2842-BCQGE,0.4238282618599988
7244-QWYHG,0.03714444952815395
5312-UXESG,0.36272480941154145
2150-WLKUW,0.09794739980882436
7159-FVYPK,0.17134613577700977
7032-LMBHI,0.07243435627523614
6088-BXMRG,0.11009798935108629
4821-SJHJV,0.028352052140777028
7346-MEDWM,0.2689077643345823
1137-DGOWI,0.10296574454598799
3812-LRZIR,0.007822492881678482
9483-GCPWE,0.008801180021205585
4227-OJHAL,0.008696053748985834
9220-CXRSC,0.002434726787303002
4993-JCRGJ,0.3371061265559521
9537-JALFH,0.0007062849503212703
6698-OXETB,0.011873743536545621
2103-ZRXFN,0.5639437022373599
3724-BSCVH,0.004902712594094748
4877-TSOFF,0.0026556531832889196
9209-NWPGU,0.09774240875640738
7306-YDSOI,0.0018390712349982089
5288-AHOUP,0.5644452766051833
0655-YDGFJ,0.07115376184412796
8468-EHYJA,0.5270723988839561
6823-SIDFQ,0.008187963607436842
1097-FSPVW,0.173245236817857
8328-SKJNO,0.01246835283247121
7010-ZMVBF,0.025665832432081096
5201-CBWYG,0.0011917356171306935
6352-GIGGQ,0.13622610932218038
3635-QQRQD,0.0051345663338588235
2897-DOVND,0.6042859476350919
3082-YVEKW,0.0036697387500895877
0191-EQUUH,0.00790383556541429
7134-HBPBS,0.08261170975339892
3489-HHPFY,0.8786184508273158
2926-JEJJC,0.034732119605255234
4950-BDEUX,0.1714936956191684
5789-LDFXO,0.069418882284368
0508-OOLTO,0.2803262559017344
2984-TBYKU,0.001814165624697336
9822-WMWVG,0.4196123353497586
9040-KZVWO,0.05690588170097618
1548-ARAGG,0.2625611120044825
6339-RZCBJ,0.009686345023212063
4415-WNGVR,0.2867243017145101
2522-AHJXR,0.21909676828429456
0412-UCCNP,0.021244083342396285
1816-FLZDK,0.43358564094432894
7096-UCLNH,0.3981623138178196
4615-PIVVU,0.04436245296205873
8885-QSQBX,0.3487338892065358
8617-ENBDS,0.5017250751144171
9385-NXKDA,0.001748577665412459
0430-IHCDJ,0.5243474216040408
6674-KVJHG,0.08529969664614234
1814-DKOLC,0.16210033319064016
9351-HXDMR,0.01759539784534305
3537-HPKQT,0.3674601013856543
2129-ALKBS,0.08154874062177339
5821-MMEIL,0.06547254017477433
1309-XGFSN,0.006864205353772622
6968-URWQU,0.15809391776042853
4742-TXUEX,0.0012500679491576168
9631-XEYKE,0.43297707205335667
1335-MXCSE,0.0015949048116878093
8873-TMKGR,0.010560589230939794
8800-JOOCF,0.38379166565532397
1469-LBJQJ,0.6617360714140349
0064-YIJGF,0.02623543916048675
2386-OWURY,0.24446223736677952
0310-VQXAM,0.13579858802809708
3453-RTHJQ,0.5444384775628134
6278-FEPBZ,0.09508000382842245
4280-DLSHD,0.35718307814830663
1508-DFXCU,0.6153836929328003
7868-BGSZA,0.17887844288439325
2800-QQUSO,0.6875097586353773
7973-DZRKH,0.005296540892814518
7698-YFGEZ,0.3981623138178196
9773-PEQBZ,0.4799209060352162
0650-BWOZN,0.4470148405021893
7785-RDVIG,0.07485444102474256
9602-WCXPI,0.005371221012002896
2903-YYTBW,0.3965553129880336
3620-MWJNE,0.340546141250555
8573-JGCZW,0.03563219789074564
6837-HAEVO,0.030803384869722523
6701-YVNQG,0.0017434631305416927
4304-XUMGI,0.0032538624188121856
9504-YAZWB,0.04287126977939156
8819-ZBYNA,0.1935298003660724
6174-NRBTZ,0.03105312530661388
9481-IEBZY,0.040463622551889226
6137-NICCO,0.46024479050517153
9065-ZCPQX,0.00205479968668229
6402-EJMWF,0.3206522895045705
3620-EHIMZ,0.0027532000206771257
3213-VVOLG,0.014845970700385961
6870-ECSHE,0.021047451865781667
8747-UDCOI,0.03456229536496787
4626-OZDTJ,0.12685407795860754
9169-BSVIN,0.2111623355109862
8194-PEEBY,0.002539892826544919
6872-HXFNF,0.02919404223893568
7714-YXSMB,0.5195052282044171
8387-UGUSU,0.07209561563076665
1080-BWSYE,0.008780139397146884
1194-HVAIF,0.4629516849270253
1767-TGTKO,0.23209987806828006
8439-LTUGF,0.08524813508462997
8805-JNRAZ,0.333006059218324
6418-HNFED,0.02371818765045619
0206-OYVOC,0.0015953060393904992
7291-CDTMJ,0.3965399936023452
7128-GGCNO,0.26243339333343135
0237-YFUTL,0.31926595893708515
7691-KGKGP,0.01426760283821601
6710-HSJRD,0.3207901305443166
3675-EQOZA,0.0660144623839443
0840-DCNZE,0.07974460802357237
1732-FEKLD,0.12525384951889837
9862-KJTYK,0.11812813088626807
0479-HMSWA,0.022711504366352928
5854-KSRBJ,0.0003753890118863839
0365-BZUWY,0.7628194147262238
5701-SVCWR,0.25618350552400737
3129-AAQOU,0.005488528322928554
4922-CVPDX,0.03828154297350563
1357-BIJKI,0.5649803685062298
1099-BTKWT,0.0864136205461113
2018-PZKMU,0.16793971607505961
7340-KEFQE,0.002384510119609651
4570-QHXHL,0.4073845709404194
7392-YYPYJ,0.7177956605565878
2223-GDSHL,0.007144893865118055
9470-RTWDV,0.0037565212055171294
2176-OSJUV,0.009096198269916514
9348-YVOMK,0.33652210021909257
8104-OSKWT,0.5729946960286222
4521-YEEHE,0.6147367571961979
4090-KPJIP,0.7501018392261001
3786-WOVKF,0.04956020077960322
2592-HODOV,0.013125957548747692
7995-ZHHNZ,0.07317584820718073
3824-RHKVR,0.1108100232478946
5816-SCGFC,0.2934579665786395
5989-AXPUC,0.08258495511591467
4979-HPRFL,0.003621325675362466
8590-OHDIW,0.001194530886328886
8015-IHCGW,0.0024286307508711784
2332-TODQS,0.04311784420343637
9278-VZKCD,0.41251320591421514
8008-OTEZX,0.004570246758499796
2773-OVBPK,0.32827412332432
5999-LCXAO,0.3993245083369057
5206-XZZQI,0.18908592879046957
4803-LBYPN,0.010123453799494201
2139-FQHLM,0.21776667767668634
8261-GWDBQ,0.047197317449550844
1093-YSWCA,0.011788420048743559
3882-IYOIJ,0.0020616709496834346
8749-TZYEC,0.0007383135752130538
1755-FZQEC,0.007803683332136656
3115-JPJDD,0.0583155057529198
5600-KTXFM,0.20486121612806268
6339-TBELP,0.009697778709010133
7964-YESJC,0.14777540011331147
6173-GOLSU,0.5935944858769598
9938-ZREHM,0.1711482474351258
7950-XWOVN,0.24502021290116308
4647-MUZON,0.5459061183830207
9702-AIUJO,0.003201857097670979
8849-PRIQJ,0.005688334591459224
8851-RAGOV,0.13898533380354325
5396-IZEPB,0.07946936893649838
1729-VLAZJ,0.013236051136042135
8285-ABVLB,0.002277765782165024
0701-TJSEF,0.1124033836644538
5712-VBOXD,0.16429593784839278
6629-LADHQ,0.29654500463276406
1559-DTODC,0.2902817828721299
4797-MIWUM,0.059692124408808715
8720-RQSBJ,0.6068591328572542
4537-CIBHB,0.007686353850709953
4324-AHJKS,0.20959662135506898
4355-CVPVS,0.0019161572861247156
4495-LHSSK,0.10636419588706414
5915-ANOEI,0.03351119600739988
9861-PDSZP,0.044070481311681224
7225-CBZPL,0.6053581334778639
6704-UTUKK,0.4387896714266326
2019-HDCZY,0.11866912906998694
8788-DOXSU,0.0922751380488
7404-JLKQG,0.49085649120470143
7421-ZLUPA,0.31325687398100943
3274-NSDWE,0.0020089047413900008
2632-IVXVF,0.0093454693487571
3692-JHONH,0.3695364562823041
8915-NNTRC,0.002976392834609744
5914-GXMDA,0.023324640865996196
7463-IFMQU,0.004575546096785207
2920-RNCEZ,0.41728403535037034
2541-YGPKE,0.006478618380219903
5382-TEMLV,0.08887374431159338
3441-CGZJH,0.0069994432428685865
9592-ERDKV,0.1430903178009302
4778-IZARL,0.05739657941855982
0432-CAJZV,0.6998217673441288
7008-LZVOZ,0.0005081489520857684
1200-TUZHR,0.7639734854055321
9365-CSLBQ,0.000517063623270842
5884-FBCTL,0.0004044495894008525
7130-CTCUS,0.3207582485894067
6242-FEGFD,0.04240796048013369
6194-HBGQN,0.039000579699297405
7634-WSWDB,0.2793657330866174
6986-IXNDM,0.5938308297153233
2987-BJXIK,0.013795239444052853
9769-TSBZE,0.00595872275063192
1395-WSWXR,0.010689479997288595
6023-GSSXW,0.008852747578918548
6752-APNJL,0.04451675685944574
0420-HLGXF,0.7452940316334365
7446-KQISO,0.022613683332667087
9823-EALYC,0.0005547615035246531
0582-AVCLN,0.0060941817742031276
5803-NQJZO,0.005010534703381726
2607-DHDAK,0.00016129832522716317
1073-XXCZD,0.03480515052918272
0743-HRVFF,0.004676606595604662
4006-HKYHO,0.012462401903164241
3727-JEZTU,0.2974054425686164
8143-ETQTI,0.0029786348519789843
9667-TKTVZ,0.4892239811251132
3657-COGMW,0.21880847790606087
8570-KLJYJ,0.01644465637878516
7754-IXRMC,0.4888961063858422
9473-CBZOP,0.025888524195714812
2969-WGHQO,0.020946005989089942
4334-HOWRP,0.008312613059169619
5863-OOKCL,0.0707116891856245
1686-STUHN,0.011988615085204867
1329-VHWNP,0.2506415241360013
0266-GMEAO,0.0017809020041517274
5574-NXZIU,0.10689937745745881
0019-GFNTW,0.02173026719635808
4256-ZWTZI,0.2670227121328952
8309-PPCED,0.07385399456615772
4098-NAUKP,0.029110176281989437
5196-WPYOW,0.0009764738696506994
4608-LCIMN,0.12280033268544291
1485-YDHMM,0.024389446314621824
4054-CUMIA,0.03879958650850842
0603-TPMIB,0.0019374792288236477
2525-GVKQU,0.0382544365558976
8161-QYMTT,0.862276600892736
9581-GVBXT,0.0028690971017550746
5862-BRIXZ,0.020191986031726922
5404-GGUKR,0.42431424971992
3308-JSGML,0.02037524208850689
2126-GSEGL,0.043389431837319054
0440-QEXBZ,0.08725311303739722
2434-EEVDB,0.05588192734226131
6762-QVYJO,0.0007959616223961634
6199-IWKGC,0.257808594955344
2675-DHUTR,0.6292337295776373
8152-VETUR,0.007834818440092619
7446-YPODE,0.17293687181972953
9522-BNTHX,0.31723454114636224
4676-WLUHT,0.04436082914421882
7980-MHFLQ,0.0003985066088700422
0757-WCUUZ,0.002760788728255331
1629-DQQVB,0.1474378254090363
0374-AACSZ,0.4167473714201122
4872-VXRIL,0.017995750089296464
9140-CZQZZ,0.06588087688701717
3423-HHXAO,0.008468928602113068
9938-TKDGL,0.005341879065369164
0531-ZZJWQ,0.548682277772872
6537-QLGEX,0.5396576335902031
2688-BHGOG,0.5951928022697229
3160-TYXLT,0.22060971949666341
1325-USMEC,0.0877340790860922
0916-QOFDP,0.2951173434427122
5606-AMZBO,0.6151548630961264
6199-IPCAO,0.005711923439002338
5640-CAXOA,0.09902589571712507
2235-EZAIK,0.004014120174663152
3847-BAERP,0.06928667348837042
1453-RZFON,0.2727472697449657
8263-OKETD,0.183784631013456
0670-KDOMA,0.3946603868247099
2476-YGEFM,0.3232424812692752
8687-BAFGU,0.6872589230074367
0641-EVBOJ,0.39712169903469574
0829-XXPLX,0.30690329075918044
9974-JFBHQ,0.010995268663654764
6624-JDRDS,0.21639933057225036
0608-JDVEC,0.02627516432903214
9780-FKVVF,0.14592235684272015
1919-RTPQD,0.20853151766442657
5214-NLTIT,0.00022574684015624978
3345-PBBFH,0.28763759477835626
5055-BRMNE,0.016421095731504083
2190-PHBHR,0.0015580884232982335
2650-GYRYL,0.004725334729209907
5208-FVQKB,0.023408981568775415
7184-LRUUR,0.06884520673053725
6627-CFOSN,0.2228804802078726
3982-JGSFD,0.00797148884743183
1574-DYCWE,0.0011475249854525742
7247-XOZPB,0.10434546862114472
2466-FCCPT,0.007677050148134806
6211-WWLTF,0.04630933386467344
4826-TZEVA,0.29406662158484265
6016-NXBNJ,0.011446293908142228
9138-EFSMO,0.004107089587465671
4632-XJMEX,0.009032613533982305
8910-LEDAG,0.32807553032097075
3452-GWUIN,0.6289351738609715
2716-GFZOR,0.23310936052199155
3724-UCSHY,0.061835287786656104
8626-XHBIE,0.00447813974133755
3192-LNKRK,0.027965849043427
4439-YRNVD,0.20530393285640455
2208-UGTGR,0.4019605642966372
3005-TYFRD,0.5310027280630946
8670-MEFCP,0.002538884757158936
3079-BCHLN,0.014905892092796207
7777-UNYHB,0.06813579177586696
7278-CKDNC,0.6002157914680107
8450-UYIBU,0.30147851310186363
2969-VAPYH,0.017296165987644222
7181-OQCUT,0.5836961318840744
8474-UMLNT,0.14084193314730126
3836-FZSDJ,0.0028403421020677254
9142-XMYJH,0.037220874913687606
0187-QSXOE,0.7517353839561267
7733-UDMTP,0.5287204950087684
2649-HWLYB,0.08814995156363287
5214-CHIWJ,0.011848558564226395
6904-JLBGY,0.007046438300240356
2465-BLLEU,0.49630990098414185
1685-VAYJF,0.1826494616082834
8874-EJNSR,0.0020817152786389887
6917-YACBP,0.13267269667057352
5049-MUBWG,0.09120267951792344
4223-WOZCM,0.5004671428635629
0769-MURVM,0.0010321772598564736
9253-VIFJQ,0.10560666979544801
7030-FZTFM,0.0012878876763816722
9741-YLNTD,0.7455882317374507
5917-RYRMG,0.015581439416600057
5120-ZBLAI,0.09021005287709033
1194-BHJYC,0.008283407233877792
0906-QVPMS,0.0246482492034034
1905-OEILC,0.30763459442720237
7858-GTZSP,0.7893864280589596
6248-BSHKG,0.0028604476686992474
4685-TFLLS,0.01266917725181519
3470-BTGQO,0.08944900502702452
1209-VFFOC,0.0006916206241940158
8224-DWCKX,0.558464358086278
4553-DVPZG,0.5340335107870906
6917-IAYHD,0.29262450540823776
8620-RJPZN,0.4508758585494485
7572-KPVKK,0.018183381554456212
2642-MAWLJ,0.00120864055956966
7103-ZGVNT,0.009908322436057045
2027-WKXMW,0.2844030717371615
7137-NAXML,0.01912289281152104
2428-ZMCTB,0.09752398905646753
2961-VNFKL,0.00417328776879928
1768-HNVGJ,0.16062490242750987
6963-KQYQB,0.0003421920444170779
5934-RMPOV,0.2992716245569873
1207-BLKSA,0.003013722924327882
8316-BBQAY,0.02735576819051869
1166-PQLGG,0.001379627099364729
3146-JTQHR,0.05485117265614765
4291-YZODP,0.009847764223836748
4395-PZMSN,0.6569114449207191
6427-FEFIG,0.004180876871440585
0017-IUDMW,0.0009926217257614678
8706-HRADD,0.21713027916718552
9955-QOPOY,0.058014236157093585
4385-ZKVNW,0.05381395021000048
5446-DKWYW,0.0034388040527311733
9031-ZVQPT,0.1815941987528097
2990-IAJSV,0.002546994117913662
8107-KNCIM,0.7131268056710748
9027-YFHQJ,0.1348546490066736
5176-LDKUH,0.061648992135292645
4644-OBGFZ,0.007708257299269264
7926-IJOOU,0.1682923265360123
6480-YAGIY,0.20316907995893532
4029-HPFVY,0.5619325509901039
7602-DBTOU,0.010503332932824645
5345-BMKWB,0.12228160612384215
5457-COLHT,0.0023209791972835228
5451-YHYPW,0.006884785433772558
7998-WNZEM,0.002948488174462874
4664-NJCMS,0.03545521609791747
0307-BCOPK,0.022729375238208824
7629-WFGLW,0.09002122018654084
2542-HYGIQ,0.354961472517181
5016-LIPDW,0.014258447680622125
6481-LXPWL,0.0038872738504337604
6124-ACRHJ,0.39232003917833286
9362-MWODR,0.047629318355798735
9975-GPKZU,0.0009021690027002244
9625-RZFUK,0.003939187584945768
5153-LXKDT,0.014437026142259142
5161-UBZXI,0.015474830133266575
1020-JPQOW,0.21031134228021328
7919-ZODZZ,0.022165893058095184
0565-JUPYD,0.049598011147443444
6867-ACCZI,0.008295316995807095
5939-XAIXZ,0.2567241530446847
9054-FOWNV,0.16210301044680092
8207-VVMYB,0.004983902924202068
9732-EQMWY,0.563833702112776
5269-NRGDP,0.0051012040605533885
6195-MELTI,0.0474102548120352
2121-JAFOM,0.007071450703532422
8818-DOPVL,0.5314975995550407
1227-UDMZR,0.0018681131581840067
5198-HQAEN,0.004371164968887393
2167-FQSTQ,0.002482125931578919
2819-GWENI,0.0020734780740985434
3572-UUHRS,0.012622586522181557
2692-PFYTJ,0.35145458923240613
5955-EPOAZ,0.0717339327381133
6821-JPCDC,0.30455259486192615
8815-LMFLX,0.050972310585369704
9135-HSWOC,0.005434932402080869
8582-KRHPJ,0.10778277793574002
5811-IWXYM,0.005586476618640424
7044-YAACC,0.6547951274617179
8189-XRIKE,0.44832405367269273
1506-YJTYT,0.0033125253187725346
4123-DVHPH,0.683508842039542
2228-BZDEE,0.03906223649489077
2789-CZANW,0.0029548490106769735
7596-LDUXP,0.1624790765434786
3740-RLMVT,0.03233119378387355
2192-OZITF,0.013897274808898677
5651-CPDND,0.23042960470060098
2186-QZEYA,0.1695709020805269
1131-ALZWV,0.045777006995552066
7729-XBTWX,0.0012689229627550844
9134-WYRVP,0.033786287516336375
3284-SVCRO,0.046152131700326705
9732-OUYRN,0.012706628129317468
0559-CKHUS,0.02152970474941124
2931-SVLTV,0.047367481494980816
7504-UWHNB,0.22461620499009347
2582-FFFZR,0.5853063120375408
8908-NMQTX,0.011597181050779955
1431-AIDJQ,0.0020185575214858487
6288-LBEAR,0.26537803222661877
8413-YNHNV,0.016784905519833422
5808-TOTXO,0.014981790367350128
4369-NYSCF,0.07865284578246674
6333-YDVLT,0.22108665268351876
5324-KTGCG,0.01104224928392707
5599-HVLTW,0.6342959561265594
7394-LWLYN,0.6182769337708347
6873-UDNLD,0.14239528143085922
2700-LUEVA,0.3236884974630181
0958-YHXGP,0.49699167808376876
1101-SSWAG,0.5279175150120006
5743-KHMNA,0.0031526442645405674
4194-FJARJ,0.004736677554772853
5325-UWTWJ,0.14586671285021896
3969-GYXEL,0.32750124772135164
9208-OLGAQ,0.5020034876202447
3244-CQPHU,0.018888770342237144
2674-MLXMN,0.1895938706122643
9708-HPXWZ,0.3571588877722623
6992-TKNYO,0.10934029723639807
4468-YDOVK,0.23368693016455766
5792-JALQC,0.03947156370511261
2200-DSAAL,0.14175593008464685
4302-ZYFEL,0.0002402166175596643
9351-LZYGF,0.1891947021578214
4366-CTOUZ,0.0383034934251885
1518-OMDIK,0.10893432878584194
6671-NGWON,0.08735177389743592
0595-ITUDF,0.0083542234059184
1955-IBMMB,0.03530668549174809
0096-BXERS,0.46088330940431865
3806-YAZOV,0.08847410478595703
7998-ZLXWN,0.09162571316365602
6253-WRFHY,0.02482356239725288
9133-AYJZG,0.6403449803823313
2675-OTVVJ,0.3652572457417758
8680-CGLTP,0.0653985652457673
8430-TWCBX,0.01582444802508041
5018-GWURO,0.38872041456073236
6741-QRLUP,0.014477919658308691
4737-HOBAX,0.0250859040913231
0537-QYZZN,0.1093191374671121
3340-QBBFM,0.02823580348374684
8200-KLNYW,0.1473823597743742
3372-CDXFJ,0.011624649638651228
4781-ZXYGU,0.3952318931942998
7632-YUTXB,0.002539892826544919
2718-YSKCS,0.0026834786355595095
9896-UYMIE,0.23748202985627462
0853-NWIFK,0.21726808250801238
8212-CRQXP,0.4378163966037209
6980-CDGFC,0.011992741990018926
7691-XVTZH,0.1476646360579698
2520-SGTTA,0.01302426009918005
2277-VWCNI,0.4891366698031081
1088-CNNKB,0.08808883722403026
1930-BZLHI,0.02104479114923619
5868-YTYKS,0.27587719981620695
3525-DVKFN,0.01616373587613623
1482-OXZSY,0.33946424154589794
0377-JBKKT,0.08851929724602531
5778-BVOFB,0.21568471294986905
3373-YZZYM,0.18212290351624502
0228-MAUWC,0.18941918522769796
7663-YJHSN,0.02899676561003508
4915-BFSXL,0.00808274622783532
3086-RUCRN,0.1761005073977923
5215-LNLDJ,0.24288437832234672
7576-JMYWV,0.032382322326905945
0257-KXZGU,0.03871395461729853
1307-ATKGB,0.4028055302615949
3714-XPXBW,0.1755621159541206
1850-AKQEP,0.046873517927213885
2824-DXNKN,0.0010786978668405132
5227-JSCFE,0.018910917276127474
0848-ZGQIJ,0.6325019192128379
3621-CHYVB,0.09198404361901817
8042-RNLKO,0.0028762443124104864
5372-FBKBN,0.026761796847050868
0420-TXVSG,0.02486566349007711
6217-TOWGS,0.26622990802049457
1045-LTCYT,0.09185959811120537
1544-JJMYL,0.03301190864864224
4636-JGAAI,0.3284283264984399
6874-SGLHU,0.2762655481846807
5951-AOFIH,0.1412147276234731
3059-NGMXB,0.05246143475024783
8652-YHIYU,0.024297896060754512
5278-PNYOX,0.026088317010051716
3486-HOOGQ,0.0023997556290106226
5061-PBXFW,0.045870004858464694
8630-FJLIB,0.39400914839617324
3891-NLXJB,0.02030394279211416
4749-OJKQU,0.7199713652599443
0577-WHMEV,0.432533484822999
5453-AXEPF,0.5051190537847355
3639-XJHKQ,0.27704383363319357
3716-LRGXK,0.053883794900342806
2263-SFSQZ,0.0030385531604184817
9950-MTGYX,0.0018268059380154033
3397-AVTKU,0.07458294316412534
4825-FUREZ,0.011707310674212249
2672-OJQZP,0.45849336986393957
3134-DSHVC,0.03553739902600132
7821-DPRQE,0.453647227231552
2001-EWBQU,0.13176883978732537
1608-GMEWB,0.5076196666222225
6695-AMZUF,0.020379436726112157
8410-BGQXN,0.0758560501398459
1619-YWUBB,0.003418028923274101
7611-YKYTC,0.05023008555649687
0365-GXEZS,0.3406080323364733
0082-OQIQY,0.41779010840655756
3606-SBKRY,0.17918713391463398
0667-NSRGI,0.0916666755641381
6893-ODYYE,0.036273782849893535
8242-JSVBO,0.3054480812702484
9541-ZPSEA,0.00706861385912583
2665-NPTGL,0.731865974015407
1139-WUOAH,0.014837527255259017
4693-VWVBO,0.16035699978409834
6937-GCDGQ,0.01984856463759629
0988-JRWWP,0.6174549732723639
5075-JSDKI,0.016176470169814054
8644-XYTSV,0.2083398345339047
3873-WOSBC,0.0032927495959696193
7465-ZZRVX,0.8174086817646777
7975-JMZNT,0.05899610792508584
7251-XFOIL,0.14189983143305765
4116-IQRFR,0.027022394144588235
8259-DZLIZ,0.003653331955617656
0442-ZXKVS,0.1784644146801158
7853-WNZSY,0.39301429328545456
3120-FAZKD,0.011633936305408283
8606-OEGQZ,0.00839138283593154
0225-ZORZP,0.5338655080072933
9489-JMTTN,0.00024799852196589225
0575-CUQOV,0.20167591399623452
0967-BMLBD,0.011827842659683573
2830-LEWOA,0.0010755811769785578
5006-MXVRN,0.007344567086866666
8327-WKMIE,0.007839128213731153
6917-FIJHC,0.004557761941978194
5329-KRDTM,0.00423800694906507
7797-EJMDP,0.14423429910123198
3530-VWVGU,0.028432387767818396
6368-NWMCE,0.17959071640676208
3633-CDBUW,0.010891427384267204
0707-HOVVN,0.07849053745752015
3956-MGXOG,0.38733602060726147
9274-UARKJ,0.5232700623767195
4077-HWUYD,0.0004994508655640157
0103-CSITQ,0.37150671160793525
8671-KKKOS,0.45555649468700804
7305-ZWMAJ,0.017465769562674042
9518-XXBXE,0.498369939856006
6578-KRMAW,0.21815846303694097
4860-IJUDE,0.3588325999960412
9688-YGXVR,0.24181830528292056
0423-UDIJQ,0.2134654210120163
1945-XISKS,0.015064185405754204
5360-LJCNJ,0.2161975092103382
2607-FBDFF,0.3518796463741219
1100-DDVRV,0.5023518347278447
6728-WYQBC,0.4033046493880401
9029-FEGVJ,0.33429344056964216
7216-KAOID,0.0026287660333260566
6145-NNPNO,0.44001635902898634
5339-TJFEK,0.009346892292589852
2074-GUHPQ,0.17806211608400463
4625-XMOYM,0.0007733926793443477
5827-MWCZK,0.010129139159612824
1385-TQOZW,0.0632100047323504
5914-XRFQB,0.03750104017831632
4329-YPDDQ,0.3691127113829674
4804-NCPET,0.002526203305469433
5944-UGLLK,0.08837091206835275
7787-BNTZM,0.09964854636218974
2252-ISRNH,0.07718342942254836
9415-TPKRV,0.19383537986213928
5322-TEUJK,0.002310664554456834
1866-DIOQZ,0.03987127643411985
8375-KVTHK,0.2956814802823883
2697-NQBPF,0.4020176881038102
3709-OIJEA,0.14171077727205866
1386-ZIKUV,0.06753730997732568
0599-XNYDO,0.3619768868662397
6377-WHAOX,0.4405160061230491
6855-VLGOS,0.001217750420756349
8999-XXGNS,0.0625345478736702
8746-OQQRW,0.1356834848458139
3181-MIZBN,0.15676691138823726
0471-ARVMX,0.20856704358574277
7766-CLTIC,0.18327764318358913
5650-YLIBA,0.5392541261133531
0825-CPPQH,0.0028837552937785406
9084-OAYKL,0.030493631284025782
6122-LJADA,0.0036460500820213087
2400-XIWIO,0.010902597124290696
7524-VRLPL,0.12060565599455882
7569-NMZYQ,0.0024343203746305503
5201-USSQZ,0.30963367961539523
2105-PHWON,0.4179109440289259
1494-EJZDW,0.005294427568361869
4884-TVUQF,0.04000726584689419
8003-EWNDZ,0.2156368937014143
1897-RCFUM,0.0027474941921627107
9256-JTBNZ,0.09043240155141068
2211-RMNHO,0.002503131991830655
2432-TFSMK,0.18589749663363173
4929-ROART,0.13604135032730122
1834-ABKHQ,0.005568728233263368
1741-WTPON,0.00216400347316347
3932-IJWDZ,0.45489618985028163
1240-HCBOH,0.00282153037099373
3594-KADLU,0.37266343897345244
8065-BVEPF,0.24394877495367923
3796-ENZGF,0.014036771514955996
1734-ZMNTZ,0.006052267619159807
2853-CWQFQ,0.3553129961666477
0813-TAXXS,0.05478499288344933
2519-TWKFS,0.007485376249336133
0626-QXNGV,0.0015507812049409791
6723-CEGQI,0.0030130682810838704
4732-RRJZC,0.051018356838925014
9499-XPZXM,0.004780687365430623
4338-EYCER,0.36849152612971564
3007-FDPEA,0.13834253429940216
6350-XFYGW,0.7409957684751386
8513-OLYGY,0.008470661154673393
0311-QYWSS,0.3159949244174114
8705-DWKTI,0.22559837053114493
8755-IWJHN,0.24946536175965625
4480-QQRHC,0.5125722327186734
0929-PECLO,0.19978948485180426
3680-CTHUH,0.11826632137061699
1202-KKGFU,0.248331921787586
6112-KTHFQ,0.07666163199020486
1852-XEMDW,0.11427873897198322
1820-DJFPH,0.0007590002495996581
9426-SXNHE,0.07569859897043944
9068-FHQHD,0.0007425852792835356
1269-FOYWN,0.0012659664607033547
9470-YFUYI,0.02194806558076766
7402-EYFXX,0.6741080526436803
9895-VFOXH,0.4990874680222525
1230-QAJDW,0.3267011023611816
5701-ZIKJE,0.19695253152520564
5032-MIYKT,0.764707219226296
7396-VJUZB,0.26930465630200284
9717-QEBGU,0.6205482634906306
5172-RKOCB,0.024572246850680195
6509-TSGWN,0.019976778543553605
3178-CIFOT,0.027208450497289302
4530-NDRKU,0.004244352260603331
5985-TBABQ,0.0705006854712426
9800-ONTFE,0.07027999317543282
6743-HHQPF,0.3086662828409666
8455-HIRAQ,0.21570677970603133
6616-AALSR,0.00606046701631181
9415-ZNBSX,0.0024452239208945666
4018-KJYUY,0.02365398061960818
3884-UEBXB,0.0012902985562539462
8780-RSYYU,0.052369153098606895
5537-UXXVS,0.06677329009774659
1791-PQHBB,0.25833672662129553
8701-DGLVH,0.010742038789815264
8741-LQOBK,0.09624949823213107
8082-GHXOP,0.08989242673467682
0980-FEXWF,0.0037200086154576847
3011-WQKSZ,0.1055548247957746
8218-FFJDS,0.002053492318360685
1986-PHGZF,0.2545564109312704
9360-OMDZZ,0.6536005981161068
0345-XMMUG,0.2577875203984081
8024-XNAFQ,0.017613077143397497
2988-GBIVW,0.18639954268738346
2832-SCUCO,0.23862278604720158
7036-ZZKBD,0.07586226674944892
0265-PSUAE,0.18836612914358283
0463-TXOAK,0.00464960650518726
0594-UFTUL,0.06356292826463097
9509-MPYOD,0.012131065875405944
9128-CPXKI,0.0985039623367944
0129-KPTWJ,0.215221224468169
5855-EIBDE,0.21526306360768754
5365-LLFYV,0.5215441207883927
5956-YHHRX,0.7360621335913438
6008-NAIXK,0.435428431258633
1928-BXYIV,0.36206715157496494
5760-FXFVO,0.4509049930041572
0961-ZWLVI,0.011634535712638045
5181-OABFK,0.0026890496535250177
4007-NHVHI,0.24099500711175278
7816-VGHTO,0.008400413617803946
5871-DGTXZ,0.01432045851671195
7550-WIQVA,0.008193676315214598
7544-ZVIKX,0.009530628050233636
0016-QLJIS,0.0006952264894428233
7508-DQAKK,0.020481814982944324
5176-OLSKT,0.021094406250253772
9356-AXGMP,0.604618917810408
3556-BVQGL,0.03755150633553101
8979-CAMGB,0.13147980205952292
7581-EBBOU,0.018972404159198184
5073-RZGBK,0.004930160420724217
2192-CKRLV,0.022795784651252215
3154-HMWUU,0.032374258223348794
6119-SPUDB,0.010258038313580797
6522-OIQSX,0.0010717754877421382
7813-ZGGAW,0.33272353440478003
8748-HFWBO,0.00390836984297117
1052-QJIBV,0.0001909916739910324
1319-YLZJG,0.6488528036338731
0723-FDLAY,0.13949487125249474
3050-RLLXC,0.0017874282051151167
9298-WGMRW,0.020632380083131206
3088-LHEFH,0.47472340374310346
6583-KQJLK,0.527750958229858
8544-JNBOX,0.0020272815639435873
6681-ZSEXG,0.03137904752599588
6139-ZZRBQ,0.020350682272284055
6116-RFVHN,0.6725756926399574
8884-FEEWR,0.009949874362523392
3125-RAHBV,0.015022034878826897
0373-AIVNJ,0.10117435873416564
1682-VCOIO,0.011144033419968525
2072-ZVJJX,0.0029755726182174266
8849-AYPTR,0.5451651156277354
9518-IMLHK,0.07158929221455808
3646-ITDGM,0.07646839652322437
3569-VLDHH,0.010409379036546628
8224-KDLKN,0.00040768003934834316
7594-LZNWR,0.21812899077068684
4001-TSBTV,0.01584772568224817
8727-XDPUD,0.039283006400213184
1043-UXOVO,0.03691120848414954
1064-FBXNK,0.025238640446504663
3996-ZNWYK,0.0003175223535471853
2878-DHMIN,0.003261285286950552
7762-ONLJY,0.010825823667198095
5795-BKOYE,0.0018306062111533845
7402-PWYJJ,0.2555474778727167
0018-NYROU,0.660826437000793
7501-VTYLJ,0.24447769599368102
7608-RGIRO,0.0034231159531086736
0480-BIXDE,0.6831290628102072
5895-QSXOD,0.39670898883994704
9814-AOUDH,0.05448879987516564
6175-IRFIT,0.5408158992582272
8760-ZRHKE,0.003484305515957429
1622-HSHSF,0.4352509118670097
6749-UTDVX,0.2536099094208712
5542-DHSXL,0.25991365289902596
9102-OXKFY,0.04231835333814941
5216-WASFJ,0.6777232893367137
7808-DVWEP,0.1960935947599422
2284-VFLKH,0.17492734601380994
0366-NQSHS,0.07114844881629931
3807-BPOMJ,0.22430045796760675
3892-NXAZG,0.0017809020041517274
4948-WBBKL,0.4027782005228375
4182-BGSIQ,0.12956716114321717
0988-AADSA,0.00018470329871896017
9972-NKTFD,0.11355206025148688
3717-LNXKW,0.38556791098641646
5734-EJKXG,0.10090443441817293
2207-RYYRL,0.002759311166919047
6729-FZWSY,0.014103767380260602
9695-IDRZR,0.006260680264958097
8144-DGHXP,0.03293920358900375
7814-LEEVE,0.41430241648541566
8631-WUXGY,0.10859294397524376
5906-DVAPM,0.003186854501173338
6654-QGBZZ,0.39517221575827927
8348-JLBUG,0.057959018372479895
5641-DMBFJ,0.031640855738302824
9200-NLNPD,0.16705621782336014
2664-XJZNO,0.0029404398190939107
3339-EAQNV,0.0331693704340626
0921-OHLVP,0.30189619043388555
8350-NYMVI,0.12787808640145323
1600-DILPE,0.2468702117705081
0536-ESJEP,0.04633412711579022
4654-GGUII,0.11000272502701848
6478-HRRCZ,0.083702434690888
8510-BBWMU,0.014674572798157811
6857-TKDJV,0.0002907671273489436
2360-RDGRO,0.4088095678951039
0584-BJQGZ,0.16867289790149664
1360-XFJMR,0.3065944875212828
5730-RIITO,0.22519563325359326
9058-MJLZC,0.5878027850029325
0902-XKXPN,0.0006293153097949544
5177-RVZNU,0.0021426384308420652
0056-EPFBG,0.00980662808762715
8993-IZEUX,0.41892176250017077
8190-ZTQFB,0.25868299693273933
0931-MHTEM,0.25105994115401126
7515-LODFU,0.001897411208576092
0440-UEDAI,0.061559051613178505
1337-BOZWO,0.016689970657636267
0868-VJRDR,0.10667612491885635
6344-SFJVH,0.17284062050089263
3950-VPYJB,0.001616418603601463
8041-TMEID,0.0883049077597878
7321-ZNSLA,0.004504476102377029
6941-KXRRV,0.3025115881286393
8727-JQFHV,0.006787593197720239
9475-NNDGC,0.30922876809099414
1355-KUSBG,0.21991737775299125
3688-FTHLT,0.3742095128777491
0899-LIIBW,0.5332669287796739
1384-RCUXW,0.44392241410219396
5825-XJOCM,0.008676738229396425
6848-YLDFR,0.0015022977009107757
8125-QPFJD,0.003005617799541385
2320-YKQBO,0.06782577868115419
4973-RLZVI,0.07494750345828523
7869-ZYDST,0.14473527910910367
4501-UYKBC,0.14334594193036446
1215-EXRMO,0.02112467708057994
2305-MRGLV,0.21557086325981117
8404-VIOMB,0.009268832904832578
2359-KLTEK,0.02479103447913763
5304-EFJLP,0.07765091664781004
2673-ZALNP,0.04724062738780974
9184-GALIL,0.006475441843260203
4393-RYCRE,0.3204859281767028
9746-MDMBK,0.007435339473008878
3162-ZJZFU,0.027817953054717588
8404-GFGCZ,0.5133538349591634
8875-AKBYH,0.6227069336887538
0533-UCAAU,0.0658774588718147
1394-SUIUH,0.27063550282641813
3521-MNKLV,0.23184617832621407
2533-TIBIX,0.13054073691954565
5092-STPKP,0.08232442100905411
0114-PEGZZ,0.22657289309827336
3359-DSRKA,0.0065701299180036905
8639-NHQEI,0.0005230377294707779
7161-DFHUF,0.0030600285731963474
3720-DBRWL,0.024218075144889793
8565-WUXZU,0.001023753719649743
4994-OBRSZ,0.005664007774709415
0562-FGDCR,0.00048727826654325807
2436-QBZFP,0.21626678629127608
3420-YJLQT,0.6963819172328107
6040-CGACY,0.10903782853239272
6582-PLFUU,0.0028061660323191015
8242-PDSGJ,0.018882529152351533
0264-CNITK,0.0006302296922587308
0089-IIQKO,0.0749005829837524
7839-NUIAA,0.019760052345646574
6075-QMNRR,0.06479290217850169
5966-EMAZU,0.167658893284227
0440-EKDCF,0.007963953075067523
4774-HHGGS,0.016684871040832373
2055-BFOCC,0.05234597441896371
8180-AKMJV,0.5520859231012956
4298-OYIFC,0.7483551493296825
5566-SOEZD,0.005208166989946628
9842-EFSYY,0.3010456805917732
2272-WUSPA,0.02432873093250084
4584-LBNMK,0.07479583104037275
3898-GUYTS,0.3371816540022789
0930-EHUZA,0.040715526483451524
9975-SKRNR,0.22856322714819743
3703-KBKZP,0.4031459668491451
4973-MGTON,0.005252697784404615
3682-YEUWS,0.07546211511499103
1223-UNPKS,0.0021663877948468854
3446-QDSZF,0.3778306374629075
5117-IFGPS,0.6525290421845212
7379-FNIUJ,0.5524322364937199
1627-AFWVJ,0.012707735899471507
4486-EFAEB,0.0910511498002511
0060-FUALY,0.28255792235039484
6954-OOYZZ,0.2939953620649243
7088-FBAWU,0.06135697226762576
8313-AFGBW,0.05568472050974811
3097-IDVPU,0.08075315909689582
2197-OMWGI,0.002359945595659592
2303-PJYHN,0.2559638391681292
9795-VOWON,0.15766976122858023
1237-WIYYZ,0.10670268006230386
1987-AUELQ,0.002285562067024168
7852-LECYP,0.5595304586980042
4822-LPTYJ,0.16324318069459115
8165-CBKXO,0.0008204073320590747
6527-PZFPV,0.003135560136313948
9593-CVZKR,0.004602282323937665
8595-SIZNC,0.0775668798168358
5236-XMZJY,0.15530593531673825
4827-DPADN,0.0004511141073649623
2694-CIUMO,0.5886236943240681
5846-ABOBJ,0.0033734840658722638
1439-LCGVL,0.021218652381286784
0909-SDHNU,0.12369630698656733
4647-XXZAM,0.1729166027979711
7740-KKCXF,0.17402014849062827
5360-XGYAZ,0.0014570725019460637
3557-HTYWR,0.012788340521524943
8920-NAVAY,0.15924421419728355
1699-TLDLZ,0.004740230592345847
5600-PDUJF,0.18761760043951045
0567-XRHCU,0.0023219608963359305
2067-QYTCF,0.21025372756394234
7407-SUJIZ,0.03575794047228847
9150-KPBJQ,0.012272208671277589
0052-DCKON,0.38258460110221904
3654-ARMGP,0.016666746776125042
9699-UBQFS,0.4535424218026237
9367-TCUYN,0.14074659919016844
1261-FWTTE,0.5186353288342146
3528-HFRIQ,0.4577917811287112
0708-SJDIS,0.08472353724217084
2073-QBVBI,0.13656026085449335
6928-ONTRW,0.00020037914176795945
3320-VEOYC,0.7879501589631956
5231-FIQPA,0.007196835245902244
6617-WLBQC,0.006078243695298401
2599-CIPQE,0.006910632969067985
8774-GSBUN,0.0028719010755484374
7326-RIGQZ,0.21524770796129447
1401-FTHFQ,0.0025618129762383607
0254-FNMCI,0.03369937210946522
1848-LBZHY,0.22455725107103439
8118-TJAFG,0.1878241219136196
5429-LWCMV,0.7590156045563825
7298-IZWLY,0.43828525302431054
9758-MFWGD,0.013922702338480503
3955-JBZZM,0.3681325164523411
4815-TUMEQ,0.027408983290084555
9909-IDLEK,0.05447972391268485
4092-OFQZS,0.026043089247110716
1561-BWHIN,0.005853826045452344
9927-DSWDF,0.6755142761516628
9500-LTVBP,0.2127455212395061
7252-NTGSS,0.4888961063858422
8149-AIQCG,0.42767534716396116
1360-JYXKQ,0.24578319645893326
0899-WZRSD,0.30573446233821716
3255-GRXMG,0.1018382333148944
4828-FAZPK,0.13349561631512044
6094-ZIVKX,0.013695276312177289
6925-BAYGL,0.053575229456769444
3262-EIDHV,0.00022180186584018662
7354-OIJLX,0.6713549296010992
1376-HHBDV,0.05073141789315174
6133-OZILE,0.3351917436372453
4135-FRWKJ,0.005436730807713828
6551-ZCOTS,0.05781707396205025
7191-ADRGF,0.13979533167439664
5018-LXQQG,0.021411537996226516
6892-BOGQE,0.0035001718044698417
1746-TGTWV,0.75405918175733
5995-SNNEW,0.6993370708361345
8050-WYBND,0.028514010467607584
2821-WARNZ,0.001803961745147198
4879-GZLFH,0.03262716892647932
8314-HTWVE,0.0062031412934267
9402-ROUMJ,0.004435187751008798
2507-QZPQS,0.28130281241400384
7159-NOKYQ,0.13813026758844907
5707-ZMDJP,0.0015065247772804494
8779-YIQQA,0.004462413590589317
7136-IHZJA,0.019135669059818224
8966-OIQHG,0.005047620281622724
7074-STDCN,0.15574677559802055
8739-QOTTN,0.16268122195397444
1399-OUPJN,0.004592094056647381
0277-BKSQP,0.27077453723404094
5774-XZTQC,0.043203036258038154
2676-SSLTO,0.04256322794397362
6266-QHOJZ,0.041537508975394107
7269-JISCY,0.046247267429530343
0363-SVHYR,0.0008999729216687854
8547-NSBBO,0.07429969330771782
6591-QGOYB,0.3739083250516348
9070-BCKQP,0.011253026514483407
6421-SZVEM,0.005523300319101798
1328-EUZHC,0.025047009663414187
8878-RYUKI,0.25134000103014237
9633-DENPU,0.3014786048179684
7811-JIVPF,0.18242447933206912
7113-HIPFI,0.001123045922107405
8541-QVFKM,0.6860589855391532
9258-CNWAC,0.002533052299528266
5371-VYLSX,0.2492039019786802
6374-AFWOX,0.022847634529201282
5317-FLPJF,0.00962678545837274
7621-VPNET,0.3720899392829405
6034-YMTOB,0.4851983081980304
4903-CNOZC,0.06631864557268309
4353-HYOJD,0.05309026450936494
7267-FRMJW,0.0014450213898317683
4188-FRABG,0.44533722182261065
4128-ETESU,0.5460728885960243
0620-DLSLK,0.5513344118316486
3850-OKINF,0.004275532491073796
1156-ZFYDO,0.45631492178543265
3295-YVUSR,0.6872673554435796
8016-NCFVO,0.25206640795008634
4119-ZYPZY,0.23435171203262986
5549-ZGHFB,0.001951843770510803
7577-SWIFR,0.8801682772807013
0303-WMMRN,0.0707826944346535
6408-OTUBZ,0.06721017997710159
5204-HMGYF,0.0025379270860703225
1078-TDCRN,0.6479103573537456
3727-OVPRY,0.0004871422230998115
3797-FKOGQ,0.23843269071294848
7622-NXQZR,0.15678352452103464
6196-HBOBZ,0.08439876444779719
3970-XGJDU,0.013918293747603214
7017-VFULY,0.23674838617340802
5562-YJQGT,0.11004836182629424
8807-OPMBM,0.0042636911118701755
5439-WIKXB,0.37896427748919564
8294-UIMBA,0.24714735062377888
8109-YUOHE,0.06812268231226001
5840-NVDCG,0.007845306833980374
8092-NLTGF,0.001929656256222433
5928-QLDHB,0.6713549296010992
9840-EFJQB,0.7274402092654819
0696-UKTOX,0.103330790108455
4801-KFYKL,0.06546514470335194
3472-OAOOR,0.11399406635401135
6135-OZQVA,0.36263376744338455
2252-JHJGE,0.2910135952331122
4188-PCPIG,0.027640850232408344
7105-BENQF,0.012324876859227606
7721-DVEKZ,0.33532934571729717
3566-VVORZ,0.25946654164595423
9507-HSMMZ,0.05181953496452789
2480-SQIOB,0.3412537324010724
7813-TKCVO,0.031797247441614454
0128-MKWSG,0.11907908536506426
4350-ZTLPI,0.34372144884202643
0361-HJRDX,0.028686855156626945
5727-MYATE,0.00034182629160829365
3823-KYNQY,0.07109022998941482
7570-WELNY,0.06827574880148672
3021-VLNRJ,0.0044564907941054815
2080-CAZNM,0.5517225112082507
1028-FFNJK,0.5677066908101039
6907-FLBER,0.5528816598248033
3001-UNBTL,0.12492996465208744
5982-PSMKW,0.0036428530995671
3507-GASNP,0.004170708117904512
7096-ZNBZI,0.0011326455845345768
1676-MQAOA,0.01145916896652436
0786-IVLAW,0.1655474256108218
7566-DSRLQ,0.07840365475642605
7245-JMTTQ,0.22496437746772174
6050-IJRHS,0.005693894713681779
6202-JVYEU,0.07427942821728357
8591-TKMZH,0.002575206180727809
0734-OXWBT,0.24344091920615557
4282-ACRXS,0.27846382321786395
0365-TRTPY,0.14976197301543254
7349-ALMUX,0.03446208722641723
6502-KUGLL,0.1184701554417141
1841-YSJGV,0.024572246850680195
3511-BFTJW,0.0010317427565354285
7668-XCFYV,0.627057520259066
5018-HEKFO,0.13021317801712673
2923-ARZLG,0.03749047422184102
3976-NLDEZ,0.38637009567302183
2282-YGNOR,0.03052811825750773
5336-UFNZP,0.0022542102369787365
6854-EXGSF,0.1463443769343437
1241-EZFMJ,0.018118348306559052
9233-PSYHO,0.28628109560577775
5376-PCKNB,0.0022455817162454826
8044-BGWPI,0.12196897703811074
4060-LDNLU,0.7762607126798937
3589-PPVKW,0.2898907859296467
5887-IKKYO,0.00170246478525552
1755-RMCXH,0.08869088112735526
3858-XHYJO,0.5163789971813029
4299-SIMNS,0.5742860512128691
7025-IWFHT,0.09360317489230845
6261-LHRTG,0.1864016836486448
7841-FCRQD,0.09061242712467836
2056-EVGZL,0.004963198239717493
8777-MBMTS,0.046106267676029086
7753-USQYQ,0.05613880265465507
7661-CPURM,0.1039332876426217
6233-HXJMX,0.37341689923336757
5902-WBLSE,0.00016817514930810004
3239-TPHPZ,0.04098985141501252
5115-GZDEL,0.0009921171686473789
3338-CVVEH,0.731898668319723
2615-YVMYX,0.268722342304688
2851-STERV,0.21487852354214484
4393-GEADV,0.010708669734936395
8486-AYEQH,0.4352375992945927
5419-JKZNQ,0.3649717645911588
2495-KZNFB,0.2857160651854616
1409-PHXTF,0.2342650161636111
4560-WQAQW,0.04067062734682423
9591-YVTEB,0.3420853273659222
9309-BZGNT,0.00909033020745983
4274-DRSQT,0.1764194230787249
2027-DNKIV,0.0042774451768131105
8075-GXIUB,0.06799072531351937
2885-HIJDH,0.0032329246667761
5424-RLQLC,0.18955930212173328
6507-DTJZV,0.08023737463840573
7673-BQGKU,0.0006152221417552522
6723-WSNTY,0.1757932890457617
2725-IWWBA,0.003781100896863452
1061-PNTHC,0.009470191668845754
0394-YONDK,0.0002846433058993378
6574-MCOEH,0.009395154009440243
7399-QHBJS,0.00030699509838693983
0997-YTLNY,0.09445798197077962
9479-HYNYL,0.0035790242264968903
9708-KFDBY,0.3159669547505691
3642-GKTCT,0.04115625429896296
0774-RMNUW,0.0025502938513990844
1334-PDUKM,0.1438606932053231
0756-MPZRL,0.014054067940715984
2242-MFOTG,0.04611528931391694
2927-CVULT,0.010777897091786559
2144-BFDSO,0.3726302071129022
8745-PVESG,0.020328110697704554
7647-GYYKX,0.00619338469981534
5647-FXOTP,0.38595962692411123
9700-ISPUP,0.1645105318833804
9839-ETQOE,0.18475482791822564
6078-VESFR,0.4644351988459323
9027-TMATR,0.05979562321144684
1941-HOSAM,0.4872689555452805
9110-HSGTV,0.034534556352673405
0704-VCUMB,0.011348593944200977
6171-ZTVYB,0.13047731534052548
1935-IMVBB,0.34247694381795074
2535-PBCGC,0.05385338258672812
1470-PSXNM,0.013885540589773896
2498-XLDZR,0.0032440540117022213
9866-OCCKE,0.03192036994772978
5338-YHWYT,0.006077707076980254
7718-UPSKJ,0.18949856567486487
8731-WBBMB,0.1434701961961756
1448-CYWKC,0.008952844233940093
7901-IIDQV,0.03675819583280636
2690-DVRVK,0.013990522557093168
1270-XKUCC,0.00237739733095769
0334-ZFJSR,0.03742446410423138
5583-EJXRD,0.00432977217056577
4565-EVZMJ,0.029248280052249855
3327-YBAKM,0.052807161455405253
9441-QHEVC,0.22856322714819743
6705-LNMDD,0.11381868437120912
2580-ASVVY,0.059611402085486195
3370-GQEAL,0.04317313531508523
5032-USPKF,0.12364896651332223
4254-QPEDE,0.049001742113172264
6283-GITPX,0.0015951474211665635
0771-CHWSK,0.07346991582621536
9788-HNGUT,0.013000111599111134
9495-REDIY,0.017052067383986517
5375-XLDOF,0.01353262334923464
1172-VIYBP,0.003644046967764585
6559-PDZLR,0.549834831950416
8992-OBVDG,0.10955589540977895
4273-MBHYA,0.6499894617972773
4724-WXVWF,0.3674687340265693
5701-GUXDC,0.12232905261715583
1460-UZPRJ,0.02787133052806006
6082-GLJIX,0.05773508392736141
2495-TTHBQ,0.005415543729570938
0485-ZBSLN,0.0006115956206783902
3810-PJUHR,0.00037238124029419624
0847-HGRML,0.003626881397096169
8232-CTLKO,0.0010907217032732005
9227-YBAXE,0.0017303427750678508
9860-LISIZ,0.03204135271737803
0112-QAWRZ,0.14495616059962582
2786-GCDPI,0.5100857032661726
4043-MKDTV,0.13549539117521264
9229-RQABD,0.05950893226037934
8313-KTIHG,0.31858224602284363
5320-BRKGK,0.0010160092583507093
6284-KMNUF,0.3256838284115661
6229-UOLQL,0.0016039144161317837
3137-LUPIX,0.30227942805338026
6143-JQKEA,0.2518720961219791
8676-OOQEJ,0.36288287711645384
9701-CDXHR,0.27422993604085655
8124-NZVGJ,0.22903454807295065
2162-FRZAA,0.002426777469298565
5118-MUEYH,0.49166919148971683
5627-TVBPP,0.0017727546118774602
3936-QQFLL,0.1539343453738369
2589-AYCRP,0.019989941900771475
4067-HLYQI,0.43040823758176705
5124-EOGYE,0.008231235566819014
5057-RKGLH,0.00343750866987816
0292-WEGCH,0.049177142022238836
8910-ICHIU,0.06824032239933736
4097-YODCF,0.007043971157939434
9715-WZCLW,0.0028346013336949436
9786-YWNHU,0.0009931475377014636
6407-GSJNL,0.012772886839774449
4049-ZPALD,0.04588924031181739
3733-UOCWF,0.06564227215333579
6833-JMZYP,0.5712002442102359
1310-QRITU,0.42749894904149655
8961-QDZZJ,0.0037493020807364834
9715-SBVSU,0.006947572939444673
8490-BXHEO,0.4240327311264916
7173-TETGO,0.003028159402145424
7929-SKFGK,0.16630816734073833
2300-RQGOI,0.005965506780413267
3563-SVYLG,0.0028820172637766474
6435-VWCCY,0.03881160892049438
4998-IKFSE,0.37725495476964604
8630-QSGXK,0.03509679938083196
2455-USLMV,0.2387594318379919
9488-FVZCC,0.0003211590286152957
5995-WWKKG,0.028531323420433047
7879-CGSFV,0.13863520232592672
9921-EZKBY,0.04482224635965937
7432-FFVAR,0.0035988377659674324
7246-ZGQDF,0.3851744175046812
4456-RHSNB,0.10489459635341931
2481-SBOYW,0.0034715436922369888
7109-MFBYV,0.10764519480816977
1833-TCXKK,0.6668581000889642
1832-PEUTS,0.002206737817369151
8660-BUETV,0.3774699864369302
0580-PIQHM,0.008082956497862946
5696-CEIQJ,0.004897796646877381
1696-HXOWK,0.008821992262426921
3026-ATZYV,0.007208061641058138
4012-YCFAI,0.007921133704579194
9970-QBCDA,0.09653253650086877
9496-IVVRP,0.1111502219287155
2657-VPXTA,0.20137239192938894
6551-VLJMV,0.008149012242504389
1221-GHZEP,0.005565372703177654
9289-LBQVU,0.1212286557587847
3458-IDMFK,0.011945082566517547
6933-FHBZC,0.06200641080197073
0221-NAUXK,0.011419636798979301
9770-KXGQU,0.06877712396479789
6538-POCHL,0.3974302449069243
6726-NNFWD,0.003168634083107921
3002-WQZWT,0.4547159128123828
4277-UDIEF,0.027717973048625416
1208-NBVFH,0.21570671064877106
4912-PIGUY,0.9112524726060975
2725-TTRIQ,0.0004511141073649623
3374-TTZTK,0.2979522379858804
8990-ZXLSU,0.4334049497748973
2275-RBYQS,0.596918370965638
4419-UJMUS,0.006411210360243816
7794-JASDG,0.44491650473414884
7609-YBPXG,0.03485950233265903
5519-TEEUH,0.003259598926161842
7856-GANIL,0.20121492381792302
0804-XBFBV,0.16301224991349159
2676-OXPPQ,0.15852016373122102
3703-TTEPD,0.12870310737096705
2799-TSLAG,0.0016012784587477785
2208-NKVVH,0.00494019459952474
7139-JZFVG,0.0022797478334684596
4987-GQWPO,0.16639056481377057
1757-TCATG,0.0020450317567315603
4776-XSKYQ,0.012754074173345372
8048-DSDFQ,0.3215971822570575
5753-QQWPW,0.0785883766521161
6010-DDPPW,0.003099578950768688
6693-FRIRW,0.2556574221287907
6586-MYGKD,0.16004997122957104
3173-NVMPX,0.13627588863879908
0248-PGHBZ,0.035989558733256564
0623-GDISB,0.46336370659075904
2892-GESUL,0.002384348966205803
7472-EQOAV,0.000539043452866846
2043-WVTQJ,0.41892474047818684
8034-RYTVV,0.0396722528406716
3863-QSTYI,0.0833793756759863
5044-LRQAQ,0.6183341720179898
1716-LSAMB,0.004162939128946048
1333-PBMXB,0.009618597626141397
6546-OPBBH,0.00418581439654554
5985-BEHZK,0.029182217492906698
9127-QRZMH,0.06539281277513076
5919-VCZYM,0.13761690117310643
9644-KVCNC,0.18395096982101652
2137-DQMEV,0.0013129184169072526
8174-LNWMW,0.017427685897114457
9279-CJEOJ,0.6253738366075935
7964-VEXDG,0.14033844952386348
2404-JIBFC,0.0014177553059143157
8029-XYPWT,0.054134213749136954
4632-PAOYU,0.0029099090469797604
2990-OGYTD,0.04467627507498928
6646-JPPHA,0.3447498070819117
7658-UYUQS,0.3440466167588743
7880-XSOJX,0.22876057524187166
4589-IUAJB,0.003324251756135256
8746-BFOAJ,0.0228146121332713
8457-XIGKN,0.0626514420989165
6072-NUQCB,0.00403065917641462
8838-GPHZP,0.010431872568507626
8750-QWZAJ,0.000794405491260368
6918-UMQCG,0.5783142033623557
0675-NCDYU,0.0009926217257614678
6339-DKLMK,0.4007643100847939
1346-PJWTK,0.05567335211776865
5088-QZLRL,0.450113322475915
8023-QHAIO,0.25432005182215417
4397-FRLTA,0.12372685175818916
3057-VJJQE,0.013889857731453794
2302-OUZXB,0.008148901910922176
8133-ANHHJ,0.13037801235881344
2270-CHBFN,0.2162742312060208
5982-FPVQN,0.06618712608491976
9107-UKCKY,0.19483578534019758
4654-ULTTN,0.15468458861495263
5546-BYZSM,0.021526850859516063
1492-KGETH,0.008541919285861014
4163-HFTUK,0.02293552366282467
8215-NGSPE,0.0006541552957538728
8859-YSTWS,0.013191267173394207
7601-DHFWZ,0.04340331749107563
1998-VHJHK,0.011648534186361066
1707-HABPF,0.07929813576119253
0487-VVUVK,0.02625173959639187
5063-IUOKK,0.02722955064472849
4508-OEBEY,0.11734163585957727
0027-KWYKW,0.09072620088837856
2308-STERM,0.1625236751116741
5982-XMDEX,0.006710856678379715
6051-PTVNS,0.002906019965482588
2877-VDUER,0.0037615184695850594
9152-AMKAK,0.023275010379065496
9432-VOFYX,0.41753543291034356
8049-WJCLQ,0.10018798130391134
6586-PSJOX,0.012316770739918976
9705-ZJBCG,0.0176901271890319
6847-KJLTS,0.33275456446147905
9670-BPNXF,0.06010743365372263
3913-FCUUW,0.0004471454515622741
3301-VKTGC,0.006001798095178224
9555-SAHUZ,0.07917149972579213
0816-TSPHQ,0.11585410764011311
9932-WBWIK,0.07473021494564727
4619-EVPHY,0.32217447884248346
5286-YHCVC,0.1843944512752254
9115-YQHGA,0.11459510746987125
4462-CYWMH,0.17528650664622622
8963-MQVYN,0.0696804091730357
2458-EOMRE,0.14998672371772373
9334-GWGOW,0.7777934914028044
6542-LWGXJ,0.5496831486343581
5567-GZKQY,0.02567084140903964
1222-LRYKO,0.13112850185983158
2087-QAREY,0.3367083621932757
4423-JWZJN,0.002201364577054728
6490-FGZAT,0.058905923300887224
7452-FOLON,0.003834627832527175
2320-TZRRH,0.022254894914845197
4942-VZZOM,0.07940195479789003
7502-BNYGS,0.301818692848882
4291-HYEBC,0.01936299011238952
6147-CBCRA,0.09046582259163363
6047-SUHPR,0.017718047554683067
9752-ZNQUT,0.6652645074683663
1576-PFZIW,0.23347605665142832
5666-MBJPT,0.007343563759844906
7312-XSBAT,0.42263396840317896
3096-GKWEB,0.6681126076302704
2371-JQHZZ,0.6856163568888011
0674-GCDXG,0.027970523697080453
1121-QSIVB,0.005941639690893624
4396-KLSEH,0.22744120732725265
2824-MYYBN,0.06875696811739906
6345-HOVES,0.16612291685036146
8318-LCNBW,0.11735739599495763
6469-QJKZW,0.23430856482838264
0147-ESWWR,0.5866412743916317
1217-VASWC,0.3874788701102965
6370-ZVHDV,0.01931022286938445
5915-DGNVC,0.1289579986688727
6260-XLACS,0.03153832853320837
3566-CAAYU,0.003976420904101922
4983-CCWMC,0.5368420455076176
9103-CXVOK,0.385140272655897
2896-TBNBE,0.206886817006593
2522-WLNSF,0.041271083913019334
3841-CONLJ,0.708052935464441
4475-NVTLU,0.0019514642505622738
9386-LDCZR,0.029438317819783667
9585-KKMFD,0.0008723274384487246
5399-ZIMKF,0.5230738567541103
0336-KXKFK,0.005943723135578382
5619-XZZKR,0.04126033755571277
3948-FVVRP,0.11047153523826586
5327-XOKKY,0.020307430379469565
0983-TATYJ,0.04747153870309402
1813-JYWTO,0.0018904824760220475
6719-OXYBR,0.39155107713543597
3312-ZWLGF,0.5242863433184125
6476-YHMGA,0.06444172175269486
0795-XCCTE,0.0032160389351568244
0168-XZKBB,0.6765305876140844
3785-NRHYR,0.33811977241885327
4537-DKTAL,0.4779403245357476
7072-MBHEV,0.18985034096221517
5602-BVFMK,0.02153869126614196
6297-NOOPG,0.20010294540674156
8204-TIFGJ,0.06227046478504697
8050-DVOJX,0.02396483988909043
8903-XEBGX,0.42175425480544765
8169-SAEJD,0.04101698397667272
1089-XZWHH,0.0031254805151841925
2325-WINES,0.24158456165417463
6064-ZATLR,0.023939413893268636
7824-PANSQ,0.14369655362070796
9648-BCHKM,0.00903632459257386
2888-ADFAO,0.004614055750848502
8707-HOEDG,0.014405724572742869
4072-IPYLT,0.027250481153101257
7167-PCEYD,0.005581495742988817
4936-YPJNK,0.14471119763139556
1580-BMCMR,0.31587183835136645
4817-KEQSP,0.0011869342091499271
6408-WHTEF,0.00048409198081350374
9251-AWQGT,0.0006074676035229892
8749-CLJXC,0.3981623138178196
7989-VCQOH,0.06927530278167893
4199-QHJNM,0.11196985279941879
8882-TLVRW,0.000886546720160989
5135-GRQJV,0.020743457131775438
2384-OVPSA,0.007885932073152281
1371-WEPDS,0.1878610435955904
3580-GICBM,0.004136093112664309
9730-DRTMJ,0.055352084991480116
4686-UXDML,0.6881271219242674
3349-ANQNH,0.3073429720934258
0932-YIXYU,0.007588347766155524
7480-SPLEF,0.00048578902934324055
7636-XUHWW,0.15913098907567264
1431-CYWMH,0.02589398997846254
5937-EORGB,0.6477891759572713
6349-JDHQP,0.027724217507202633
5539-HIVAK,0.16901721755849156
5847-MXBEO,0.015702354963170413
4583-PARNH,0.3213326410075261
1116-FRYVH,0.003311941056430382
1421-HCERK,0.31645780356525166
9633-XQABV,0.5843386750269873
0716-BQNDX,0.05362484129709786
1183-CANVH,0.059081540272377074
1972-XMUWV,0.015069989358879939
8679-LZBMD,0.22445798998981592
3407-JMJQQ,0.00887134358745663
6252-DFGTK,0.0993652883719261
1539-LNKHM,0.058101436307331625
8645-KOMJQ,0.0032138479761098467
0289-IVARM,0.10180361069169615
9761-XUJWD,0.17543838665031178
4057-FKCZK,0.002128413646641078
4291-TPNFG,0.0014147577680031374
6087-YPWHO,0.0033221820890910565
3090-QFUVD,0.28470610455364126
1722-LDZJS,0.005351093770239007
1818-ESQMW,0.35593729154816833
7401-RUBNK,0.4144402984522584
0506-YLVKJ,0.0008370958625684126
8661-BOYNW,0.001847991354876458
4815-GBTCD,0.5618395628376984
2805-AUFQN,0.013022515759647605
0980-PVMRC,0.08405686009154165
7233-DRTRF,0.39153342551136905
3873-NFTGI,0.2996945456670341
1162-ECVII,0.12087786246721029
7048-GXDAY,0.46490060657343674
8571-ZCMCX,0.0055506932212409515
1169-WCVAK,0.25015844966582623
7129-CAKJW,0.20405884860638024
8695-ARGXZ,0.5650288929585617
3570-YUEKJ,0.22025371891673337
1555-HAPSU,0.0004359306878581455
1697-NVVGY,0.1293812889331498
8464-EETCQ,0.031174514445447662
2419-FSORS,0.22541701485431428
8132-YPVBX,0.6633758684430713
6754-LZUKA,0.02391076746179326
8099-MZPUJ,0.00883312672021389
0787-LHDYT,0.06084731030254313
0374-IOEGQ,0.4205057821846826
3197-NNYNB,0.10555128981704301
3396-DKDEL,0.007749296120570794
1752-OZXFY,0.01624645405083338
9066-QRSDU,0.009328961168239587
9112-WSNPU,0.41224852117657174
9867-NNXLC,0.06430655678416515
5321-NTRKC,0.0037936550100650807
3161-GETRM,0.042925906848625635
0402-OAMEN,0.00047696562388829
6933-VLYFX,0.00418989854792407
6754-WKSHP,0.009898546061328785
4976-LNFVV,0.2846861570121624
5055-MGMGF,0.46710094799093177
4641-FROLU,0.001579001938269127
2862-JVEOY,0.015363109348474532
2969-QWUBZ,0.4956175439798051
9822-BIIGN,0.03893861432505819
2077-MPJQO,0.7606692411684934
1534-OULXE,0.0024910356988227292
2971-SGAFL,0.3969461354095134
1480-IVEVR,0.13503592334519288
2905-KFQUV,0.654068979579539
3370-HXOPH,0.6298634250110663
9391-YZEJW,0.17808157807511618
9958-MEKUC,0.0007677976191931225
0281-CNTZX,0.018831067859579716
4118-CEVPF,0.11959808511032245
9114-VEPUF,0.09282139564086828
7876-BEUTG,0.337040173113857
2338-BQEZT,0.05781114964384492
9873-MNDKV,0.2412547430733414
8241-JUIQO,0.07894825791515783
2194-IIQOF,0.007230600333735091
9631-RXVJM,0.016745459852116423
9584-EXCDZ,0.36315644265467606
5093-FEGLU,0.020557913298697227
2621-UDNLU,0.17319423574922918
7526-IVLYU,0.15544382889437564
2428-HYUNX,0.013501225711495986
9214-EKVXR,0.5672536199445396
3410-MHHUM,0.006009196011937245
2122-YWVYA,0.3232485541166497
2296-DKZFP,0.0480789159013777
8909-BOLNL,0.07055720284154492
6603-YRDCJ,0.017458280412596203
3229-USWAR,0.11342482448365876
2138-VFAPZ,0.004940949214297713
6131-JLWZM,0.07995320343971883
0269-XFESX,0.0066358951827354224
1709-EJDOX,0.001042033358256505
4316-XCSLJ,0.09329465955253828
9693-XMUOB,0.609216901791789
0383-CLDDA,0.03474236127095625
2709-UQGNP,0.19469588636961133
3549-ZTMNH,0.008596222693104132
8033-ATFAS,0.06930189908515576
1635-NZATJ,0.0036588100722495603
0562-HKHML,0.00046439480109835304
8277-RVRSV,0.007732762746392101
9943-VSZUV,0.26376995286653276
7054-ENNGU,0.24977778431556577
1455-HFBXA,0.061841674381913576
9402-CXWPL,0.1322346682924183
1628-BIZYP,0.882773171311774
0082-LDZUE,0.574824168974936
5343-SGUBI,0.07441087435940101
0856-NAOES,0.20395598219903976
1976-AZZPJ,0.28597486703107305
6156-UZDLF,0.06335807160402393
3099-OONVS,0.1075068992205629
9500-WBGRP,0.009577492749949106
5183-KLYEM,0.008310230311368776
5144-PQCDZ,0.1513608958001502
8514-VZHEB,0.014177933424993332
6625-IUTTT,0.012015371644603765
9355-NPPFS,0.43681187633976337
0068-FIGTF,0.09792689831031474
5965-GGPRW,0.004327101371321547
8035-PWSEV,0.623172170489684
2236-HILPA,0.0009895640111211288
1840-BIUOG,0.14370862310479163
1356-MKYSK,0.15300422250187615
6080-LNESI,0.014811831665140558
1830-IPXVJ,0.0014709639031592705
5828-DWPIL,0.07596026335893677
8398-TBIYD,0.002037407340006386
2931-FSOHN,0.3937935651485102
9418-RUKPH,0.000848495243470517
9971-ZWPBF,0.04081779837324649
4712-AUQZO,0.20219841750224263
9711-FJTBX,0.001542268038641941
2908-ZTPNF,0.15345890042746
8421-WZOOW,0.002437939577282642
1414-YADCW,0.052575527737295985
8756-RDDLT,0.05542217555852567
2862-PFNIK,0.5225363203701445
5816-QVHRX,0.3693920142974861
4430-YHXGG,0.14366681733554043
6888-SBYAI,0.43848021774933077
7395-XWZOY,0.26661310786220105
7169-YWAMK,0.0011180844491744915
6859-RKMZJ,0.36696924426705363
2729-VNVAP,0.0018929324118822529
2957-JIRMN,0.11142489734982583
2049-BAFNW,0.4430103319418368
3842-QTGDL,0.3033955523247651
7163-OCEQI,0.007574176009078651
9782-LGXMC,0.042953683704063515
5975-BAICR,0.003840296599253889
4673-KKSLS,0.20736346828620114
4853-OITSN,0.6504210243891709
9800-OUIGR,0.00019890367419583734
2324-EFHVG,0.16341958189753875
7094-MSZAO,0.04978189408144706
6907-CQGPN,0.16284757968712618
0780-XNZFN,0.05524260240547262
0239-OXEXL,0.10093897829812117
2675-IJRGJ,0.07483911060267641
7049-GKVZY,0.14796255654561316
8577-QSOCG,0.0008483246610354326
3721-CNZHX,0.049978704725337525
0212-ISBBF,0.4696563987892096
3585-YNADK,0.03784669951754559
5271-DBYSJ,0.46487678805659033
1099-GODLO,0.00878462494114736
6828-HMKWP,0.005788442824576118
1472-TNCWL,0.04436979384508132
2080-GKCWQ,0.45490119755313624
2193-SFWQW,0.0025413766258822455
5656-JAMLX,0.02311770609641582
3462-BJQQA,0.7999352631628156
0442-TDYUO,0.015285204622601294
6733-LRIZX,0.1713102630319021
9503-XJUME,0.0016821963148299962
4367-NHWMM,0.5856032452461891
3779-OSWCF,0.00714494438362824
6736-DHUQI,0.006289680377977871
3915-ODIYG,0.07471566082840991
1360-RCYRT,0.0823199685475935
2724-FJDYW,0.006633368439522148
4451-RWASJ,0.007419398542993617
3460-TJBWI,0.005363632151723483
5917-HBSDW,0.02634484924454545
5671-UUNXD,0.2826037332349971
0956-ACVZC,0.12430292054474827
2325-NBPZG,0.4634462741641653
4482-FTFFX,0.27932812645638727
8859-DZTGQ,0.014888482318458357
0440-MOGPM,0.22111468348380378
0020-JDNXP,0.0026671325656761743
3752-CQSJI,0.02742968711462508
5025-GOOKI,0.06348382067311674
4698-KVLLG,0.009184314891623082
2887-JPYLU,0.03540763024419601
4770-QAZXN,0.0817576881562569
4896-CPRPF,0.0029205049169903335
9714-EDSUC,0.46234861980148767
0282-NVSJS,0.09988110815661813
7353-YOWFP,0.028244910644504385
8008-ESFLK,0.3732750484736509
7537-CBQUZ,0.15304658912252847
3363-EWLGO,0.1210079983056362
4750-UKWJK,0.04893535960295649
1689-YQBYY,0.37777682894347503
4487-ZYJZK,0.002994000517330012
2959-FENLU,0.6480515796806914
0708-LGSMF,0.37940947356048166
7634-HLQJR,0.0006129729871334712
0487-RPVUM,0.187112640939504
4079-ULGFR,0.13820035458152932
2516-XSJKX,0.006713560518447437
0057-QBUQH,0.01159592764065801
6599-SFQVE,0.44905040214119457
8331-ZXFOE,0.027932863384149208
4003-FUSHP,0.1497536168151235
0356-ERHVT,0.32932764049566393
7325-ENZFI,0.056919634373417204
4884-ZTHVF,0.6755845227339752
3920-HIHMQ,0.0336310018488757
3055-OYMSE,0.14274568327701878
0613-WUXUM,0.0011874524345392217
4458-KVRBJ,0.014479507620462666
1397-XKKWR,0.11010152503324554
8097-OMULG,0.001503151059150855
6013-BHCAW,0.0015364340450038344
0401-WDBXM,0.00761040372942128
3387-PLKUI,0.03331459200356871
6096-EGVTU,0.0008939977307080484
5081-NWSUP,0.12048005066096305
2580-ATZSQ,0.0035214440346951186
8085-MSNLK,0.0342896090604452
9691-HKOVS,0.062075849522083316
9881-VCZEP,0.20300145534821035
8757-TFHHJ,0.3978891702188495
1468-DEFNC,0.0015339717909214395
5119-KEPFY,0.4481869957034246
0916-KNFAJ,0.016563856234343057
8319-QBEHW,0.015001805104152185
9625-QNLUX,0.00644610300056918
4024-CSNBY,0.0023780060353424002
7110-BDTWG,0.043902725001433315
7493-GVFIO,0.011009780217191742
0690-SRQID,0.124008089846183
9605-WGJVW,0.848632159396017
9114-DPSIA,0.0001183052882798067
4700-UBQMV,0.008882229899451538
7711-GQBZC,0.00033053763257888
4627-MIHJH,0.20418870955855042
9795-NREXC,0.023468424110912718
8573-CGOCC,0.11555871870813933
7356-AYNJP,0.1027976531489059
6286-SUUWT,0.3981623138178196
4819-HJPIW,0.2018508481119522
8654-DHAOW,0.4096899095905472
5438-QMDDL,0.3013199643719354
9812-GHVRI,0.3098657676414295
5553-AOINX,0.00649693318841281
1228-ZLNBX,0.2116987766507678
4226-KKDON,0.22151482052755536
3831-YCPUO,0.001488717101689509
7445-WMRBW,0.04033366600443839
3308-DGHKL,0.0055955955707441205
9924-JPRMC,0.03910054581531521
0080-EMYVY,0.10226283810597267
6218-KNUBD,0.19828552577065273
7337-CINUD,0.005103849851433554
7609-NRNCA,0.031793365923539166
0623-EJQEG,0.11133625492348262
7153-CHRBV,0.0015427808105407854
6198-PNNSZ,0.38885368396444675
3317-VLGQT,0.7394663021425427
4132-POCZS,0.2412049593108911
5614-DNZCE,0.011257232681906978
3896-RCYYE,0.027388022541525264
9638-JIQYA,0.4831655546673529
3258-SANFR,0.26375822127416604
3726-TBHQT,0.007144893865118055
3190-ITQXP,0.000768338924747279
4833-QTJNO,0.38025589614339006
3039-MJSLN,0.0938269002404925
0178-CIIKR,0.17951552566565124
5774-QPLTF,0.0008542649926545044
2322-VCZHZ,0.32528225614504114
5010-IPEAQ,0.0018340667047482152
6383-ZTSIW,0.21067059146876604
8990-YOZLV,0.009125477241190682
3069-SSVSN,0.20309872937122922
5222-IMUKT,0.43853611643236284
6685-XSHHU,0.004001356150107281
8901-UPRHR,0.009973546826271662
0118-JPNOY,0.30242206643117475
3845-FXCYS,0.2125180582555909
5857-XRECV,0.009496102900745401
0725-CXOTM,0.060517190304780075
4343-EJVQB,0.3615230489139237
9000-PLFUZ,0.03482491031154471
3427-GGZZI,0.6339619395227984
7779-ORAEL,0.03941699508180866
0644-OQMDK,0.5601754171815265
3154-CFSZG,0.04123270992483869
2220-IAHLS,0.2583823918097827
1658-XUHBX,0.013846296275244559
2378-HTWFW,0.16359056350549372
4377-VDHYI,0.0032725750155938897
3719-TDVQB,0.06354325647316386
0201-MIBOL,0.08281182670528994
4937-QPZPO,0.008813642850464709
2925-VDZHY,0.000237332994616471
6981-TDRFT,0.007546864897031986
3413-CSSTH,0.13472433284064445
8033-VCZGH,0.5690551571285923
0224-NIJLP,0.006113137813674356
7542-CYDDM,0.0985607071056435
4718-WXBGI,0.00024230544893062245
8495-PRWFH,0.20375284086302506
0439-IFYUN,0.4232216509105445
5716-LIBJC,0.036890110341549875
2868-LLSKM,0.00594903584027138
2988-QRAJY,0.2189716318683256
0071-NDAFP,0.005701976376738433
7328-ZJAJO,0.0022847835395707543
6458-CYIDZ,0.28282824866673906
1090-PYKCI,0.005639984353436615
3058-WQDRE,0.2991414861132703
2279-AXJJK,0.31891656265505486
0909-SELIE,0.017417433999075624
3417-TSCIC,0.09308371223103001
1042-HFUCW,0.015523059631855223
6537-OTKMY,0.4517285627304763
8999-EXMNO,0.0022761017542484254
6725-TPKJO,0.0065629478761127305
7162-WPHPM,0.0032088339690619604
1599-MMYRQ,0.0018363614621449854
8821-KVZKQ,0.002338158473821515
6434-TTGJP,0.00613982060126251
0042-JVWOJ,0.023889474554394705
0130-SXOUN,0.3055006696182465
2330-PQGDQ,0.005759215098124232
1452-UZOSF,0.0028071354507954427
2097-YVPKN,0.005291505215360057
8597-CTXVJ,0.0036687800753617654
6631-HMANX,0.004218054027691886
9962-BFPDU,0.32989564249537257
6394-HHHZM,0.1275740048748933
5995-LFTLE,0.03152636985842805
1932-UEDCX,0.5609181422524755
5188-HGMLP,0.27348088655267555
0665-XHDJU,0.04179123312916603
8265-HKSOW,0.00090461666659934
3544-FBCAS,0.0003337352411562161
5331-RGMTT,0.6505265978557855
4759-PXTAN,0.1698057776661345
7054-DMVAS,0.02485887817033692
3428-MMGUB,0.0882327916906652
6549-BTYPG,0.009504683728148383
7823-JSOAG,0.6438091161378792
3705-RHRFR,0.08919055082961806
9374-YOLBJ,0.20761147020365497
9074-KGVOX,0.04394524885948188
6128-DAFVY,0.19332896707917657
9933-QRGTX,0.03266167245285699
4476-OSWTN,0.2975499889676744
5066-GFJMM,0.25383273388376054
2661-GKBTK,0.0009865823016916681
0458-HEUZG,0.028224892206754133
7268-WNTCP,0.002085146088240314
0824-VWDPO,0.09845363196173564
8409-WQJUX,0.10966144677374698
2578-JQPHZ,0.06614136062163571
3278-FSIXX,0.5783453514933778
9746-UGFAC,0.022762723455747133
2946-KIQSP,0.1967908843796662
0625-AFOHS,0.0013848111953356347
6726-WEXXK,0.1231202171721886
4636-OLWOE,0.015021575683695743
4685-ERGHK,0.22861193518319464
0885-HMGPY,0.019008905249149072
5003-OKNNK,0.0076238284484553024
7208-PSIHR,0.2534715254853412
4012-ZTHBR,0.1932057005422446
0489-WMEMG,0.029563840468143802
7435-ZNUYY,0.02055940710352141
1354-YZFNB,0.0036250765708597207
2985-FMWYF,0.6543967936686419
2812-ENYMO,0.10322144065207649
2717-HVIZY,0.08920645617784542
3422-GALYP,0.8273185756876352
2890-WFBHU,0.0647986611081273
0327-WFZSY,0.010206668258593978
7977-HXJKU,0.0028809959679951327
7033-CLAMM,0.0014377016873217347
4023-RTIQM,0.12091870953080505
0864-FVJNJ,0.0027280036642348955
7356-IWLFW,0.03356676007237393
9541-PWTWO,0.028585234551101797
3967-VQOGC,0.0003639593856864471
7872-RDDLZ,0.038879027224276205
6308-CQRBU,0.1162944139796724
0186-CAERR,0.13222584945494226
3043-SUDUA,0.04867349943088205
5442-BHQNG,0.5527718279866558
2169-RRLFW,0.002884022981661801
5872-OEQNH,0.05527751233101466
3162-KKZXO,0.3557381974523299
8873-GLDMH,0.6820765811992288
5696-JVVQY,0.00578543508445094
8946-BFWSG,0.000723387169014464
0547-HURJB,0.051059416359804724
8904-OPDCK,0.3223688288160011
8845-LWKGE,0.0061304398684717985
0691-NIKRI,0.41484318658311026
5022-JNQEQ,0.17278076011112747
3249-VHRIP,0.02716980180730547
3736-BLEPA,0.1127622461734027
4701-LKOZD,0.035084458828428436
6603-QWSPR,0.06061431249045176
9921-QFQUL,0.41314453736091744
1929-ZCBHE,0.007959323336023836
4378-MYPGO,0.011673143691968474
4129-LYCOI,0.015627983095090142
7798-JVXYM,0.3008737043873738
8647-SDTWQ,0.017637366242967623
2696-ECXKC,0.002543136355986526
2081-KJSQF,0.3944430393759525
3323-CPBWR,0.35985584682356414
3384-CTMSF,0.733995095303584
0902-RFHOF,0.008151073013676277
6048-QBXKL,0.5394524323835055
7718-RXDGG,0.5603588576405626
1025-FALIX,0.22540090540602434
3451-VAWLI,0.002081876576148269
3407-QGWLG,0.16032285023145856
2347-WKKAE,0.4112129630781808
8735-DCXNF,0.2038322567515206
3214-IYUUQ,0.05261434759560102
1936-UAFEH,0.13299386928221324
3587-PMCOY,0.7230170879287338
1027-LKKQQ,0.0003924099681316166
7148-XZPHA,0.011605320071384014
5309-TAIKL,0.14734300728730218
6856-RAURS,0.7111761829092768
8778-LMWTJ,0.4767644104206727
9717-IOAAF,0.008723392570299034
2845-KDHVX,0.01975929124267463
0848-SOMKO,0.022762869230449567
6734-FQAJX,0.1713321029226167
1535-VTJOQ,0.03223728219776629
6368-TZZDT,0.002713808968688806
0943-ZQPXH,0.03581346323126967
1293-BSEUN,0.0005434450868078131
1302-TPUBN,0.009776398018221444
2378-VTKDH,0.4094570620427049
0927-CNGRH,0.2437214427892942
8608-OZTLB,0.011554619205974932
2335-GSODA,0.006093201343638925
1952-DVVSW,0.08735064406933395
6656-GULJQ,0.00032542627634337247
9853-JFZDU,0.17907043126150543
3777-XROBG,0.003870679250124872
6994-FGRHH,0.00861540040943728
4000-VGMQP,0.005403413253724464
3999-WRNGR,0.05683109947057552
3466-RITXD,0.44494302096804206
2680-XKKNJ,0.061285230850468116
2974-GGUXS,0.43920058931323896
7994-XIRTR,0.07535479489612845
2101-RANCD,0.3461571058184109
7921-BEPCI,0.005444220849498362
8510-TMWYB,0.009911497387392597
3258-ZKPAI,0.004362511080166455
1428-IEDPR,0.3031567536633499
5298-GSTLM,0.1821182718178105
4450-YOOHP,0.22207898831178144
6728-CZFEI,0.11491415714975417
3653-NCRDJ,0.0023726748771131503
6121-TNHBO,0.018579023331705434
5119-NZPTV,0.6169481183385229
6519-ZHPXP,0.0046257605383802445
3472-QPRCH,0.0019634434461982273
8224-UAXBZ,0.18071577618491366
9610-WCESF,0.020139309157952003
2486-WYVVE,0.26116270700973726
3865-ZYKAD,0.2792528556346232
1422-DGUBX,0.30648447467649376
2999-AANRQ,0.037223711564036
8668-KNZTI,0.05177155670740604
0480-KYJVA,0.00018895207486253567
9746-YKGXB,0.005775498463931391
3926-YZVVX,0.028980085965622605
6000-UKLWI,0.006029699617035753
6332-FBZRI,0.003433868216259476
2096-XOTMO,0.03525728217061627
3266-FTKHB,0.014897582120668294
8221-EQDGL,0.08131381827551484
2346-LOCWC,0.0015716433074566074
0298-XACET,0.0031843194785072223
7560-QJAVJ,0.04725612959531131
2995-YWTCD,0.007103522546558689
9137-UIYPG,0.04523152595254527
2809-ZMYOQ,0.5635799728300026
5084-OOVCJ,0.11785695039032573
0254-WWRKD,0.0009172066159703582
7727-SHVZV,0.1098658489176449
5339-PXDVH,0.5583064995234727
2205-LPVGL,0.0017380049618235555
8782-NUUOL,0.03796197508919919
7601-WFVZV,0.3103021513331157
4609-KNNWG,0.0012727430521916481
4868-AADLV,0.007590167110000277
9529-OFXHY,0.39386349867746345
2669-QVCRG,0.2524063962441948
2478-EEWWM,0.6852501958578442
9174-IHETN,0.002591879387869135
2233-TXSIU,0.02243025661866638
9644-UMGQA,0.32104003276781473
3256-EZDBI,0.19435450077898547
0419-YAAPX,0.32691628345117696
0872-CASZJ,0.05161659062235894
4726-DLWQN,0.08418668317987489
8164-OCKUJ,0.0034494777521190604
3094-JOJAI,0.20249413581054052
9494-MRNYX,0.4631959112703517
2599-CZABP,0.19871800855662752
7945-PRBVF,0.018463517608946507
4544-RXFMG,0.022865925060435686
0859-YGKFW,0.011583128971918167
1150-FTQGN,0.0017155813227397337
7196-LIWRH,0.013329948612973496
5448-VWNAM,0.10560383726459983
1177-XZBJL,0.005536096328775444
3518-FSTWG,0.05006390734165864
9330-VOFSZ,0.055338179287997176
0939-EREMR,0.1222811243067038
9389-ACWBI,0.18871699981627488
3644-QXEHN,0.15231201869999994
2911-IJORQ,0.07342834860194755
5921-NGYRH,0.1451410441817433
5998-DZLYR,0.027951945186761536
3985-HOYPM,0.015148842785801434
9548-LERKT,0.01982889406526243
6576-FBXOJ,0.34475189534757855
4310-KEDTB,0.11889322714217682
4062-HBMOS,0.6198007394580769
2676-ISHSF,0.30002273648341826
9236-NDUCW,0.03954744055422155
4753-PADAS,0.4309398366593832
6103-QCKFX,0.03647614299380416
7781-EWARA,0.0048790332670544155
7018-FPXHH,0.0026033857570246046
0572-ZJKLT,0.0036829689087075246
5135-RDDQL,0.0025766764667695626
1353-LJWEM,0.21109398631734747
1794-SWWKL,0.1041031292553247
6166-YIPFO,0.02364658138533337
9332-GYWLO,0.27094161674295664
4184-VODJZ,0.002878925679167142
1092-WPIVQ,0.004777788400794968
7233-IOQNP,0.17090684396810632
2834-JKOOW,0.09589419198953619
2400-FEQME,0.004358760069967339
4957-SREEC,0.00022534408553046286
0230-UBYPQ,0.04242639657705583
4923-ADWXJ,0.11042777665168643
1763-KUAAW,0.03627098446678574
1104-TNLZA,0.6143986210114822
5195-KPUNQ,0.05995402343136874
3439-GVUSX,0.5423423474822029
5949-HGVJL,0.20762793060020088
5203-XEHAX,0.0504120396094808
1635-HDGFT,0.0023517207787865867
8050-XGRVL,0.004022415171463148
9828-QHFBK,0.15635384822197612
3908-MKIMJ,0.023225591735968717
5012-YSPJJ,0.036239771022128366
6728-VOIFY,0.2662233289289923
4891-NLUBA,0.0008772474387433412
8969-PRHFK,0.02215832062737315
0661-KQHNK,0.006233744652059062
8709-KRDVL,0.6571478391101614
1427-VERSM,0.32416970910168624
9801-NOSHQ,0.002866846094826363
6339-YPSAH,0.5539198529839032
2159-TURXX,0.07710979069984769
1548-FEHVL,0.2619190985953479
3795-CAWEX,0.012362017417952733
6215-NQCPY,0.7751121347235075
5647-URDKA,0.005269762730672664
2229-DPMBI,0.0043416498885635426
9626-WEQRM,0.3045928386891623
2188-SXWVT,0.026168387096296226
6258-PVZWJ,0.05653455495201968
1094-BKOSX,0.0062296667735688045
6969-MVBAI,0.8472772244619804
2978-XXSOG,0.11592406921395328
2342-CKIAO,0.10926297103648462
6953-PBDIN,0.10215595630612669
3898-BSJYF,0.02195444849213963
3938-YFPXD,0.002091904732269127
7696-AMHOD,0.002221751464849637
2453-SAFNS,0.029105458269414294
9558-IHEZX,0.05082678470245767
9617-UDPEU,0.0225906205341508
6340-DACFT,0.0016387920043840233
4955-VCWBI,0.0010393916002640843
6813-GZQCG,0.007806944239556046
7426-GSWPO,0.16233879942287013
3389-KTRXV,0.005656473288003704
3118-UHVVQ,0.0028431119916384464
3205-MXZRA,0.028834033554565576
8317-BVKSO,0.18437560350935797
5702-KVQRD,0.013800206196090037
0083-PIVIK,0.07315145992022132
6169-PGNCD,0.019046615267704035
4909-JOUPP,0.020576839682261212
4657-FWVFY,0.03884210378267484
2257-BOVXD,0.2182021048479712
7729-JTEEC,0.4163703221147526
9696-RMYBA,0.646486855096151
8690-UPCZI,0.0028254504629136664
9770-LXDBK,0.09113203379707772
4086-WITJG,0.0006182984057291906
8344-WFMFH,0.17707279830945097
8822-KNBHV,0.06319755735648866
8404-FYDIB,0.26210678305157725
2791-SFVEW,0.1639489164824142
6762-NSODU,0.0016659334886536023
9888-ZCUMM,0.0016576866267567917
1074-WVEVG,0.05254849701725407
9979-RGMZT,0.44440525940444664
6437-UDQJM,0.002447040569715668
1226-IENZN,0.4422548835052649
2108-GLPQB,0.08591865268676487
5474-LAMUQ,0.02204571831378675
3468-DRVQJ,0.03791924618477783
1122-YJBCS,0.031023956236581808
4990-ALDGW,0.05042109873298797
4816-OKWNX,0.005152846499512767
3315-IKYZQ,0.004046271416634468
4747-LCAQL,0.12799329172099885
3411-WLRSQ,0.6240224419377601
0898-XCGTF,0.22137220191464446
8006-PYCSW,0.16261309221036774
8249-THVEC,0.002942971383149462
8722-PRFDV,0.0012730616844229719
2164-SOQXL,0.0295364928655048
4020-KIUDI,0.08179415363219017
5850-BDWCY,0.08159281400106891
2038-YSEZE,0.08308706217761781
0827-ITJPH,0.011781498235276487
8799-OXZMD,0.2675516320890796
1705-GUHPV,0.005250654157369491
4779-ZGICK,0.00563818213634592
0048-PIHNL,0.010961730271572115
3967-KXAPS,0.0010700182924390997
3704-IEAXF,0.0011355862228163264
6810-VCAEX,0.053746343765951096
0674-EYYZV,0.7243164664286631
4480-MBMLB,0.20456700063127714
1395-OFUWC,0.0826303392778498
0822-QGCXA,0.2379517115136379
2832-KJCRD,0.4991341997295815
3588-WSTTJ,0.5472537225056641
4075-WKNIU,0.015234754382487907
5090-EMGTC,0.03760631638171235
2346-CZYIL,0.009189992160896525
3798-EPWRR,0.5208226105254724
6258-NGCNG,0.1764818069507601
4186-ZBUEW,0.16720878735215047
5274-XHAKY,0.020984450879575914
1442-BQPVU,0.19652986079865403
3978-YNKDD,0.0025203447006485243
4940-KHCWD,0.026575415587206067
9589-ABEPT,0.0511800572239371
9388-ZEYVT,0.04068443138994691
0305-SQECB,0.01568200518483811
7605-SNLQG,0.11689596217363737
4670-TABXH,0.05572228421529441
0064-SUDOG,0.0032434469714657994
8561-NMTBD,0.0056661284300975135
5161-XEUVX,0.059125783352032515
8292-FRFZQ,0.06285665547990199
8591-NXRCV,0.132812398413152
7895-VONWT,0.3081401761796739
4526-RMTLL,0.005232838716639141
6253-GNHWH,0.0003789990568073963
4566-NECEV,0.6062416892039801
8080-POTJR,0.10995706448854722
6906-MPARY,0.07906153897947564
3662-FXJFO,0.033363639926012885
8107-RZLNV,0.19154991973533134
0516-OOHAR,0.007307185726745117
2027-CWDNU,0.055729583011659325
9912-OMZDS,0.008754138052732112
3733-ZEECP,0.12695281744440767
7878-RTCZG,0.39517221575827927
2452-MRMZF,0.0021790909989780984
7103-IPXPJ,0.36199537503391077
4342-HFXWS,0.003951401683923871
3545-CNWRG,0.08279061732196501
1785-BPHTP,0.042688268511215
4989-LIXVT,0.3292351426579974
7315-WYOAW,0.4368974038013542
1173-XZPYF,0.7315801660924194
2509-TFPJU,0.0010466273369469053
9530-GRMJG,0.004778743326994493
6898-RBTLU,0.001707946726789383
5481-NTDOH,0.22424813915523806
2068-WWXQZ,0.008884251935559499
2061-VVFST,0.12562462122439744
0749-IRGQE,0.49936236195153977
2380-DAMQP,0.016818806222881125
2256-YLYLP,0.003671902338900537
1272-ILHFG,0.006311682614723969
0164-XAIRP,0.016738085374037672
5666-CYCYZ,0.5475419759181952
4011-ARPHK,0.045181564383494556
6365-HITVU,0.000879319862890337
7558-IMLMT,0.0006406673037620585
9488-FYQAU,0.10487176813509433
3590-TCXTB,0.30002273648341826
6994-KERXL,0.4247568613313649
1960-UOTYM,0.005435140828116327
2740-JFBOK,0.23800610150759108
6500-JVEGC,0.09340012889373625
5245-VDBUR,0.03753308622894217
8469-SNFFH,0.10285473014391491
2144-ESWKO,0.04348417162262344
1241-FPMOF,0.03725959963401107
9928-BZVLZ,0.02272893612487041
4114-QMKVN,0.0026787506368551456
2775-SEFEE,0.0077261364315790795
9003-CPATH,0.32113420837021134
1754-GKYPY,0.5176133330554283
7956-XQWGU,0.05080420231368855
1591-MQJTP,0.1756990006041371
2369-FEVNO,0.4992969158898999
7471-MQPOS,0.0011791643295125777
5115-SQAAU,0.000472615040297936
9845-QOMAD,0.007727935633472333
7672-VFMXZ,0.15936342440982532
9739-JLPQJ,0.0006117709422653418
9916-AYHTC,0.004503810119958447
3855-ONCAR,0.29468455778474334
1488-SYSFC,0.02939485302940584
0970-QXPXW,0.33532934571729717
3259-KNMRR,0.07107089504755398
6120-RJKLU,0.027879414769009195
9572-WUKSB,0.5871482475571983
5893-KCLGT,0.000996532117769796
0076-LVEPS,0.09087035930256332
3640-JQGJG,0.07827791276380097
1596-OQSPS,0.1717181014717126
9867-XOBQA,0.012046257859854354
9546-KDTRB,0.10490153919862653
3174-RKMOW,0.03961049668423872
1760-CAZHT,0.021665524838090887
8441-SHIPE,0.0031735915031055194
1320-GVNHT,0.002953486645331305
1047-RNXZV,0.016589402990244383
3541-ZNUHK,0.014618864504289276
8725-JEDFD,0.21117169981486897
7562-UXTPG,0.43135913173175416
8071-SBTRN,0.09325196437003631
6668-CNMFP,0.01481915343223194
5626-MGTUK,0.34817390249306873
5681-LLOEI,0.0036105667519751856
8212-DJRCH,0.25433605605062265
4323-OHFOW,0.19584839873152837
4933-BSAIP,0.013601330883976892
2030-BTZRO,0.0028853900909143956
1116-DXXDF,0.07745974267800085
6563-VNPMN,0.09485057014753275
2267-WTPYD,0.24427819982464138
0270-THENM,0.0004597773835531052
4707-MAXGU,0.0010466273369469053
2710-WYVXG,0.02926421003404372
6300-BWMJX,0.30657329586130827
7009-LGECI,0.24146331526082468
5022-KVDQT,0.48839344987785244
7976-CICYS,0.05844808194029661
1036-GUDCL,0.008822830683975486
2005-DWQZJ,0.002831617058319817
8148-WOCMK,0.002940531557917828
7815-PDTHL,0.008422641030326628
9173-IVZVP,0.008446340051934148
9129-UXERG,0.5027259003089659
3635-JBPSG,0.045166815131180545
7964-ZRKKG,0.2939078839554658
6229-LSCKB,0.6933581283030492
1724-IQWNM,0.23233226984193506
8217-QYOHV,0.17886461387894056
5546-QUERU,0.03671694652804915
6897-UUBNU,0.2477226231185158
6127-IYJOZ,0.6631267648873864
8930-XOTDP,0.14257244413170078
5916-QEWPT,0.46418214623769877
5060-TQUQN,0.03603203770989238
0531-XBKMM,0.001766265361920568
8465-SBRXP,0.004534977500527493
2408-PSJVE,0.04035807064207822
9700-ZCLOT,0.17388812290339423
8738-JOKAR,0.07480812016331154
4534-WGCIR,0.0015931390440390273
1930-WNXSB,0.015646529860150367
3508-CFVZL,0.013958794516881217
0657-DOGUM,0.04889829458795059
8792-AOROI,0.029934194938557025
5146-YYFRZ,0.005960540613790997
3452-SRFEG,0.25449813854398634
4070-OKWVH,0.32260972026796686
5297-MDOIR,0.027552929344127702
6369-MCAKO,0.0031902255105770833
4926-UMJZD,0.10312522207733389
6848-HJTXY,0.013079426215281555
6341-AEVKX,0.12440537733023874
0682-USIXD,0.5028279554537365
6976-BWGLQ,0.00042778970795531257
7078-NVFAM,0.12967765413201437
8065-QBYTO,0.007998269156064646
2133-TSRRM,0.0489967825158515
2511-ALLCS,0.0025177323885271522
3191-CSNMG,0.30225668627074675
7952-OBOYL,0.633318065006607
7470-DYNOE,0.1016191809255195
7853-OETYL,0.48914141862561983
1545-ACTAS,0.006539981909911273
5126-RCXYW,0.001935896430732766
2363-BJLSL,0.043285755624544016
1956-YIFGE,0.02647695822279528
7921-LMDFQ,0.19248129177975642
2925-MXLSX,0.06971268292503134
5820-PTRYM,0.03198996300653844
9609-BENEA,0.16915285930881735
6211-WHMYA,0.27696787418327196
4459-BBGHE,0.10429294070371246
9945-PSVIP,0.002227688499049721
9108-EJFJP,0.4158052596145344
0530-IJVDB,0.012665377111971254
0508-SQWPL,0.004903111239956232
2215-ZAFGX,0.792361747256301
8213-TAZPM,0.007545647282159421
1304-SEGFY,0.02803885266127877
7242-EDTYC,0.0032630052612489485
2904-GGUAZ,0.00187385511629074
5136-GFPMB,0.2894123003299237
2595-KIWPV,0.001937947285541975
5243-SAOTC,0.3894948723610049
9398-MMQTO,0.39816540074934537
7619-PLRLP,0.11989086335696951
6508-NJYRO,0.033639631752736515
4710-NKCAW,0.12311201241885221
5306-BVTKJ,0.006125996039501705
0357-NVCRI,0.022648686976228415
2371-KFUOG,0.18045494492942185
0463-ZSDNT,0.2337977520265366
6257-DTAYD,0.17253678860377875
4616-ULAOA,0.0044037966314499225
7746-AWNQW,0.15582686855124864
5996-EBTKM,0.001182729272844618
2758-RNWXS,0.07540668501590296
2314-TNDJQ,0.0009809515140535635
2405-LBMUW,0.0025786140192625173
3454-JFUBC,0.0012835273740934901
9039-ZVJDC,0.09150908165758752
9013-AQORL,0.06967099412677803
2898-MRKPI,0.007918059850198146
2750-BJLSB,0.2048345695224693
3648-GZPHF,0.012156531712327438
2075-RMJIK,0.1971211850700855
9588-YRFHY,0.005647048099386187
9364-YKUVW,0.1696193256630497
5392-AKEMH,0.3676980750833798
2451-YMUXS,0.014407549928775127
3914-FDRHP,0.46919232725633686
3078-ZKNTS,0.007277301193092835
1024-KPRBB,0.18261402582037806
4690-PKDQG,0.46200792852651135
9547-ITEFG,0.3771700893959291
1264-FUHCX,0.15530089448855589
7789-CRUVC,0.06019425427071804
6598-KELSS,0.009806842828219104
9972-VAFJJ,0.11717664484497167
0422-UXFAP,0.4422408873987499
1904-WAJAA,0.01059050197615051
5130-YPIRV,0.028078496709793847
2843-CQMEG,0.1900481428913494
6439-PKTRR,0.003095246129048331
5351-QESIO,0.37509583046388034
5568-DMXZS,0.2495470638453019
8468-FZTOE,0.0006201110340801701
6633-SYEUS,0.20288479162641584
6447-GORXK,0.06193692766408634
6967-PEJLL,0.01197374154282649
5981-ZVXOT,0.1885420702582161
1684-FLBGS,0.0275506154160173
1389-WNUIB,0.008258699729941341
0376-OIWME,0.37303171629179455
0218-QNVAS,0.0021729862112936705
0804-YGEQV,0.004060131067886627
7164-BPTUT,0.001271282623315512
2523-EWWZL,0.493000041693889
0928-XUTSN,0.5248430156745464
0052-YNYOT,0.007498048586545358
9586-JGQKH,0.0962078610809064
4501-VCPFK,0.17167207458778103
6075-SLNIL,0.3522590882976244
9347-AERRL,0.013961261521492484
2274-XUATA,0.013210552153971525
6691-CCIHA,0.014288091631228829
1685-BQULA,0.2988153494023016
9053-EJUNL,0.4636236031113615
0666-UXTJO,0.3806031246944595
1471-GIQKQ,0.46328395901577996
4807-IZYOZ,0.011642948680189441
9710-NJERN,0.005705077699132248
9837-FWLCH,0.06785345618835475
7203-OYKCT,0.3414517602133196
1035-IPQPU,0.2588889154745045
7398-LXGYX,0.26502389984441616
2823-LKABH,0.42984296616071976
0550-DCXLH,0.130886666195984
9281-CEDRU,0.01996002757694478
2235-DWLJU,0.6095334515360462
0871-OPBXW,0.20781993792338607
3605-JISKB,0.10729346394014692
9767-FFLEM,0.39189812224635684
8456-QDAVC,0.3679622512662536
7750-EYXWZ,0.14367173091779145
2569-WGERO,0.005417921062899664
6840-RESVB,0.005062479081673443
2234-XADUH,0.0009450254092977304
4801-JZAZL,0.24035720626097573
3186-AJIEK,0.28588129824829533
